2026-02-14 13:27:28.403 [http-nio-8080-exec-4] ERROR com.bit.ai.robot.exception.GlobalExceptionHandler - /chat/completion request error, 
java.io.IOException: 你的主机中的软件中止了一个已建立的连接。
	at java.base/sun.nio.ch.SocketDispatcher.write0(Native Method) ~[?:?]
	at java.base/sun.nio.ch.SocketDispatcher.write(SocketDispatcher.java:54) ~[?:?]
	at java.base/sun.nio.ch.IOUtil.writeFromNativeBuffer(IOUtil.java:137) ~[?:?]
	at java.base/sun.nio.ch.IOUtil.write(IOUtil.java:102) ~[?:?]
	at java.base/sun.nio.ch.IOUtil.write(IOUtil.java:58) ~[?:?]
	at java.base/sun.nio.ch.SocketChannelImpl.write(SocketChannelImpl.java:542) ~[?:?]
	at org.apache.tomcat.util.net.NioChannel.write(NioChannel.java:122) ~[tomcat-embed-core-10.1.40.jar:10.1.40]
	at org.apache.tomcat.util.net.NioEndpoint$NioSocketWrapper.doWrite(NioEndpoint.java:1380) ~[tomcat-embed-core-10.1.40.jar:10.1.40]
	at org.apache.tomcat.util.net.SocketWrapperBase.doWrite(SocketWrapperBase.java:764) ~[tomcat-embed-core-10.1.40.jar:10.1.40]
	at org.apache.tomcat.util.net.SocketWrapperBase.flushBlocking(SocketWrapperBase.java:728) ~[tomcat-embed-core-10.1.40.jar:10.1.40]
	at org.apache.tomcat.util.net.SocketWrapperBase.flush(SocketWrapperBase.java:712) ~[tomcat-embed-core-10.1.40.jar:10.1.40]
	at org.apache.coyote.http11.Http11OutputBuffer$SocketOutputBuffer.flush(Http11OutputBuffer.java:574) ~[tomcat-embed-core-10.1.40.jar:10.1.40]
	at org.apache.coyote.http11.filters.ChunkedOutputFilter.flush(ChunkedOutputFilter.java:156) ~[tomcat-embed-core-10.1.40.jar:10.1.40]
	at org.apache.coyote.http11.Http11OutputBuffer.flush(Http11OutputBuffer.java:216) ~[tomcat-embed-core-10.1.40.jar:10.1.40]
	at org.apache.coyote.http11.Http11Processor.flush(Http11Processor.java:1271) ~[tomcat-embed-core-10.1.40.jar:10.1.40]
	at org.apache.coyote.AbstractProcessor.action(AbstractProcessor.java:408) ~[tomcat-embed-core-10.1.40.jar:10.1.40]
	at org.apache.coyote.Response.action(Response.java:208) ~[tomcat-embed-core-10.1.40.jar:10.1.40]
	at org.apache.catalina.connector.OutputBuffer.doFlush(OutputBuffer.java:300) ~[tomcat-embed-core-10.1.40.jar:10.1.40]
	at org.apache.catalina.connector.OutputBuffer.flush(OutputBuffer.java:266) ~[tomcat-embed-core-10.1.40.jar:10.1.40]
	at org.apache.catalina.connector.CoyoteOutputStream.flush(CoyoteOutputStream.java:133) ~[tomcat-embed-core-10.1.40.jar:10.1.40]
	at org.springframework.web.context.request.async.StandardServletAsyncWebRequest$LifecycleServletOutputStream.flush(StandardServletAsyncWebRequest.java:415) ~[spring-web-6.2.6.jar:6.2.6]
	at java.base/java.io.FilterOutputStream.flush(FilterOutputStream.java:155) ~[?:?]
	at com.fasterxml.jackson.core.json.UTF8JsonGenerator.flush(UTF8JsonGenerator.java:1205) ~[jackson-core-2.18.3.jar:2.18.3]
	at com.fasterxml.jackson.databind.ObjectWriter.writeValue(ObjectWriter.java:1063) ~[jackson-databind-2.18.3.jar:2.18.3]
	at org.springframework.http.converter.json.AbstractJackson2HttpMessageConverter.writeInternal(AbstractJackson2HttpMessageConverter.java:486) ~[spring-web-6.2.6.jar:6.2.6]
	at org.springframework.http.converter.AbstractGenericHttpMessageConverter.writeInternal(AbstractGenericHttpMessageConverter.java:135) ~[spring-web-6.2.6.jar:6.2.6]
	at org.springframework.http.converter.AbstractHttpMessageConverter.write(AbstractHttpMessageConverter.java:235) ~[spring-web-6.2.6.jar:6.2.6]
	at org.springframework.web.servlet.mvc.method.annotation.ResponseBodyEmitterReturnValueHandler$DefaultSseEmitterHandler.sendInternal(ResponseBodyEmitterReturnValueHandler.java:310) ~[spring-webmvc-6.2.6.jar:6.2.6]
	at org.springframework.web.servlet.mvc.method.annotation.ResponseBodyEmitterReturnValueHandler$DefaultSseEmitterHandler.send(ResponseBodyEmitterReturnValueHandler.java:297) ~[spring-webmvc-6.2.6.jar:6.2.6]
	at org.springframework.web.servlet.mvc.method.annotation.ResponseBodyEmitter.sendInternal(ResponseBodyEmitter.java:226) ~[spring-webmvc-6.2.6.jar:6.2.6]
	at org.springframework.web.servlet.mvc.method.annotation.ResponseBodyEmitter.send(ResponseBodyEmitter.java:217) ~[spring-webmvc-6.2.6.jar:6.2.6]
	at org.springframework.web.servlet.mvc.method.annotation.SseEmitter.send(SseEmitter.java:135) ~[spring-webmvc-6.2.6.jar:6.2.6]
	at org.springframework.web.servlet.mvc.method.annotation.SseEmitter.send(SseEmitter.java:118) ~[spring-webmvc-6.2.6.jar:6.2.6]
	at org.springframework.web.servlet.mvc.method.annotation.ReactiveTypeHandler$SseEmitterSubscriber.send(ReactiveTypeHandler.java:440) ~[spring-webmvc-6.2.6.jar:6.2.6]
	at org.springframework.web.servlet.mvc.method.annotation.ReactiveTypeHandler$AbstractEmitterSubscriber.run(ReactiveTypeHandler.java:359) ~[spring-webmvc-6.2.6.jar:6.2.6]
	at io.micrometer.context.ContextSnapshot.lambda$wrap$0(ContextSnapshot.java:91) ~[context-propagation-1.1.3.jar:1.1.3]
	at java.base/java.lang.Thread.run(Thread.java:1583) [?:?]
2026-02-14 13:27:28.407 [http-nio-8080-exec-4] ERROR org.apache.catalina.core.ContainerBase.[Tomcat].[localhost].[/].[dispatcherServlet] - Servlet.service() for servlet [dispatcherServlet] threw exception
java.io.IOException: 你的主机中的软件中止了一个已建立的连接。
	at java.base/sun.nio.ch.SocketDispatcher.write0(Native Method) ~[?:?]
	at java.base/sun.nio.ch.SocketDispatcher.write(SocketDispatcher.java:54) ~[?:?]
	at java.base/sun.nio.ch.IOUtil.writeFromNativeBuffer(IOUtil.java:137) ~[?:?]
	at java.base/sun.nio.ch.IOUtil.write(IOUtil.java:102) ~[?:?]
	at java.base/sun.nio.ch.IOUtil.write(IOUtil.java:58) ~[?:?]
	at java.base/sun.nio.ch.SocketChannelImpl.write(SocketChannelImpl.java:542) ~[?:?]
	at org.apache.tomcat.util.net.NioChannel.write(NioChannel.java:122) ~[tomcat-embed-core-10.1.40.jar:10.1.40]
	at org.apache.tomcat.util.net.NioEndpoint$NioSocketWrapper.doWrite(NioEndpoint.java:1380) ~[tomcat-embed-core-10.1.40.jar:10.1.40]
	at org.apache.tomcat.util.net.SocketWrapperBase.doWrite(SocketWrapperBase.java:764) ~[tomcat-embed-core-10.1.40.jar:10.1.40]
	at org.apache.tomcat.util.net.SocketWrapperBase.flushBlocking(SocketWrapperBase.java:728) ~[tomcat-embed-core-10.1.40.jar:10.1.40]
	at org.apache.tomcat.util.net.SocketWrapperBase.flush(SocketWrapperBase.java:712) ~[tomcat-embed-core-10.1.40.jar:10.1.40]
	at org.apache.coyote.http11.Http11OutputBuffer$SocketOutputBuffer.flush(Http11OutputBuffer.java:574) ~[tomcat-embed-core-10.1.40.jar:10.1.40]
	at org.apache.coyote.http11.filters.ChunkedOutputFilter.flush(ChunkedOutputFilter.java:156) ~[tomcat-embed-core-10.1.40.jar:10.1.40]
	at org.apache.coyote.http11.Http11OutputBuffer.flush(Http11OutputBuffer.java:216) ~[tomcat-embed-core-10.1.40.jar:10.1.40]
	at org.apache.coyote.http11.Http11Processor.flush(Http11Processor.java:1271) ~[tomcat-embed-core-10.1.40.jar:10.1.40]
	at org.apache.coyote.AbstractProcessor.action(AbstractProcessor.java:408) ~[tomcat-embed-core-10.1.40.jar:10.1.40]
	at org.apache.coyote.Response.action(Response.java:208) ~[tomcat-embed-core-10.1.40.jar:10.1.40]
	at org.apache.catalina.connector.OutputBuffer.doFlush(OutputBuffer.java:300) ~[tomcat-embed-core-10.1.40.jar:10.1.40]
	at org.apache.catalina.connector.OutputBuffer.flush(OutputBuffer.java:266) ~[tomcat-embed-core-10.1.40.jar:10.1.40]
	at org.apache.catalina.connector.CoyoteOutputStream.flush(CoyoteOutputStream.java:133) ~[tomcat-embed-core-10.1.40.jar:10.1.40]
	at org.springframework.web.context.request.async.StandardServletAsyncWebRequest$LifecycleServletOutputStream.flush(StandardServletAsyncWebRequest.java:415) ~[spring-web-6.2.6.jar:6.2.6]
	at java.base/java.io.FilterOutputStream.flush(FilterOutputStream.java:155) ~[?:?]
	at com.fasterxml.jackson.core.json.UTF8JsonGenerator.flush(UTF8JsonGenerator.java:1205) ~[jackson-core-2.18.3.jar:2.18.3]
	at com.fasterxml.jackson.databind.ObjectWriter.writeValue(ObjectWriter.java:1063) ~[jackson-databind-2.18.3.jar:2.18.3]
	at org.springframework.http.converter.json.AbstractJackson2HttpMessageConverter.writeInternal(AbstractJackson2HttpMessageConverter.java:486) ~[spring-web-6.2.6.jar:6.2.6]
	at org.springframework.http.converter.AbstractGenericHttpMessageConverter.writeInternal(AbstractGenericHttpMessageConverter.java:135) ~[spring-web-6.2.6.jar:6.2.6]
	at org.springframework.http.converter.AbstractHttpMessageConverter.write(AbstractHttpMessageConverter.java:235) ~[spring-web-6.2.6.jar:6.2.6]
	at org.springframework.web.servlet.mvc.method.annotation.ResponseBodyEmitterReturnValueHandler$DefaultSseEmitterHandler.sendInternal(ResponseBodyEmitterReturnValueHandler.java:310) ~[spring-webmvc-6.2.6.jar:6.2.6]
	at org.springframework.web.servlet.mvc.method.annotation.ResponseBodyEmitterReturnValueHandler$DefaultSseEmitterHandler.send(ResponseBodyEmitterReturnValueHandler.java:297) ~[spring-webmvc-6.2.6.jar:6.2.6]
	at org.springframework.web.servlet.mvc.method.annotation.ResponseBodyEmitter.sendInternal(ResponseBodyEmitter.java:226) ~[spring-webmvc-6.2.6.jar:6.2.6]
	at org.springframework.web.servlet.mvc.method.annotation.ResponseBodyEmitter.send(ResponseBodyEmitter.java:217) ~[spring-webmvc-6.2.6.jar:6.2.6]
	at org.springframework.web.servlet.mvc.method.annotation.SseEmitter.send(SseEmitter.java:135) ~[spring-webmvc-6.2.6.jar:6.2.6]
	at org.springframework.web.servlet.mvc.method.annotation.SseEmitter.send(SseEmitter.java:118) ~[spring-webmvc-6.2.6.jar:6.2.6]
	at org.springframework.web.servlet.mvc.method.annotation.ReactiveTypeHandler$SseEmitterSubscriber.send(ReactiveTypeHandler.java:440) ~[spring-webmvc-6.2.6.jar:6.2.6]
	at org.springframework.web.servlet.mvc.method.annotation.ReactiveTypeHandler$AbstractEmitterSubscriber.run(ReactiveTypeHandler.java:359) ~[spring-webmvc-6.2.6.jar:6.2.6]
	at io.micrometer.context.ContextSnapshot.lambda$wrap$0(ContextSnapshot.java:91) ~[context-propagation-1.1.3.jar:1.1.3]
	at java.base/java.lang.Thread.run(Thread.java:1583) [?:?]
2026-02-14 13:27:28.407 [http-nio-8080-exec-4] ERROR org.apache.catalina.core.ContainerBase.[Tomcat].[localhost].[/].[dispatcherServlet] - Servlet.service() for servlet [dispatcherServlet] in context with path [] threw exception
java.io.IOException: 你的主机中的软件中止了一个已建立的连接。
	at java.base/sun.nio.ch.SocketDispatcher.write0(Native Method) ~[?:?]
	at java.base/sun.nio.ch.SocketDispatcher.write(SocketDispatcher.java:54) ~[?:?]
	at java.base/sun.nio.ch.IOUtil.writeFromNativeBuffer(IOUtil.java:137) ~[?:?]
	at java.base/sun.nio.ch.IOUtil.write(IOUtil.java:102) ~[?:?]
	at java.base/sun.nio.ch.IOUtil.write(IOUtil.java:58) ~[?:?]
	at java.base/sun.nio.ch.SocketChannelImpl.write(SocketChannelImpl.java:542) ~[?:?]
	at org.apache.tomcat.util.net.NioChannel.write(NioChannel.java:122) ~[tomcat-embed-core-10.1.40.jar:10.1.40]
	at org.apache.tomcat.util.net.NioEndpoint$NioSocketWrapper.doWrite(NioEndpoint.java:1380) ~[tomcat-embed-core-10.1.40.jar:10.1.40]
	at org.apache.tomcat.util.net.SocketWrapperBase.doWrite(SocketWrapperBase.java:764) ~[tomcat-embed-core-10.1.40.jar:10.1.40]
	at org.apache.tomcat.util.net.SocketWrapperBase.flushBlocking(SocketWrapperBase.java:728) ~[tomcat-embed-core-10.1.40.jar:10.1.40]
	at org.apache.tomcat.util.net.SocketWrapperBase.flush(SocketWrapperBase.java:712) ~[tomcat-embed-core-10.1.40.jar:10.1.40]
	at org.apache.coyote.http11.Http11OutputBuffer$SocketOutputBuffer.flush(Http11OutputBuffer.java:574) ~[tomcat-embed-core-10.1.40.jar:10.1.40]
	at org.apache.coyote.http11.filters.ChunkedOutputFilter.flush(ChunkedOutputFilter.java:156) ~[tomcat-embed-core-10.1.40.jar:10.1.40]
	at org.apache.coyote.http11.Http11OutputBuffer.flush(Http11OutputBuffer.java:216) ~[tomcat-embed-core-10.1.40.jar:10.1.40]
	at org.apache.coyote.http11.Http11Processor.flush(Http11Processor.java:1271) ~[tomcat-embed-core-10.1.40.jar:10.1.40]
	at org.apache.coyote.AbstractProcessor.action(AbstractProcessor.java:408) ~[tomcat-embed-core-10.1.40.jar:10.1.40]
	at org.apache.coyote.Response.action(Response.java:208) ~[tomcat-embed-core-10.1.40.jar:10.1.40]
	at org.apache.catalina.connector.OutputBuffer.doFlush(OutputBuffer.java:300) ~[tomcat-embed-core-10.1.40.jar:10.1.40]
	at org.apache.catalina.connector.OutputBuffer.flush(OutputBuffer.java:266) ~[tomcat-embed-core-10.1.40.jar:10.1.40]
	at org.apache.catalina.connector.CoyoteOutputStream.flush(CoyoteOutputStream.java:133) ~[tomcat-embed-core-10.1.40.jar:10.1.40]
	at org.springframework.web.context.request.async.StandardServletAsyncWebRequest$LifecycleServletOutputStream.flush(StandardServletAsyncWebRequest.java:415) ~[spring-web-6.2.6.jar:6.2.6]
	at java.base/java.io.FilterOutputStream.flush(FilterOutputStream.java:155) ~[?:?]
	at com.fasterxml.jackson.core.json.UTF8JsonGenerator.flush(UTF8JsonGenerator.java:1205) ~[jackson-core-2.18.3.jar:2.18.3]
	at com.fasterxml.jackson.databind.ObjectWriter.writeValue(ObjectWriter.java:1063) ~[jackson-databind-2.18.3.jar:2.18.3]
	at org.springframework.http.converter.json.AbstractJackson2HttpMessageConverter.writeInternal(AbstractJackson2HttpMessageConverter.java:486) ~[spring-web-6.2.6.jar:6.2.6]
	at org.springframework.http.converter.AbstractGenericHttpMessageConverter.writeInternal(AbstractGenericHttpMessageConverter.java:135) ~[spring-web-6.2.6.jar:6.2.6]
	at org.springframework.http.converter.AbstractHttpMessageConverter.write(AbstractHttpMessageConverter.java:235) ~[spring-web-6.2.6.jar:6.2.6]
	at org.springframework.web.servlet.mvc.method.annotation.ResponseBodyEmitterReturnValueHandler$DefaultSseEmitterHandler.sendInternal(ResponseBodyEmitterReturnValueHandler.java:310) ~[spring-webmvc-6.2.6.jar:6.2.6]
	at org.springframework.web.servlet.mvc.method.annotation.ResponseBodyEmitterReturnValueHandler$DefaultSseEmitterHandler.send(ResponseBodyEmitterReturnValueHandler.java:297) ~[spring-webmvc-6.2.6.jar:6.2.6]
	at org.springframework.web.servlet.mvc.method.annotation.ResponseBodyEmitter.sendInternal(ResponseBodyEmitter.java:226) ~[spring-webmvc-6.2.6.jar:6.2.6]
	at org.springframework.web.servlet.mvc.method.annotation.ResponseBodyEmitter.send(ResponseBodyEmitter.java:217) ~[spring-webmvc-6.2.6.jar:6.2.6]
	at org.springframework.web.servlet.mvc.method.annotation.SseEmitter.send(SseEmitter.java:135) ~[spring-webmvc-6.2.6.jar:6.2.6]
	at org.springframework.web.servlet.mvc.method.annotation.SseEmitter.send(SseEmitter.java:118) ~[spring-webmvc-6.2.6.jar:6.2.6]
	at org.springframework.web.servlet.mvc.method.annotation.ReactiveTypeHandler$SseEmitterSubscriber.send(ReactiveTypeHandler.java:440) ~[spring-webmvc-6.2.6.jar:6.2.6]
	at org.springframework.web.servlet.mvc.method.annotation.ReactiveTypeHandler$AbstractEmitterSubscriber.run(ReactiveTypeHandler.java:359) ~[spring-webmvc-6.2.6.jar:6.2.6]
	at io.micrometer.context.ContextSnapshot.lambda$wrap$0(ContextSnapshot.java:91) ~[context-propagation-1.1.3.jar:1.1.3]
	at java.base/java.lang.Thread.run(Thread.java:1583) [?:?]
2026-02-14 13:27:36.489 [http-nio-8080-exec-9] ERROR com.bit.ai.robot.exception.GlobalExceptionHandler - /chat/completion request error, 
org.springframework.web.context.request.async.AsyncRequestNotUsableException: ServletOutputStream failed to flush: java.io.IOException: 你的主机中的软件中止了一个已建立的连接。
	at org.springframework.web.context.request.async.StandardServletAsyncWebRequest$LifecycleHttpServletResponse.handleIOException(StandardServletAsyncWebRequest.java:346) ~[spring-web-6.2.6.jar:6.2.6]
	at org.springframework.web.context.request.async.StandardServletAsyncWebRequest$LifecycleServletOutputStream.flush(StandardServletAsyncWebRequest.java:418) ~[spring-web-6.2.6.jar:6.2.6]
	at java.base/java.io.FilterOutputStream.flush(FilterOutputStream.java:155) ~[?:?]
	at com.fasterxml.jackson.core.json.UTF8JsonGenerator.flush(UTF8JsonGenerator.java:1205) ~[jackson-core-2.18.3.jar:2.18.3]
	at com.fasterxml.jackson.databind.ObjectWriter.writeValue(ObjectWriter.java:1063) ~[jackson-databind-2.18.3.jar:2.18.3]
	at org.springframework.http.converter.json.AbstractJackson2HttpMessageConverter.writeInternal(AbstractJackson2HttpMessageConverter.java:486) ~[spring-web-6.2.6.jar:6.2.6]
	at org.springframework.http.converter.AbstractGenericHttpMessageConverter.writeInternal(AbstractGenericHttpMessageConverter.java:135) ~[spring-web-6.2.6.jar:6.2.6]
	at org.springframework.http.converter.AbstractHttpMessageConverter.write(AbstractHttpMessageConverter.java:235) ~[spring-web-6.2.6.jar:6.2.6]
	at org.springframework.web.servlet.mvc.method.annotation.ResponseBodyEmitterReturnValueHandler$DefaultSseEmitterHandler.sendInternal(ResponseBodyEmitterReturnValueHandler.java:310) ~[spring-webmvc-6.2.6.jar:6.2.6]
	at org.springframework.web.servlet.mvc.method.annotation.ResponseBodyEmitterReturnValueHandler$DefaultSseEmitterHandler.send(ResponseBodyEmitterReturnValueHandler.java:297) ~[spring-webmvc-6.2.6.jar:6.2.6]
	at org.springframework.web.servlet.mvc.method.annotation.ResponseBodyEmitter.sendInternal(ResponseBodyEmitter.java:226) ~[spring-webmvc-6.2.6.jar:6.2.6]
	at org.springframework.web.servlet.mvc.method.annotation.ResponseBodyEmitter.send(ResponseBodyEmitter.java:217) ~[spring-webmvc-6.2.6.jar:6.2.6]
	at org.springframework.web.servlet.mvc.method.annotation.SseEmitter.send(SseEmitter.java:135) ~[spring-webmvc-6.2.6.jar:6.2.6]
	at org.springframework.web.servlet.mvc.method.annotation.SseEmitter.send(SseEmitter.java:118) ~[spring-webmvc-6.2.6.jar:6.2.6]
	at org.springframework.web.servlet.mvc.method.annotation.ReactiveTypeHandler$SseEmitterSubscriber.send(ReactiveTypeHandler.java:440) ~[spring-webmvc-6.2.6.jar:6.2.6]
	at org.springframework.web.servlet.mvc.method.annotation.ReactiveTypeHandler$AbstractEmitterSubscriber.run(ReactiveTypeHandler.java:359) ~[spring-webmvc-6.2.6.jar:6.2.6]
	at io.micrometer.context.ContextSnapshot.lambda$wrap$0(ContextSnapshot.java:91) ~[context-propagation-1.1.3.jar:1.1.3]
	at java.base/java.lang.Thread.run(Thread.java:1583) [?:?]
Caused by: org.apache.catalina.connector.ClientAbortException: java.io.IOException: 你的主机中的软件中止了一个已建立的连接。
	at org.apache.catalina.connector.OutputBuffer.doFlush(OutputBuffer.java:304) ~[tomcat-embed-core-10.1.40.jar:10.1.40]
	at org.apache.catalina.connector.OutputBuffer.flush(OutputBuffer.java:266) ~[tomcat-embed-core-10.1.40.jar:10.1.40]
	at org.apache.catalina.connector.CoyoteOutputStream.flush(CoyoteOutputStream.java:133) ~[tomcat-embed-core-10.1.40.jar:10.1.40]
	at org.springframework.web.context.request.async.StandardServletAsyncWebRequest$LifecycleServletOutputStream.flush(StandardServletAsyncWebRequest.java:415) ~[spring-web-6.2.6.jar:6.2.6]
	... 16 more
Caused by: java.io.IOException: 你的主机中的软件中止了一个已建立的连接。
	at java.base/sun.nio.ch.SocketDispatcher.write0(Native Method) ~[?:?]
	at java.base/sun.nio.ch.SocketDispatcher.write(SocketDispatcher.java:54) ~[?:?]
	at java.base/sun.nio.ch.IOUtil.writeFromNativeBuffer(IOUtil.java:137) ~[?:?]
	at java.base/sun.nio.ch.IOUtil.write(IOUtil.java:102) ~[?:?]
	at java.base/sun.nio.ch.IOUtil.write(IOUtil.java:58) ~[?:?]
	at java.base/sun.nio.ch.SocketChannelImpl.write(SocketChannelImpl.java:542) ~[?:?]
	at org.apache.tomcat.util.net.NioChannel.write(NioChannel.java:122) ~[tomcat-embed-core-10.1.40.jar:10.1.40]
	at org.apache.tomcat.util.net.NioEndpoint$NioSocketWrapper.doWrite(NioEndpoint.java:1380) ~[tomcat-embed-core-10.1.40.jar:10.1.40]
	at org.apache.tomcat.util.net.SocketWrapperBase.doWrite(SocketWrapperBase.java:764) ~[tomcat-embed-core-10.1.40.jar:10.1.40]
	at org.apache.tomcat.util.net.SocketWrapperBase.flushBlocking(SocketWrapperBase.java:728) ~[tomcat-embed-core-10.1.40.jar:10.1.40]
	at org.apache.tomcat.util.net.SocketWrapperBase.flush(SocketWrapperBase.java:712) ~[tomcat-embed-core-10.1.40.jar:10.1.40]
	at org.apache.coyote.http11.Http11OutputBuffer$SocketOutputBuffer.flush(Http11OutputBuffer.java:574) ~[tomcat-embed-core-10.1.40.jar:10.1.40]
	at org.apache.coyote.http11.filters.ChunkedOutputFilter.flush(ChunkedOutputFilter.java:156) ~[tomcat-embed-core-10.1.40.jar:10.1.40]
	at org.apache.coyote.http11.Http11OutputBuffer.flush(Http11OutputBuffer.java:216) ~[tomcat-embed-core-10.1.40.jar:10.1.40]
	at org.apache.coyote.http11.Http11Processor.flush(Http11Processor.java:1271) ~[tomcat-embed-core-10.1.40.jar:10.1.40]
	at org.apache.coyote.AbstractProcessor.action(AbstractProcessor.java:408) ~[tomcat-embed-core-10.1.40.jar:10.1.40]
	at org.apache.coyote.Response.action(Response.java:208) ~[tomcat-embed-core-10.1.40.jar:10.1.40]
	at org.apache.catalina.connector.OutputBuffer.doFlush(OutputBuffer.java:300) ~[tomcat-embed-core-10.1.40.jar:10.1.40]
	at org.apache.catalina.connector.OutputBuffer.flush(OutputBuffer.java:266) ~[tomcat-embed-core-10.1.40.jar:10.1.40]
	at org.apache.catalina.connector.CoyoteOutputStream.flush(CoyoteOutputStream.java:133) ~[tomcat-embed-core-10.1.40.jar:10.1.40]
	at org.springframework.web.context.request.async.StandardServletAsyncWebRequest$LifecycleServletOutputStream.flush(StandardServletAsyncWebRequest.java:415) ~[spring-web-6.2.6.jar:6.2.6]
	... 16 more
2026-02-14 13:53:46.932 [http-nio-8080-exec-5] ERROR com.bit.ai.robot.exception.GlobalExceptionHandler - /chat/completion request error, 
java.io.IOException: 你的主机中的软件中止了一个已建立的连接。
	at java.base/sun.nio.ch.SocketDispatcher.write0(Native Method) ~[?:?]
	at java.base/sun.nio.ch.SocketDispatcher.write(SocketDispatcher.java:54) ~[?:?]
	at java.base/sun.nio.ch.IOUtil.writeFromNativeBuffer(IOUtil.java:137) ~[?:?]
	at java.base/sun.nio.ch.IOUtil.write(IOUtil.java:102) ~[?:?]
	at java.base/sun.nio.ch.IOUtil.write(IOUtil.java:58) ~[?:?]
	at java.base/sun.nio.ch.SocketChannelImpl.write(SocketChannelImpl.java:542) ~[?:?]
	at org.apache.tomcat.util.net.NioChannel.write(NioChannel.java:122) ~[tomcat-embed-core-10.1.40.jar:10.1.40]
	at org.apache.tomcat.util.net.NioEndpoint$NioSocketWrapper.doWrite(NioEndpoint.java:1380) ~[tomcat-embed-core-10.1.40.jar:10.1.40]
	at org.apache.tomcat.util.net.SocketWrapperBase.doWrite(SocketWrapperBase.java:764) ~[tomcat-embed-core-10.1.40.jar:10.1.40]
	at org.apache.tomcat.util.net.SocketWrapperBase.flushBlocking(SocketWrapperBase.java:728) ~[tomcat-embed-core-10.1.40.jar:10.1.40]
	at org.apache.tomcat.util.net.SocketWrapperBase.flush(SocketWrapperBase.java:712) ~[tomcat-embed-core-10.1.40.jar:10.1.40]
	at org.apache.coyote.http11.Http11OutputBuffer$SocketOutputBuffer.flush(Http11OutputBuffer.java:574) ~[tomcat-embed-core-10.1.40.jar:10.1.40]
	at org.apache.coyote.http11.filters.ChunkedOutputFilter.flush(ChunkedOutputFilter.java:156) ~[tomcat-embed-core-10.1.40.jar:10.1.40]
	at org.apache.coyote.http11.Http11OutputBuffer.flush(Http11OutputBuffer.java:216) ~[tomcat-embed-core-10.1.40.jar:10.1.40]
	at org.apache.coyote.http11.Http11Processor.flush(Http11Processor.java:1271) ~[tomcat-embed-core-10.1.40.jar:10.1.40]
	at org.apache.coyote.AbstractProcessor.action(AbstractProcessor.java:408) ~[tomcat-embed-core-10.1.40.jar:10.1.40]
	at org.apache.coyote.Response.action(Response.java:208) ~[tomcat-embed-core-10.1.40.jar:10.1.40]
	at org.apache.catalina.connector.OutputBuffer.doFlush(OutputBuffer.java:300) ~[tomcat-embed-core-10.1.40.jar:10.1.40]
	at org.apache.catalina.connector.OutputBuffer.flush(OutputBuffer.java:266) ~[tomcat-embed-core-10.1.40.jar:10.1.40]
	at org.apache.catalina.connector.CoyoteOutputStream.flush(CoyoteOutputStream.java:133) ~[tomcat-embed-core-10.1.40.jar:10.1.40]
	at org.springframework.web.context.request.async.StandardServletAsyncWebRequest$LifecycleServletOutputStream.flush(StandardServletAsyncWebRequest.java:415) ~[spring-web-6.2.6.jar:6.2.6]
	at java.base/java.io.FilterOutputStream.flush(FilterOutputStream.java:155) ~[?:?]
	at com.fasterxml.jackson.core.json.UTF8JsonGenerator.flush(UTF8JsonGenerator.java:1205) ~[jackson-core-2.18.3.jar:2.18.3]
	at com.fasterxml.jackson.databind.ObjectWriter.writeValue(ObjectWriter.java:1063) ~[jackson-databind-2.18.3.jar:2.18.3]
	at org.springframework.http.converter.json.AbstractJackson2HttpMessageConverter.writeInternal(AbstractJackson2HttpMessageConverter.java:486) ~[spring-web-6.2.6.jar:6.2.6]
	at org.springframework.http.converter.AbstractGenericHttpMessageConverter.writeInternal(AbstractGenericHttpMessageConverter.java:135) ~[spring-web-6.2.6.jar:6.2.6]
	at org.springframework.http.converter.AbstractHttpMessageConverter.write(AbstractHttpMessageConverter.java:235) ~[spring-web-6.2.6.jar:6.2.6]
	at org.springframework.web.servlet.mvc.method.annotation.ResponseBodyEmitterReturnValueHandler$DefaultSseEmitterHandler.sendInternal(ResponseBodyEmitterReturnValueHandler.java:310) ~[spring-webmvc-6.2.6.jar:6.2.6]
	at org.springframework.web.servlet.mvc.method.annotation.ResponseBodyEmitterReturnValueHandler$DefaultSseEmitterHandler.send(ResponseBodyEmitterReturnValueHandler.java:297) ~[spring-webmvc-6.2.6.jar:6.2.6]
	at org.springframework.web.servlet.mvc.method.annotation.ResponseBodyEmitter.sendInternal(ResponseBodyEmitter.java:226) ~[spring-webmvc-6.2.6.jar:6.2.6]
	at org.springframework.web.servlet.mvc.method.annotation.ResponseBodyEmitter.send(ResponseBodyEmitter.java:217) ~[spring-webmvc-6.2.6.jar:6.2.6]
	at org.springframework.web.servlet.mvc.method.annotation.SseEmitter.send(SseEmitter.java:135) ~[spring-webmvc-6.2.6.jar:6.2.6]
	at org.springframework.web.servlet.mvc.method.annotation.SseEmitter.send(SseEmitter.java:118) ~[spring-webmvc-6.2.6.jar:6.2.6]
	at org.springframework.web.servlet.mvc.method.annotation.ReactiveTypeHandler$SseEmitterSubscriber.send(ReactiveTypeHandler.java:440) ~[spring-webmvc-6.2.6.jar:6.2.6]
	at org.springframework.web.servlet.mvc.method.annotation.ReactiveTypeHandler$AbstractEmitterSubscriber.run(ReactiveTypeHandler.java:359) ~[spring-webmvc-6.2.6.jar:6.2.6]
	at io.micrometer.context.ContextSnapshot.lambda$wrap$0(ContextSnapshot.java:91) ~[context-propagation-1.1.3.jar:1.1.3]
	at java.base/java.lang.Thread.run(Thread.java:1583) [?:?]
2026-02-14 13:53:46.935 [http-nio-8080-exec-5] ERROR org.apache.catalina.core.ContainerBase.[Tomcat].[localhost].[/].[dispatcherServlet] - Servlet.service() for servlet [dispatcherServlet] threw exception
java.io.IOException: 你的主机中的软件中止了一个已建立的连接。
	at java.base/sun.nio.ch.SocketDispatcher.write0(Native Method) ~[?:?]
	at java.base/sun.nio.ch.SocketDispatcher.write(SocketDispatcher.java:54) ~[?:?]
	at java.base/sun.nio.ch.IOUtil.writeFromNativeBuffer(IOUtil.java:137) ~[?:?]
	at java.base/sun.nio.ch.IOUtil.write(IOUtil.java:102) ~[?:?]
	at java.base/sun.nio.ch.IOUtil.write(IOUtil.java:58) ~[?:?]
	at java.base/sun.nio.ch.SocketChannelImpl.write(SocketChannelImpl.java:542) ~[?:?]
	at org.apache.tomcat.util.net.NioChannel.write(NioChannel.java:122) ~[tomcat-embed-core-10.1.40.jar:10.1.40]
	at org.apache.tomcat.util.net.NioEndpoint$NioSocketWrapper.doWrite(NioEndpoint.java:1380) ~[tomcat-embed-core-10.1.40.jar:10.1.40]
	at org.apache.tomcat.util.net.SocketWrapperBase.doWrite(SocketWrapperBase.java:764) ~[tomcat-embed-core-10.1.40.jar:10.1.40]
	at org.apache.tomcat.util.net.SocketWrapperBase.flushBlocking(SocketWrapperBase.java:728) ~[tomcat-embed-core-10.1.40.jar:10.1.40]
	at org.apache.tomcat.util.net.SocketWrapperBase.flush(SocketWrapperBase.java:712) ~[tomcat-embed-core-10.1.40.jar:10.1.40]
	at org.apache.coyote.http11.Http11OutputBuffer$SocketOutputBuffer.flush(Http11OutputBuffer.java:574) ~[tomcat-embed-core-10.1.40.jar:10.1.40]
	at org.apache.coyote.http11.filters.ChunkedOutputFilter.flush(ChunkedOutputFilter.java:156) ~[tomcat-embed-core-10.1.40.jar:10.1.40]
	at org.apache.coyote.http11.Http11OutputBuffer.flush(Http11OutputBuffer.java:216) ~[tomcat-embed-core-10.1.40.jar:10.1.40]
	at org.apache.coyote.http11.Http11Processor.flush(Http11Processor.java:1271) ~[tomcat-embed-core-10.1.40.jar:10.1.40]
	at org.apache.coyote.AbstractProcessor.action(AbstractProcessor.java:408) ~[tomcat-embed-core-10.1.40.jar:10.1.40]
	at org.apache.coyote.Response.action(Response.java:208) ~[tomcat-embed-core-10.1.40.jar:10.1.40]
	at org.apache.catalina.connector.OutputBuffer.doFlush(OutputBuffer.java:300) ~[tomcat-embed-core-10.1.40.jar:10.1.40]
	at org.apache.catalina.connector.OutputBuffer.flush(OutputBuffer.java:266) ~[tomcat-embed-core-10.1.40.jar:10.1.40]
	at org.apache.catalina.connector.CoyoteOutputStream.flush(CoyoteOutputStream.java:133) ~[tomcat-embed-core-10.1.40.jar:10.1.40]
	at org.springframework.web.context.request.async.StandardServletAsyncWebRequest$LifecycleServletOutputStream.flush(StandardServletAsyncWebRequest.java:415) ~[spring-web-6.2.6.jar:6.2.6]
	at java.base/java.io.FilterOutputStream.flush(FilterOutputStream.java:155) ~[?:?]
	at com.fasterxml.jackson.core.json.UTF8JsonGenerator.flush(UTF8JsonGenerator.java:1205) ~[jackson-core-2.18.3.jar:2.18.3]
	at com.fasterxml.jackson.databind.ObjectWriter.writeValue(ObjectWriter.java:1063) ~[jackson-databind-2.18.3.jar:2.18.3]
	at org.springframework.http.converter.json.AbstractJackson2HttpMessageConverter.writeInternal(AbstractJackson2HttpMessageConverter.java:486) ~[spring-web-6.2.6.jar:6.2.6]
	at org.springframework.http.converter.AbstractGenericHttpMessageConverter.writeInternal(AbstractGenericHttpMessageConverter.java:135) ~[spring-web-6.2.6.jar:6.2.6]
	at org.springframework.http.converter.AbstractHttpMessageConverter.write(AbstractHttpMessageConverter.java:235) ~[spring-web-6.2.6.jar:6.2.6]
	at org.springframework.web.servlet.mvc.method.annotation.ResponseBodyEmitterReturnValueHandler$DefaultSseEmitterHandler.sendInternal(ResponseBodyEmitterReturnValueHandler.java:310) ~[spring-webmvc-6.2.6.jar:6.2.6]
	at org.springframework.web.servlet.mvc.method.annotation.ResponseBodyEmitterReturnValueHandler$DefaultSseEmitterHandler.send(ResponseBodyEmitterReturnValueHandler.java:297) ~[spring-webmvc-6.2.6.jar:6.2.6]
	at org.springframework.web.servlet.mvc.method.annotation.ResponseBodyEmitter.sendInternal(ResponseBodyEmitter.java:226) ~[spring-webmvc-6.2.6.jar:6.2.6]
	at org.springframework.web.servlet.mvc.method.annotation.ResponseBodyEmitter.send(ResponseBodyEmitter.java:217) ~[spring-webmvc-6.2.6.jar:6.2.6]
	at org.springframework.web.servlet.mvc.method.annotation.SseEmitter.send(SseEmitter.java:135) ~[spring-webmvc-6.2.6.jar:6.2.6]
	at org.springframework.web.servlet.mvc.method.annotation.SseEmitter.send(SseEmitter.java:118) ~[spring-webmvc-6.2.6.jar:6.2.6]
	at org.springframework.web.servlet.mvc.method.annotation.ReactiveTypeHandler$SseEmitterSubscriber.send(ReactiveTypeHandler.java:440) ~[spring-webmvc-6.2.6.jar:6.2.6]
	at org.springframework.web.servlet.mvc.method.annotation.ReactiveTypeHandler$AbstractEmitterSubscriber.run(ReactiveTypeHandler.java:359) ~[spring-webmvc-6.2.6.jar:6.2.6]
	at io.micrometer.context.ContextSnapshot.lambda$wrap$0(ContextSnapshot.java:91) ~[context-propagation-1.1.3.jar:1.1.3]
	at java.base/java.lang.Thread.run(Thread.java:1583) [?:?]
2026-02-14 13:53:46.936 [http-nio-8080-exec-5] ERROR org.apache.catalina.core.ContainerBase.[Tomcat].[localhost].[/].[dispatcherServlet] - Servlet.service() for servlet [dispatcherServlet] in context with path [] threw exception
java.io.IOException: 你的主机中的软件中止了一个已建立的连接。
	at java.base/sun.nio.ch.SocketDispatcher.write0(Native Method) ~[?:?]
	at java.base/sun.nio.ch.SocketDispatcher.write(SocketDispatcher.java:54) ~[?:?]
	at java.base/sun.nio.ch.IOUtil.writeFromNativeBuffer(IOUtil.java:137) ~[?:?]
	at java.base/sun.nio.ch.IOUtil.write(IOUtil.java:102) ~[?:?]
	at java.base/sun.nio.ch.IOUtil.write(IOUtil.java:58) ~[?:?]
	at java.base/sun.nio.ch.SocketChannelImpl.write(SocketChannelImpl.java:542) ~[?:?]
	at org.apache.tomcat.util.net.NioChannel.write(NioChannel.java:122) ~[tomcat-embed-core-10.1.40.jar:10.1.40]
	at org.apache.tomcat.util.net.NioEndpoint$NioSocketWrapper.doWrite(NioEndpoint.java:1380) ~[tomcat-embed-core-10.1.40.jar:10.1.40]
	at org.apache.tomcat.util.net.SocketWrapperBase.doWrite(SocketWrapperBase.java:764) ~[tomcat-embed-core-10.1.40.jar:10.1.40]
	at org.apache.tomcat.util.net.SocketWrapperBase.flushBlocking(SocketWrapperBase.java:728) ~[tomcat-embed-core-10.1.40.jar:10.1.40]
	at org.apache.tomcat.util.net.SocketWrapperBase.flush(SocketWrapperBase.java:712) ~[tomcat-embed-core-10.1.40.jar:10.1.40]
	at org.apache.coyote.http11.Http11OutputBuffer$SocketOutputBuffer.flush(Http11OutputBuffer.java:574) ~[tomcat-embed-core-10.1.40.jar:10.1.40]
	at org.apache.coyote.http11.filters.ChunkedOutputFilter.flush(ChunkedOutputFilter.java:156) ~[tomcat-embed-core-10.1.40.jar:10.1.40]
	at org.apache.coyote.http11.Http11OutputBuffer.flush(Http11OutputBuffer.java:216) ~[tomcat-embed-core-10.1.40.jar:10.1.40]
	at org.apache.coyote.http11.Http11Processor.flush(Http11Processor.java:1271) ~[tomcat-embed-core-10.1.40.jar:10.1.40]
	at org.apache.coyote.AbstractProcessor.action(AbstractProcessor.java:408) ~[tomcat-embed-core-10.1.40.jar:10.1.40]
	at org.apache.coyote.Response.action(Response.java:208) ~[tomcat-embed-core-10.1.40.jar:10.1.40]
	at org.apache.catalina.connector.OutputBuffer.doFlush(OutputBuffer.java:300) ~[tomcat-embed-core-10.1.40.jar:10.1.40]
	at org.apache.catalina.connector.OutputBuffer.flush(OutputBuffer.java:266) ~[tomcat-embed-core-10.1.40.jar:10.1.40]
	at org.apache.catalina.connector.CoyoteOutputStream.flush(CoyoteOutputStream.java:133) ~[tomcat-embed-core-10.1.40.jar:10.1.40]
	at org.springframework.web.context.request.async.StandardServletAsyncWebRequest$LifecycleServletOutputStream.flush(StandardServletAsyncWebRequest.java:415) ~[spring-web-6.2.6.jar:6.2.6]
	at java.base/java.io.FilterOutputStream.flush(FilterOutputStream.java:155) ~[?:?]
	at com.fasterxml.jackson.core.json.UTF8JsonGenerator.flush(UTF8JsonGenerator.java:1205) ~[jackson-core-2.18.3.jar:2.18.3]
	at com.fasterxml.jackson.databind.ObjectWriter.writeValue(ObjectWriter.java:1063) ~[jackson-databind-2.18.3.jar:2.18.3]
	at org.springframework.http.converter.json.AbstractJackson2HttpMessageConverter.writeInternal(AbstractJackson2HttpMessageConverter.java:486) ~[spring-web-6.2.6.jar:6.2.6]
	at org.springframework.http.converter.AbstractGenericHttpMessageConverter.writeInternal(AbstractGenericHttpMessageConverter.java:135) ~[spring-web-6.2.6.jar:6.2.6]
	at org.springframework.http.converter.AbstractHttpMessageConverter.write(AbstractHttpMessageConverter.java:235) ~[spring-web-6.2.6.jar:6.2.6]
	at org.springframework.web.servlet.mvc.method.annotation.ResponseBodyEmitterReturnValueHandler$DefaultSseEmitterHandler.sendInternal(ResponseBodyEmitterReturnValueHandler.java:310) ~[spring-webmvc-6.2.6.jar:6.2.6]
	at org.springframework.web.servlet.mvc.method.annotation.ResponseBodyEmitterReturnValueHandler$DefaultSseEmitterHandler.send(ResponseBodyEmitterReturnValueHandler.java:297) ~[spring-webmvc-6.2.6.jar:6.2.6]
	at org.springframework.web.servlet.mvc.method.annotation.ResponseBodyEmitter.sendInternal(ResponseBodyEmitter.java:226) ~[spring-webmvc-6.2.6.jar:6.2.6]
	at org.springframework.web.servlet.mvc.method.annotation.ResponseBodyEmitter.send(ResponseBodyEmitter.java:217) ~[spring-webmvc-6.2.6.jar:6.2.6]
	at org.springframework.web.servlet.mvc.method.annotation.SseEmitter.send(SseEmitter.java:135) ~[spring-webmvc-6.2.6.jar:6.2.6]
	at org.springframework.web.servlet.mvc.method.annotation.SseEmitter.send(SseEmitter.java:118) ~[spring-webmvc-6.2.6.jar:6.2.6]
	at org.springframework.web.servlet.mvc.method.annotation.ReactiveTypeHandler$SseEmitterSubscriber.send(ReactiveTypeHandler.java:440) ~[spring-webmvc-6.2.6.jar:6.2.6]
	at org.springframework.web.servlet.mvc.method.annotation.ReactiveTypeHandler$AbstractEmitterSubscriber.run(ReactiveTypeHandler.java:359) ~[spring-webmvc-6.2.6.jar:6.2.6]
	at io.micrometer.context.ContextSnapshot.lambda$wrap$0(ContextSnapshot.java:91) ~[context-propagation-1.1.3.jar:1.1.3]
	at java.base/java.lang.Thread.run(Thread.java:1583) [?:?]
2026-02-14 13:54:05.047 [http-nio-8080-exec-4] ERROR com.bit.ai.robot.exception.GlobalExceptionHandler - /chat/completion request error, 
org.springframework.web.context.request.async.AsyncRequestNotUsableException: ServletOutputStream failed to flush: java.io.IOException: 你的主机中的软件中止了一个已建立的连接。
	at org.springframework.web.context.request.async.StandardServletAsyncWebRequest$LifecycleHttpServletResponse.handleIOException(StandardServletAsyncWebRequest.java:346) ~[spring-web-6.2.6.jar:6.2.6]
	at org.springframework.web.context.request.async.StandardServletAsyncWebRequest$LifecycleServletOutputStream.flush(StandardServletAsyncWebRequest.java:418) ~[spring-web-6.2.6.jar:6.2.6]
	at java.base/java.io.FilterOutputStream.flush(FilterOutputStream.java:155) ~[?:?]
	at com.fasterxml.jackson.core.json.UTF8JsonGenerator.flush(UTF8JsonGenerator.java:1205) ~[jackson-core-2.18.3.jar:2.18.3]
	at com.fasterxml.jackson.databind.ObjectWriter.writeValue(ObjectWriter.java:1063) ~[jackson-databind-2.18.3.jar:2.18.3]
	at org.springframework.http.converter.json.AbstractJackson2HttpMessageConverter.writeInternal(AbstractJackson2HttpMessageConverter.java:486) ~[spring-web-6.2.6.jar:6.2.6]
	at org.springframework.http.converter.AbstractGenericHttpMessageConverter.writeInternal(AbstractGenericHttpMessageConverter.java:135) ~[spring-web-6.2.6.jar:6.2.6]
	at org.springframework.http.converter.AbstractHttpMessageConverter.write(AbstractHttpMessageConverter.java:235) ~[spring-web-6.2.6.jar:6.2.6]
	at org.springframework.web.servlet.mvc.method.annotation.ResponseBodyEmitterReturnValueHandler$DefaultSseEmitterHandler.sendInternal(ResponseBodyEmitterReturnValueHandler.java:310) ~[spring-webmvc-6.2.6.jar:6.2.6]
	at org.springframework.web.servlet.mvc.method.annotation.ResponseBodyEmitterReturnValueHandler$DefaultSseEmitterHandler.send(ResponseBodyEmitterReturnValueHandler.java:297) ~[spring-webmvc-6.2.6.jar:6.2.6]
	at org.springframework.web.servlet.mvc.method.annotation.ResponseBodyEmitter.sendInternal(ResponseBodyEmitter.java:226) ~[spring-webmvc-6.2.6.jar:6.2.6]
	at org.springframework.web.servlet.mvc.method.annotation.ResponseBodyEmitter.send(ResponseBodyEmitter.java:217) ~[spring-webmvc-6.2.6.jar:6.2.6]
	at org.springframework.web.servlet.mvc.method.annotation.SseEmitter.send(SseEmitter.java:135) ~[spring-webmvc-6.2.6.jar:6.2.6]
	at org.springframework.web.servlet.mvc.method.annotation.SseEmitter.send(SseEmitter.java:118) ~[spring-webmvc-6.2.6.jar:6.2.6]
	at org.springframework.web.servlet.mvc.method.annotation.ReactiveTypeHandler$SseEmitterSubscriber.send(ReactiveTypeHandler.java:440) ~[spring-webmvc-6.2.6.jar:6.2.6]
	at org.springframework.web.servlet.mvc.method.annotation.ReactiveTypeHandler$AbstractEmitterSubscriber.run(ReactiveTypeHandler.java:359) ~[spring-webmvc-6.2.6.jar:6.2.6]
	at io.micrometer.context.ContextSnapshot.lambda$wrap$0(ContextSnapshot.java:91) ~[context-propagation-1.1.3.jar:1.1.3]
	at java.base/java.lang.Thread.run(Thread.java:1583) [?:?]
Caused by: org.apache.catalina.connector.ClientAbortException: java.io.IOException: 你的主机中的软件中止了一个已建立的连接。
	at org.apache.catalina.connector.OutputBuffer.doFlush(OutputBuffer.java:304) ~[tomcat-embed-core-10.1.40.jar:10.1.40]
	at org.apache.catalina.connector.OutputBuffer.flush(OutputBuffer.java:266) ~[tomcat-embed-core-10.1.40.jar:10.1.40]
	at org.apache.catalina.connector.CoyoteOutputStream.flush(CoyoteOutputStream.java:133) ~[tomcat-embed-core-10.1.40.jar:10.1.40]
	at org.springframework.web.context.request.async.StandardServletAsyncWebRequest$LifecycleServletOutputStream.flush(StandardServletAsyncWebRequest.java:415) ~[spring-web-6.2.6.jar:6.2.6]
	... 16 more
Caused by: java.io.IOException: 你的主机中的软件中止了一个已建立的连接。
	at java.base/sun.nio.ch.SocketDispatcher.write0(Native Method) ~[?:?]
	at java.base/sun.nio.ch.SocketDispatcher.write(SocketDispatcher.java:54) ~[?:?]
	at java.base/sun.nio.ch.IOUtil.writeFromNativeBuffer(IOUtil.java:137) ~[?:?]
	at java.base/sun.nio.ch.IOUtil.write(IOUtil.java:102) ~[?:?]
	at java.base/sun.nio.ch.IOUtil.write(IOUtil.java:58) ~[?:?]
	at java.base/sun.nio.ch.SocketChannelImpl.write(SocketChannelImpl.java:542) ~[?:?]
	at org.apache.tomcat.util.net.NioChannel.write(NioChannel.java:122) ~[tomcat-embed-core-10.1.40.jar:10.1.40]
	at org.apache.tomcat.util.net.NioEndpoint$NioSocketWrapper.doWrite(NioEndpoint.java:1380) ~[tomcat-embed-core-10.1.40.jar:10.1.40]
	at org.apache.tomcat.util.net.SocketWrapperBase.doWrite(SocketWrapperBase.java:764) ~[tomcat-embed-core-10.1.40.jar:10.1.40]
	at org.apache.tomcat.util.net.SocketWrapperBase.flushBlocking(SocketWrapperBase.java:728) ~[tomcat-embed-core-10.1.40.jar:10.1.40]
	at org.apache.tomcat.util.net.SocketWrapperBase.flush(SocketWrapperBase.java:712) ~[tomcat-embed-core-10.1.40.jar:10.1.40]
	at org.apache.coyote.http11.Http11OutputBuffer$SocketOutputBuffer.flush(Http11OutputBuffer.java:574) ~[tomcat-embed-core-10.1.40.jar:10.1.40]
	at org.apache.coyote.http11.filters.ChunkedOutputFilter.flush(ChunkedOutputFilter.java:156) ~[tomcat-embed-core-10.1.40.jar:10.1.40]
	at org.apache.coyote.http11.Http11OutputBuffer.flush(Http11OutputBuffer.java:216) ~[tomcat-embed-core-10.1.40.jar:10.1.40]
	at org.apache.coyote.http11.Http11Processor.flush(Http11Processor.java:1271) ~[tomcat-embed-core-10.1.40.jar:10.1.40]
	at org.apache.coyote.AbstractProcessor.action(AbstractProcessor.java:408) ~[tomcat-embed-core-10.1.40.jar:10.1.40]
	at org.apache.coyote.Response.action(Response.java:208) ~[tomcat-embed-core-10.1.40.jar:10.1.40]
	at org.apache.catalina.connector.OutputBuffer.doFlush(OutputBuffer.java:300) ~[tomcat-embed-core-10.1.40.jar:10.1.40]
	at org.apache.catalina.connector.OutputBuffer.flush(OutputBuffer.java:266) ~[tomcat-embed-core-10.1.40.jar:10.1.40]
	at org.apache.catalina.connector.CoyoteOutputStream.flush(CoyoteOutputStream.java:133) ~[tomcat-embed-core-10.1.40.jar:10.1.40]
	at org.springframework.web.context.request.async.StandardServletAsyncWebRequest$LifecycleServletOutputStream.flush(StandardServletAsyncWebRequest.java:415) ~[spring-web-6.2.6.jar:6.2.6]
	... 16 more
2026-02-14 13:54:10.735 [http-nio-8080-exec-10] ERROR com.bit.ai.robot.exception.GlobalExceptionHandler - /chat/completion request error, 
org.springframework.web.context.request.async.AsyncRequestNotUsableException: ServletOutputStream failed to flush: java.io.IOException: 你的主机中的软件中止了一个已建立的连接。
	at org.springframework.web.context.request.async.StandardServletAsyncWebRequest$LifecycleHttpServletResponse.handleIOException(StandardServletAsyncWebRequest.java:346) ~[spring-web-6.2.6.jar:6.2.6]
	at org.springframework.web.context.request.async.StandardServletAsyncWebRequest$LifecycleServletOutputStream.flush(StandardServletAsyncWebRequest.java:418) ~[spring-web-6.2.6.jar:6.2.6]
	at java.base/java.io.FilterOutputStream.flush(FilterOutputStream.java:155) ~[?:?]
	at com.fasterxml.jackson.core.json.UTF8JsonGenerator.flush(UTF8JsonGenerator.java:1205) ~[jackson-core-2.18.3.jar:2.18.3]
	at com.fasterxml.jackson.databind.ObjectWriter.writeValue(ObjectWriter.java:1063) ~[jackson-databind-2.18.3.jar:2.18.3]
	at org.springframework.http.converter.json.AbstractJackson2HttpMessageConverter.writeInternal(AbstractJackson2HttpMessageConverter.java:486) ~[spring-web-6.2.6.jar:6.2.6]
	at org.springframework.http.converter.AbstractGenericHttpMessageConverter.writeInternal(AbstractGenericHttpMessageConverter.java:135) ~[spring-web-6.2.6.jar:6.2.6]
	at org.springframework.http.converter.AbstractHttpMessageConverter.write(AbstractHttpMessageConverter.java:235) ~[spring-web-6.2.6.jar:6.2.6]
	at org.springframework.web.servlet.mvc.method.annotation.ResponseBodyEmitterReturnValueHandler$DefaultSseEmitterHandler.sendInternal(ResponseBodyEmitterReturnValueHandler.java:310) ~[spring-webmvc-6.2.6.jar:6.2.6]
	at org.springframework.web.servlet.mvc.method.annotation.ResponseBodyEmitterReturnValueHandler$DefaultSseEmitterHandler.send(ResponseBodyEmitterReturnValueHandler.java:297) ~[spring-webmvc-6.2.6.jar:6.2.6]
	at org.springframework.web.servlet.mvc.method.annotation.ResponseBodyEmitter.sendInternal(ResponseBodyEmitter.java:226) ~[spring-webmvc-6.2.6.jar:6.2.6]
	at org.springframework.web.servlet.mvc.method.annotation.ResponseBodyEmitter.send(ResponseBodyEmitter.java:217) ~[spring-webmvc-6.2.6.jar:6.2.6]
	at org.springframework.web.servlet.mvc.method.annotation.SseEmitter.send(SseEmitter.java:135) ~[spring-webmvc-6.2.6.jar:6.2.6]
	at org.springframework.web.servlet.mvc.method.annotation.SseEmitter.send(SseEmitter.java:118) ~[spring-webmvc-6.2.6.jar:6.2.6]
	at org.springframework.web.servlet.mvc.method.annotation.ReactiveTypeHandler$SseEmitterSubscriber.send(ReactiveTypeHandler.java:440) ~[spring-webmvc-6.2.6.jar:6.2.6]
	at org.springframework.web.servlet.mvc.method.annotation.ReactiveTypeHandler$AbstractEmitterSubscriber.run(ReactiveTypeHandler.java:359) ~[spring-webmvc-6.2.6.jar:6.2.6]
	at io.micrometer.context.ContextSnapshot.lambda$wrap$0(ContextSnapshot.java:91) ~[context-propagation-1.1.3.jar:1.1.3]
	at java.base/java.lang.Thread.run(Thread.java:1583) [?:?]
Caused by: org.apache.catalina.connector.ClientAbortException: java.io.IOException: 你的主机中的软件中止了一个已建立的连接。
	at org.apache.catalina.connector.OutputBuffer.doFlush(OutputBuffer.java:304) ~[tomcat-embed-core-10.1.40.jar:10.1.40]
	at org.apache.catalina.connector.OutputBuffer.flush(OutputBuffer.java:266) ~[tomcat-embed-core-10.1.40.jar:10.1.40]
	at org.apache.catalina.connector.CoyoteOutputStream.flush(CoyoteOutputStream.java:133) ~[tomcat-embed-core-10.1.40.jar:10.1.40]
	at org.springframework.web.context.request.async.StandardServletAsyncWebRequest$LifecycleServletOutputStream.flush(StandardServletAsyncWebRequest.java:415) ~[spring-web-6.2.6.jar:6.2.6]
	... 16 more
Caused by: java.io.IOException: 你的主机中的软件中止了一个已建立的连接。
	at java.base/sun.nio.ch.SocketDispatcher.write0(Native Method) ~[?:?]
	at java.base/sun.nio.ch.SocketDispatcher.write(SocketDispatcher.java:54) ~[?:?]
	at java.base/sun.nio.ch.IOUtil.writeFromNativeBuffer(IOUtil.java:137) ~[?:?]
	at java.base/sun.nio.ch.IOUtil.write(IOUtil.java:102) ~[?:?]
	at java.base/sun.nio.ch.IOUtil.write(IOUtil.java:58) ~[?:?]
	at java.base/sun.nio.ch.SocketChannelImpl.write(SocketChannelImpl.java:542) ~[?:?]
	at org.apache.tomcat.util.net.NioChannel.write(NioChannel.java:122) ~[tomcat-embed-core-10.1.40.jar:10.1.40]
	at org.apache.tomcat.util.net.NioEndpoint$NioSocketWrapper.doWrite(NioEndpoint.java:1380) ~[tomcat-embed-core-10.1.40.jar:10.1.40]
	at org.apache.tomcat.util.net.SocketWrapperBase.doWrite(SocketWrapperBase.java:764) ~[tomcat-embed-core-10.1.40.jar:10.1.40]
	at org.apache.tomcat.util.net.SocketWrapperBase.flushBlocking(SocketWrapperBase.java:728) ~[tomcat-embed-core-10.1.40.jar:10.1.40]
	at org.apache.tomcat.util.net.SocketWrapperBase.flush(SocketWrapperBase.java:712) ~[tomcat-embed-core-10.1.40.jar:10.1.40]
	at org.apache.coyote.http11.Http11OutputBuffer$SocketOutputBuffer.flush(Http11OutputBuffer.java:574) ~[tomcat-embed-core-10.1.40.jar:10.1.40]
	at org.apache.coyote.http11.filters.ChunkedOutputFilter.flush(ChunkedOutputFilter.java:156) ~[tomcat-embed-core-10.1.40.jar:10.1.40]
	at org.apache.coyote.http11.Http11OutputBuffer.flush(Http11OutputBuffer.java:216) ~[tomcat-embed-core-10.1.40.jar:10.1.40]
	at org.apache.coyote.http11.Http11Processor.flush(Http11Processor.java:1271) ~[tomcat-embed-core-10.1.40.jar:10.1.40]
	at org.apache.coyote.AbstractProcessor.action(AbstractProcessor.java:408) ~[tomcat-embed-core-10.1.40.jar:10.1.40]
	at org.apache.coyote.Response.action(Response.java:208) ~[tomcat-embed-core-10.1.40.jar:10.1.40]
	at org.apache.catalina.connector.OutputBuffer.doFlush(OutputBuffer.java:300) ~[tomcat-embed-core-10.1.40.jar:10.1.40]
	at org.apache.catalina.connector.OutputBuffer.flush(OutputBuffer.java:266) ~[tomcat-embed-core-10.1.40.jar:10.1.40]
	at org.apache.catalina.connector.CoyoteOutputStream.flush(CoyoteOutputStream.java:133) ~[tomcat-embed-core-10.1.40.jar:10.1.40]
	at org.springframework.web.context.request.async.StandardServletAsyncWebRequest$LifecycleServletOutputStream.flush(StandardServletAsyncWebRequest.java:415) ~[spring-web-6.2.6.jar:6.2.6]
	... 16 more
2026-02-14 13:54:20.246 [http-nio-8080-exec-9] ERROR com.bit.ai.robot.exception.GlobalExceptionHandler - /chat/completion request error, 
org.springframework.web.context.request.async.AsyncRequestNotUsableException: ServletOutputStream failed to flush: java.io.IOException: 你的主机中的软件中止了一个已建立的连接。
	at org.springframework.web.context.request.async.StandardServletAsyncWebRequest$LifecycleHttpServletResponse.handleIOException(StandardServletAsyncWebRequest.java:346) ~[spring-web-6.2.6.jar:6.2.6]
	at org.springframework.web.context.request.async.StandardServletAsyncWebRequest$LifecycleServletOutputStream.flush(StandardServletAsyncWebRequest.java:418) ~[spring-web-6.2.6.jar:6.2.6]
	at java.base/java.io.FilterOutputStream.flush(FilterOutputStream.java:155) ~[?:?]
	at com.fasterxml.jackson.core.json.UTF8JsonGenerator.flush(UTF8JsonGenerator.java:1205) ~[jackson-core-2.18.3.jar:2.18.3]
	at com.fasterxml.jackson.databind.ObjectWriter.writeValue(ObjectWriter.java:1063) ~[jackson-databind-2.18.3.jar:2.18.3]
	at org.springframework.http.converter.json.AbstractJackson2HttpMessageConverter.writeInternal(AbstractJackson2HttpMessageConverter.java:486) ~[spring-web-6.2.6.jar:6.2.6]
	at org.springframework.http.converter.AbstractGenericHttpMessageConverter.writeInternal(AbstractGenericHttpMessageConverter.java:135) ~[spring-web-6.2.6.jar:6.2.6]
	at org.springframework.http.converter.AbstractHttpMessageConverter.write(AbstractHttpMessageConverter.java:235) ~[spring-web-6.2.6.jar:6.2.6]
	at org.springframework.web.servlet.mvc.method.annotation.ResponseBodyEmitterReturnValueHandler$DefaultSseEmitterHandler.sendInternal(ResponseBodyEmitterReturnValueHandler.java:310) ~[spring-webmvc-6.2.6.jar:6.2.6]
	at org.springframework.web.servlet.mvc.method.annotation.ResponseBodyEmitterReturnValueHandler$DefaultSseEmitterHandler.send(ResponseBodyEmitterReturnValueHandler.java:297) ~[spring-webmvc-6.2.6.jar:6.2.6]
	at org.springframework.web.servlet.mvc.method.annotation.ResponseBodyEmitter.sendInternal(ResponseBodyEmitter.java:226) ~[spring-webmvc-6.2.6.jar:6.2.6]
	at org.springframework.web.servlet.mvc.method.annotation.ResponseBodyEmitter.send(ResponseBodyEmitter.java:217) ~[spring-webmvc-6.2.6.jar:6.2.6]
	at org.springframework.web.servlet.mvc.method.annotation.SseEmitter.send(SseEmitter.java:135) ~[spring-webmvc-6.2.6.jar:6.2.6]
	at org.springframework.web.servlet.mvc.method.annotation.SseEmitter.send(SseEmitter.java:118) ~[spring-webmvc-6.2.6.jar:6.2.6]
	at org.springframework.web.servlet.mvc.method.annotation.ReactiveTypeHandler$SseEmitterSubscriber.send(ReactiveTypeHandler.java:440) ~[spring-webmvc-6.2.6.jar:6.2.6]
	at org.springframework.web.servlet.mvc.method.annotation.ReactiveTypeHandler$AbstractEmitterSubscriber.run(ReactiveTypeHandler.java:359) ~[spring-webmvc-6.2.6.jar:6.2.6]
	at io.micrometer.context.ContextSnapshot.lambda$wrap$0(ContextSnapshot.java:91) ~[context-propagation-1.1.3.jar:1.1.3]
	at java.base/java.lang.Thread.run(Thread.java:1583) [?:?]
Caused by: org.apache.catalina.connector.ClientAbortException: java.io.IOException: 你的主机中的软件中止了一个已建立的连接。
	at org.apache.catalina.connector.OutputBuffer.doFlush(OutputBuffer.java:304) ~[tomcat-embed-core-10.1.40.jar:10.1.40]
	at org.apache.catalina.connector.OutputBuffer.flush(OutputBuffer.java:266) ~[tomcat-embed-core-10.1.40.jar:10.1.40]
	at org.apache.catalina.connector.CoyoteOutputStream.flush(CoyoteOutputStream.java:133) ~[tomcat-embed-core-10.1.40.jar:10.1.40]
	at org.springframework.web.context.request.async.StandardServletAsyncWebRequest$LifecycleServletOutputStream.flush(StandardServletAsyncWebRequest.java:415) ~[spring-web-6.2.6.jar:6.2.6]
	... 16 more
Caused by: java.io.IOException: 你的主机中的软件中止了一个已建立的连接。
	at java.base/sun.nio.ch.SocketDispatcher.write0(Native Method) ~[?:?]
	at java.base/sun.nio.ch.SocketDispatcher.write(SocketDispatcher.java:54) ~[?:?]
	at java.base/sun.nio.ch.IOUtil.writeFromNativeBuffer(IOUtil.java:137) ~[?:?]
	at java.base/sun.nio.ch.IOUtil.write(IOUtil.java:102) ~[?:?]
	at java.base/sun.nio.ch.IOUtil.write(IOUtil.java:58) ~[?:?]
	at java.base/sun.nio.ch.SocketChannelImpl.write(SocketChannelImpl.java:542) ~[?:?]
	at org.apache.tomcat.util.net.NioChannel.write(NioChannel.java:122) ~[tomcat-embed-core-10.1.40.jar:10.1.40]
	at org.apache.tomcat.util.net.NioEndpoint$NioSocketWrapper.doWrite(NioEndpoint.java:1380) ~[tomcat-embed-core-10.1.40.jar:10.1.40]
	at org.apache.tomcat.util.net.SocketWrapperBase.doWrite(SocketWrapperBase.java:764) ~[tomcat-embed-core-10.1.40.jar:10.1.40]
	at org.apache.tomcat.util.net.SocketWrapperBase.flushBlocking(SocketWrapperBase.java:728) ~[tomcat-embed-core-10.1.40.jar:10.1.40]
	at org.apache.tomcat.util.net.SocketWrapperBase.flush(SocketWrapperBase.java:712) ~[tomcat-embed-core-10.1.40.jar:10.1.40]
	at org.apache.coyote.http11.Http11OutputBuffer$SocketOutputBuffer.flush(Http11OutputBuffer.java:574) ~[tomcat-embed-core-10.1.40.jar:10.1.40]
	at org.apache.coyote.http11.filters.ChunkedOutputFilter.flush(ChunkedOutputFilter.java:156) ~[tomcat-embed-core-10.1.40.jar:10.1.40]
	at org.apache.coyote.http11.Http11OutputBuffer.flush(Http11OutputBuffer.java:216) ~[tomcat-embed-core-10.1.40.jar:10.1.40]
	at org.apache.coyote.http11.Http11Processor.flush(Http11Processor.java:1271) ~[tomcat-embed-core-10.1.40.jar:10.1.40]
	at org.apache.coyote.AbstractProcessor.action(AbstractProcessor.java:408) ~[tomcat-embed-core-10.1.40.jar:10.1.40]
	at org.apache.coyote.Response.action(Response.java:208) ~[tomcat-embed-core-10.1.40.jar:10.1.40]
	at org.apache.catalina.connector.OutputBuffer.doFlush(OutputBuffer.java:300) ~[tomcat-embed-core-10.1.40.jar:10.1.40]
	at org.apache.catalina.connector.OutputBuffer.flush(OutputBuffer.java:266) ~[tomcat-embed-core-10.1.40.jar:10.1.40]
	at org.apache.catalina.connector.CoyoteOutputStream.flush(CoyoteOutputStream.java:133) ~[tomcat-embed-core-10.1.40.jar:10.1.40]
	at org.springframework.web.context.request.async.StandardServletAsyncWebRequest$LifecycleServletOutputStream.flush(StandardServletAsyncWebRequest.java:415) ~[spring-web-6.2.6.jar:6.2.6]
	... 16 more
2026-02-14 13:54:24.930 [http-nio-8080-exec-3] ERROR com.bit.ai.robot.exception.GlobalExceptionHandler - /chat/completion request error, 
org.springframework.web.context.request.async.AsyncRequestNotUsableException: ServletOutputStream failed to flush: java.io.IOException: 你的主机中的软件中止了一个已建立的连接。
	at org.springframework.web.context.request.async.StandardServletAsyncWebRequest$LifecycleHttpServletResponse.handleIOException(StandardServletAsyncWebRequest.java:346) ~[spring-web-6.2.6.jar:6.2.6]
	at org.springframework.web.context.request.async.StandardServletAsyncWebRequest$LifecycleServletOutputStream.flush(StandardServletAsyncWebRequest.java:418) ~[spring-web-6.2.6.jar:6.2.6]
	at java.base/java.io.FilterOutputStream.flush(FilterOutputStream.java:155) ~[?:?]
	at com.fasterxml.jackson.core.json.UTF8JsonGenerator.flush(UTF8JsonGenerator.java:1205) ~[jackson-core-2.18.3.jar:2.18.3]
	at com.fasterxml.jackson.databind.ObjectWriter.writeValue(ObjectWriter.java:1063) ~[jackson-databind-2.18.3.jar:2.18.3]
	at org.springframework.http.converter.json.AbstractJackson2HttpMessageConverter.writeInternal(AbstractJackson2HttpMessageConverter.java:486) ~[spring-web-6.2.6.jar:6.2.6]
	at org.springframework.http.converter.AbstractGenericHttpMessageConverter.writeInternal(AbstractGenericHttpMessageConverter.java:135) ~[spring-web-6.2.6.jar:6.2.6]
	at org.springframework.http.converter.AbstractHttpMessageConverter.write(AbstractHttpMessageConverter.java:235) ~[spring-web-6.2.6.jar:6.2.6]
	at org.springframework.web.servlet.mvc.method.annotation.ResponseBodyEmitterReturnValueHandler$DefaultSseEmitterHandler.sendInternal(ResponseBodyEmitterReturnValueHandler.java:310) ~[spring-webmvc-6.2.6.jar:6.2.6]
	at org.springframework.web.servlet.mvc.method.annotation.ResponseBodyEmitterReturnValueHandler$DefaultSseEmitterHandler.send(ResponseBodyEmitterReturnValueHandler.java:297) ~[spring-webmvc-6.2.6.jar:6.2.6]
	at org.springframework.web.servlet.mvc.method.annotation.ResponseBodyEmitter.sendInternal(ResponseBodyEmitter.java:226) ~[spring-webmvc-6.2.6.jar:6.2.6]
	at org.springframework.web.servlet.mvc.method.annotation.ResponseBodyEmitter.send(ResponseBodyEmitter.java:217) ~[spring-webmvc-6.2.6.jar:6.2.6]
	at org.springframework.web.servlet.mvc.method.annotation.SseEmitter.send(SseEmitter.java:135) ~[spring-webmvc-6.2.6.jar:6.2.6]
	at org.springframework.web.servlet.mvc.method.annotation.SseEmitter.send(SseEmitter.java:118) ~[spring-webmvc-6.2.6.jar:6.2.6]
	at org.springframework.web.servlet.mvc.method.annotation.ReactiveTypeHandler$SseEmitterSubscriber.send(ReactiveTypeHandler.java:440) ~[spring-webmvc-6.2.6.jar:6.2.6]
	at org.springframework.web.servlet.mvc.method.annotation.ReactiveTypeHandler$AbstractEmitterSubscriber.run(ReactiveTypeHandler.java:359) ~[spring-webmvc-6.2.6.jar:6.2.6]
	at io.micrometer.context.ContextSnapshot.lambda$wrap$0(ContextSnapshot.java:91) ~[context-propagation-1.1.3.jar:1.1.3]
	at java.base/java.lang.Thread.run(Thread.java:1583) [?:?]
Caused by: org.apache.catalina.connector.ClientAbortException: java.io.IOException: 你的主机中的软件中止了一个已建立的连接。
	at org.apache.catalina.connector.OutputBuffer.doFlush(OutputBuffer.java:304) ~[tomcat-embed-core-10.1.40.jar:10.1.40]
	at org.apache.catalina.connector.OutputBuffer.flush(OutputBuffer.java:266) ~[tomcat-embed-core-10.1.40.jar:10.1.40]
	at org.apache.catalina.connector.CoyoteOutputStream.flush(CoyoteOutputStream.java:133) ~[tomcat-embed-core-10.1.40.jar:10.1.40]
	at org.springframework.web.context.request.async.StandardServletAsyncWebRequest$LifecycleServletOutputStream.flush(StandardServletAsyncWebRequest.java:415) ~[spring-web-6.2.6.jar:6.2.6]
	... 16 more
Caused by: java.io.IOException: 你的主机中的软件中止了一个已建立的连接。
	at java.base/sun.nio.ch.SocketDispatcher.write0(Native Method) ~[?:?]
	at java.base/sun.nio.ch.SocketDispatcher.write(SocketDispatcher.java:54) ~[?:?]
	at java.base/sun.nio.ch.IOUtil.writeFromNativeBuffer(IOUtil.java:137) ~[?:?]
	at java.base/sun.nio.ch.IOUtil.write(IOUtil.java:102) ~[?:?]
	at java.base/sun.nio.ch.IOUtil.write(IOUtil.java:58) ~[?:?]
	at java.base/sun.nio.ch.SocketChannelImpl.write(SocketChannelImpl.java:542) ~[?:?]
	at org.apache.tomcat.util.net.NioChannel.write(NioChannel.java:122) ~[tomcat-embed-core-10.1.40.jar:10.1.40]
	at org.apache.tomcat.util.net.NioEndpoint$NioSocketWrapper.doWrite(NioEndpoint.java:1380) ~[tomcat-embed-core-10.1.40.jar:10.1.40]
	at org.apache.tomcat.util.net.SocketWrapperBase.doWrite(SocketWrapperBase.java:764) ~[tomcat-embed-core-10.1.40.jar:10.1.40]
	at org.apache.tomcat.util.net.SocketWrapperBase.flushBlocking(SocketWrapperBase.java:728) ~[tomcat-embed-core-10.1.40.jar:10.1.40]
	at org.apache.tomcat.util.net.SocketWrapperBase.flush(SocketWrapperBase.java:712) ~[tomcat-embed-core-10.1.40.jar:10.1.40]
	at org.apache.coyote.http11.Http11OutputBuffer$SocketOutputBuffer.flush(Http11OutputBuffer.java:574) ~[tomcat-embed-core-10.1.40.jar:10.1.40]
	at org.apache.coyote.http11.filters.ChunkedOutputFilter.flush(ChunkedOutputFilter.java:156) ~[tomcat-embed-core-10.1.40.jar:10.1.40]
	at org.apache.coyote.http11.Http11OutputBuffer.flush(Http11OutputBuffer.java:216) ~[tomcat-embed-core-10.1.40.jar:10.1.40]
	at org.apache.coyote.http11.Http11Processor.flush(Http11Processor.java:1271) ~[tomcat-embed-core-10.1.40.jar:10.1.40]
	at org.apache.coyote.AbstractProcessor.action(AbstractProcessor.java:408) ~[tomcat-embed-core-10.1.40.jar:10.1.40]
	at org.apache.coyote.Response.action(Response.java:208) ~[tomcat-embed-core-10.1.40.jar:10.1.40]
	at org.apache.catalina.connector.OutputBuffer.doFlush(OutputBuffer.java:300) ~[tomcat-embed-core-10.1.40.jar:10.1.40]
	at org.apache.catalina.connector.OutputBuffer.flush(OutputBuffer.java:266) ~[tomcat-embed-core-10.1.40.jar:10.1.40]
	at org.apache.catalina.connector.CoyoteOutputStream.flush(CoyoteOutputStream.java:133) ~[tomcat-embed-core-10.1.40.jar:10.1.40]
	at org.springframework.web.context.request.async.StandardServletAsyncWebRequest$LifecycleServletOutputStream.flush(StandardServletAsyncWebRequest.java:415) ~[spring-web-6.2.6.jar:6.2.6]
	... 16 more
2026-02-14 13:54:38.816 [http-nio-8080-exec-6] ERROR com.bit.ai.robot.exception.GlobalExceptionHandler - /chat/completion request error, 
org.springframework.web.context.request.async.AsyncRequestNotUsableException: ServletOutputStream failed to flush: java.io.IOException: 你的主机中的软件中止了一个已建立的连接。
	at org.springframework.web.context.request.async.StandardServletAsyncWebRequest$LifecycleHttpServletResponse.handleIOException(StandardServletAsyncWebRequest.java:346) ~[spring-web-6.2.6.jar:6.2.6]
	at org.springframework.web.context.request.async.StandardServletAsyncWebRequest$LifecycleServletOutputStream.flush(StandardServletAsyncWebRequest.java:418) ~[spring-web-6.2.6.jar:6.2.6]
	at java.base/java.io.FilterOutputStream.flush(FilterOutputStream.java:155) ~[?:?]
	at com.fasterxml.jackson.core.json.UTF8JsonGenerator.flush(UTF8JsonGenerator.java:1205) ~[jackson-core-2.18.3.jar:2.18.3]
	at com.fasterxml.jackson.databind.ObjectWriter.writeValue(ObjectWriter.java:1063) ~[jackson-databind-2.18.3.jar:2.18.3]
	at org.springframework.http.converter.json.AbstractJackson2HttpMessageConverter.writeInternal(AbstractJackson2HttpMessageConverter.java:486) ~[spring-web-6.2.6.jar:6.2.6]
	at org.springframework.http.converter.AbstractGenericHttpMessageConverter.writeInternal(AbstractGenericHttpMessageConverter.java:135) ~[spring-web-6.2.6.jar:6.2.6]
	at org.springframework.http.converter.AbstractHttpMessageConverter.write(AbstractHttpMessageConverter.java:235) ~[spring-web-6.2.6.jar:6.2.6]
	at org.springframework.web.servlet.mvc.method.annotation.ResponseBodyEmitterReturnValueHandler$DefaultSseEmitterHandler.sendInternal(ResponseBodyEmitterReturnValueHandler.java:310) ~[spring-webmvc-6.2.6.jar:6.2.6]
	at org.springframework.web.servlet.mvc.method.annotation.ResponseBodyEmitterReturnValueHandler$DefaultSseEmitterHandler.send(ResponseBodyEmitterReturnValueHandler.java:297) ~[spring-webmvc-6.2.6.jar:6.2.6]
	at org.springframework.web.servlet.mvc.method.annotation.ResponseBodyEmitter.sendInternal(ResponseBodyEmitter.java:226) ~[spring-webmvc-6.2.6.jar:6.2.6]
	at org.springframework.web.servlet.mvc.method.annotation.ResponseBodyEmitter.send(ResponseBodyEmitter.java:217) ~[spring-webmvc-6.2.6.jar:6.2.6]
	at org.springframework.web.servlet.mvc.method.annotation.SseEmitter.send(SseEmitter.java:135) ~[spring-webmvc-6.2.6.jar:6.2.6]
	at org.springframework.web.servlet.mvc.method.annotation.SseEmitter.send(SseEmitter.java:118) ~[spring-webmvc-6.2.6.jar:6.2.6]
	at org.springframework.web.servlet.mvc.method.annotation.ReactiveTypeHandler$SseEmitterSubscriber.send(ReactiveTypeHandler.java:440) ~[spring-webmvc-6.2.6.jar:6.2.6]
	at org.springframework.web.servlet.mvc.method.annotation.ReactiveTypeHandler$AbstractEmitterSubscriber.run(ReactiveTypeHandler.java:359) ~[spring-webmvc-6.2.6.jar:6.2.6]
	at io.micrometer.context.ContextSnapshot.lambda$wrap$0(ContextSnapshot.java:91) ~[context-propagation-1.1.3.jar:1.1.3]
	at java.base/java.lang.Thread.run(Thread.java:1583) [?:?]
Caused by: org.apache.catalina.connector.ClientAbortException: java.io.IOException: 你的主机中的软件中止了一个已建立的连接。
	at org.apache.catalina.connector.OutputBuffer.doFlush(OutputBuffer.java:304) ~[tomcat-embed-core-10.1.40.jar:10.1.40]
	at org.apache.catalina.connector.OutputBuffer.flush(OutputBuffer.java:266) ~[tomcat-embed-core-10.1.40.jar:10.1.40]
	at org.apache.catalina.connector.CoyoteOutputStream.flush(CoyoteOutputStream.java:133) ~[tomcat-embed-core-10.1.40.jar:10.1.40]
	at org.springframework.web.context.request.async.StandardServletAsyncWebRequest$LifecycleServletOutputStream.flush(StandardServletAsyncWebRequest.java:415) ~[spring-web-6.2.6.jar:6.2.6]
	... 16 more
Caused by: java.io.IOException: 你的主机中的软件中止了一个已建立的连接。
	at java.base/sun.nio.ch.SocketDispatcher.write0(Native Method) ~[?:?]
	at java.base/sun.nio.ch.SocketDispatcher.write(SocketDispatcher.java:54) ~[?:?]
	at java.base/sun.nio.ch.IOUtil.writeFromNativeBuffer(IOUtil.java:137) ~[?:?]
	at java.base/sun.nio.ch.IOUtil.write(IOUtil.java:102) ~[?:?]
	at java.base/sun.nio.ch.IOUtil.write(IOUtil.java:58) ~[?:?]
	at java.base/sun.nio.ch.SocketChannelImpl.write(SocketChannelImpl.java:542) ~[?:?]
	at org.apache.tomcat.util.net.NioChannel.write(NioChannel.java:122) ~[tomcat-embed-core-10.1.40.jar:10.1.40]
	at org.apache.tomcat.util.net.NioEndpoint$NioSocketWrapper.doWrite(NioEndpoint.java:1380) ~[tomcat-embed-core-10.1.40.jar:10.1.40]
	at org.apache.tomcat.util.net.SocketWrapperBase.doWrite(SocketWrapperBase.java:764) ~[tomcat-embed-core-10.1.40.jar:10.1.40]
	at org.apache.tomcat.util.net.SocketWrapperBase.flushBlocking(SocketWrapperBase.java:728) ~[tomcat-embed-core-10.1.40.jar:10.1.40]
	at org.apache.tomcat.util.net.SocketWrapperBase.flush(SocketWrapperBase.java:712) ~[tomcat-embed-core-10.1.40.jar:10.1.40]
	at org.apache.coyote.http11.Http11OutputBuffer$SocketOutputBuffer.flush(Http11OutputBuffer.java:574) ~[tomcat-embed-core-10.1.40.jar:10.1.40]
	at org.apache.coyote.http11.filters.ChunkedOutputFilter.flush(ChunkedOutputFilter.java:156) ~[tomcat-embed-core-10.1.40.jar:10.1.40]
	at org.apache.coyote.http11.Http11OutputBuffer.flush(Http11OutputBuffer.java:216) ~[tomcat-embed-core-10.1.40.jar:10.1.40]
	at org.apache.coyote.http11.Http11Processor.flush(Http11Processor.java:1271) ~[tomcat-embed-core-10.1.40.jar:10.1.40]
	at org.apache.coyote.AbstractProcessor.action(AbstractProcessor.java:408) ~[tomcat-embed-core-10.1.40.jar:10.1.40]
	at org.apache.coyote.Response.action(Response.java:208) ~[tomcat-embed-core-10.1.40.jar:10.1.40]
	at org.apache.catalina.connector.OutputBuffer.doFlush(OutputBuffer.java:300) ~[tomcat-embed-core-10.1.40.jar:10.1.40]
	at org.apache.catalina.connector.OutputBuffer.flush(OutputBuffer.java:266) ~[tomcat-embed-core-10.1.40.jar:10.1.40]
	at org.apache.catalina.connector.CoyoteOutputStream.flush(CoyoteOutputStream.java:133) ~[tomcat-embed-core-10.1.40.jar:10.1.40]
	at org.springframework.web.context.request.async.StandardServletAsyncWebRequest$LifecycleServletOutputStream.flush(StandardServletAsyncWebRequest.java:415) ~[spring-web-6.2.6.jar:6.2.6]
	... 16 more
2026-02-14 13:54:48.377 [http-nio-8080-exec-9] ERROR com.bit.ai.robot.exception.GlobalExceptionHandler - /chat/completion request error, 
org.springframework.web.context.request.async.AsyncRequestNotUsableException: ServletOutputStream failed to flush: java.io.IOException: 你的主机中的软件中止了一个已建立的连接。
	at org.springframework.web.context.request.async.StandardServletAsyncWebRequest$LifecycleHttpServletResponse.handleIOException(StandardServletAsyncWebRequest.java:346) ~[spring-web-6.2.6.jar:6.2.6]
	at org.springframework.web.context.request.async.StandardServletAsyncWebRequest$LifecycleServletOutputStream.flush(StandardServletAsyncWebRequest.java:418) ~[spring-web-6.2.6.jar:6.2.6]
	at java.base/java.io.FilterOutputStream.flush(FilterOutputStream.java:155) ~[?:?]
	at com.fasterxml.jackson.core.json.UTF8JsonGenerator.flush(UTF8JsonGenerator.java:1205) ~[jackson-core-2.18.3.jar:2.18.3]
	at com.fasterxml.jackson.databind.ObjectWriter.writeValue(ObjectWriter.java:1063) ~[jackson-databind-2.18.3.jar:2.18.3]
	at org.springframework.http.converter.json.AbstractJackson2HttpMessageConverter.writeInternal(AbstractJackson2HttpMessageConverter.java:486) ~[spring-web-6.2.6.jar:6.2.6]
	at org.springframework.http.converter.AbstractGenericHttpMessageConverter.writeInternal(AbstractGenericHttpMessageConverter.java:135) ~[spring-web-6.2.6.jar:6.2.6]
	at org.springframework.http.converter.AbstractHttpMessageConverter.write(AbstractHttpMessageConverter.java:235) ~[spring-web-6.2.6.jar:6.2.6]
	at org.springframework.web.servlet.mvc.method.annotation.ResponseBodyEmitterReturnValueHandler$DefaultSseEmitterHandler.sendInternal(ResponseBodyEmitterReturnValueHandler.java:310) ~[spring-webmvc-6.2.6.jar:6.2.6]
	at org.springframework.web.servlet.mvc.method.annotation.ResponseBodyEmitterReturnValueHandler$DefaultSseEmitterHandler.send(ResponseBodyEmitterReturnValueHandler.java:297) ~[spring-webmvc-6.2.6.jar:6.2.6]
	at org.springframework.web.servlet.mvc.method.annotation.ResponseBodyEmitter.sendInternal(ResponseBodyEmitter.java:226) ~[spring-webmvc-6.2.6.jar:6.2.6]
	at org.springframework.web.servlet.mvc.method.annotation.ResponseBodyEmitter.send(ResponseBodyEmitter.java:217) ~[spring-webmvc-6.2.6.jar:6.2.6]
	at org.springframework.web.servlet.mvc.method.annotation.SseEmitter.send(SseEmitter.java:135) ~[spring-webmvc-6.2.6.jar:6.2.6]
	at org.springframework.web.servlet.mvc.method.annotation.SseEmitter.send(SseEmitter.java:118) ~[spring-webmvc-6.2.6.jar:6.2.6]
	at org.springframework.web.servlet.mvc.method.annotation.ReactiveTypeHandler$SseEmitterSubscriber.send(ReactiveTypeHandler.java:440) ~[spring-webmvc-6.2.6.jar:6.2.6]
	at org.springframework.web.servlet.mvc.method.annotation.ReactiveTypeHandler$AbstractEmitterSubscriber.run(ReactiveTypeHandler.java:359) ~[spring-webmvc-6.2.6.jar:6.2.6]
	at io.micrometer.context.ContextSnapshot.lambda$wrap$0(ContextSnapshot.java:91) ~[context-propagation-1.1.3.jar:1.1.3]
	at java.base/java.lang.Thread.run(Thread.java:1583) [?:?]
Caused by: org.apache.catalina.connector.ClientAbortException: java.io.IOException: 你的主机中的软件中止了一个已建立的连接。
	at org.apache.catalina.connector.OutputBuffer.doFlush(OutputBuffer.java:304) ~[tomcat-embed-core-10.1.40.jar:10.1.40]
	at org.apache.catalina.connector.OutputBuffer.flush(OutputBuffer.java:266) ~[tomcat-embed-core-10.1.40.jar:10.1.40]
	at org.apache.catalina.connector.CoyoteOutputStream.flush(CoyoteOutputStream.java:133) ~[tomcat-embed-core-10.1.40.jar:10.1.40]
	at org.springframework.web.context.request.async.StandardServletAsyncWebRequest$LifecycleServletOutputStream.flush(StandardServletAsyncWebRequest.java:415) ~[spring-web-6.2.6.jar:6.2.6]
	... 16 more
Caused by: java.io.IOException: 你的主机中的软件中止了一个已建立的连接。
	at java.base/sun.nio.ch.SocketDispatcher.write0(Native Method) ~[?:?]
	at java.base/sun.nio.ch.SocketDispatcher.write(SocketDispatcher.java:54) ~[?:?]
	at java.base/sun.nio.ch.IOUtil.writeFromNativeBuffer(IOUtil.java:137) ~[?:?]
	at java.base/sun.nio.ch.IOUtil.write(IOUtil.java:102) ~[?:?]
	at java.base/sun.nio.ch.IOUtil.write(IOUtil.java:58) ~[?:?]
	at java.base/sun.nio.ch.SocketChannelImpl.write(SocketChannelImpl.java:542) ~[?:?]
	at org.apache.tomcat.util.net.NioChannel.write(NioChannel.java:122) ~[tomcat-embed-core-10.1.40.jar:10.1.40]
	at org.apache.tomcat.util.net.NioEndpoint$NioSocketWrapper.doWrite(NioEndpoint.java:1380) ~[tomcat-embed-core-10.1.40.jar:10.1.40]
	at org.apache.tomcat.util.net.SocketWrapperBase.doWrite(SocketWrapperBase.java:764) ~[tomcat-embed-core-10.1.40.jar:10.1.40]
	at org.apache.tomcat.util.net.SocketWrapperBase.flushBlocking(SocketWrapperBase.java:728) ~[tomcat-embed-core-10.1.40.jar:10.1.40]
	at org.apache.tomcat.util.net.SocketWrapperBase.flush(SocketWrapperBase.java:712) ~[tomcat-embed-core-10.1.40.jar:10.1.40]
	at org.apache.coyote.http11.Http11OutputBuffer$SocketOutputBuffer.flush(Http11OutputBuffer.java:574) ~[tomcat-embed-core-10.1.40.jar:10.1.40]
	at org.apache.coyote.http11.filters.ChunkedOutputFilter.flush(ChunkedOutputFilter.java:156) ~[tomcat-embed-core-10.1.40.jar:10.1.40]
	at org.apache.coyote.http11.Http11OutputBuffer.flush(Http11OutputBuffer.java:216) ~[tomcat-embed-core-10.1.40.jar:10.1.40]
	at org.apache.coyote.http11.Http11Processor.flush(Http11Processor.java:1271) ~[tomcat-embed-core-10.1.40.jar:10.1.40]
	at org.apache.coyote.AbstractProcessor.action(AbstractProcessor.java:408) ~[tomcat-embed-core-10.1.40.jar:10.1.40]
	at org.apache.coyote.Response.action(Response.java:208) ~[tomcat-embed-core-10.1.40.jar:10.1.40]
	at org.apache.catalina.connector.OutputBuffer.doFlush(OutputBuffer.java:300) ~[tomcat-embed-core-10.1.40.jar:10.1.40]
	at org.apache.catalina.connector.OutputBuffer.flush(OutputBuffer.java:266) ~[tomcat-embed-core-10.1.40.jar:10.1.40]
	at org.apache.catalina.connector.CoyoteOutputStream.flush(CoyoteOutputStream.java:133) ~[tomcat-embed-core-10.1.40.jar:10.1.40]
	at org.springframework.web.context.request.async.StandardServletAsyncWebRequest$LifecycleServletOutputStream.flush(StandardServletAsyncWebRequest.java:415) ~[spring-web-6.2.6.jar:6.2.6]
	... 16 more
2026-02-14 13:55:43.307 [http-nio-8080-exec-10] ERROR com.bit.ai.robot.exception.GlobalExceptionHandler - /chat/completion request error, 
org.springframework.web.context.request.async.AsyncRequestNotUsableException: ServletOutputStream failed to flush: java.io.IOException: 你的主机中的软件中止了一个已建立的连接。
	at org.springframework.web.context.request.async.StandardServletAsyncWebRequest$LifecycleHttpServletResponse.handleIOException(StandardServletAsyncWebRequest.java:346) ~[spring-web-6.2.6.jar:6.2.6]
	at org.springframework.web.context.request.async.StandardServletAsyncWebRequest$LifecycleServletOutputStream.flush(StandardServletAsyncWebRequest.java:418) ~[spring-web-6.2.6.jar:6.2.6]
	at java.base/java.io.FilterOutputStream.flush(FilterOutputStream.java:155) ~[?:?]
	at com.fasterxml.jackson.core.json.UTF8JsonGenerator.flush(UTF8JsonGenerator.java:1205) ~[jackson-core-2.18.3.jar:2.18.3]
	at com.fasterxml.jackson.databind.ObjectWriter.writeValue(ObjectWriter.java:1063) ~[jackson-databind-2.18.3.jar:2.18.3]
	at org.springframework.http.converter.json.AbstractJackson2HttpMessageConverter.writeInternal(AbstractJackson2HttpMessageConverter.java:486) ~[spring-web-6.2.6.jar:6.2.6]
	at org.springframework.http.converter.AbstractGenericHttpMessageConverter.writeInternal(AbstractGenericHttpMessageConverter.java:135) ~[spring-web-6.2.6.jar:6.2.6]
	at org.springframework.http.converter.AbstractHttpMessageConverter.write(AbstractHttpMessageConverter.java:235) ~[spring-web-6.2.6.jar:6.2.6]
	at org.springframework.web.servlet.mvc.method.annotation.ResponseBodyEmitterReturnValueHandler$DefaultSseEmitterHandler.sendInternal(ResponseBodyEmitterReturnValueHandler.java:310) ~[spring-webmvc-6.2.6.jar:6.2.6]
	at org.springframework.web.servlet.mvc.method.annotation.ResponseBodyEmitterReturnValueHandler$DefaultSseEmitterHandler.send(ResponseBodyEmitterReturnValueHandler.java:297) ~[spring-webmvc-6.2.6.jar:6.2.6]
	at org.springframework.web.servlet.mvc.method.annotation.ResponseBodyEmitter.sendInternal(ResponseBodyEmitter.java:226) ~[spring-webmvc-6.2.6.jar:6.2.6]
	at org.springframework.web.servlet.mvc.method.annotation.ResponseBodyEmitter.send(ResponseBodyEmitter.java:217) ~[spring-webmvc-6.2.6.jar:6.2.6]
	at org.springframework.web.servlet.mvc.method.annotation.SseEmitter.send(SseEmitter.java:135) ~[spring-webmvc-6.2.6.jar:6.2.6]
	at org.springframework.web.servlet.mvc.method.annotation.SseEmitter.send(SseEmitter.java:118) ~[spring-webmvc-6.2.6.jar:6.2.6]
	at org.springframework.web.servlet.mvc.method.annotation.ReactiveTypeHandler$SseEmitterSubscriber.send(ReactiveTypeHandler.java:440) ~[spring-webmvc-6.2.6.jar:6.2.6]
	at org.springframework.web.servlet.mvc.method.annotation.ReactiveTypeHandler$AbstractEmitterSubscriber.run(ReactiveTypeHandler.java:359) ~[spring-webmvc-6.2.6.jar:6.2.6]
	at io.micrometer.context.ContextSnapshot.lambda$wrap$0(ContextSnapshot.java:91) ~[context-propagation-1.1.3.jar:1.1.3]
	at java.base/java.lang.Thread.run(Thread.java:1583) [?:?]
Caused by: org.apache.catalina.connector.ClientAbortException: java.io.IOException: 你的主机中的软件中止了一个已建立的连接。
	at org.apache.catalina.connector.OutputBuffer.doFlush(OutputBuffer.java:304) ~[tomcat-embed-core-10.1.40.jar:10.1.40]
	at org.apache.catalina.connector.OutputBuffer.flush(OutputBuffer.java:266) ~[tomcat-embed-core-10.1.40.jar:10.1.40]
	at org.apache.catalina.connector.CoyoteOutputStream.flush(CoyoteOutputStream.java:133) ~[tomcat-embed-core-10.1.40.jar:10.1.40]
	at org.springframework.web.context.request.async.StandardServletAsyncWebRequest$LifecycleServletOutputStream.flush(StandardServletAsyncWebRequest.java:415) ~[spring-web-6.2.6.jar:6.2.6]
	... 16 more
Caused by: java.io.IOException: 你的主机中的软件中止了一个已建立的连接。
	at java.base/sun.nio.ch.SocketDispatcher.write0(Native Method) ~[?:?]
	at java.base/sun.nio.ch.SocketDispatcher.write(SocketDispatcher.java:54) ~[?:?]
	at java.base/sun.nio.ch.IOUtil.writeFromNativeBuffer(IOUtil.java:137) ~[?:?]
	at java.base/sun.nio.ch.IOUtil.write(IOUtil.java:102) ~[?:?]
	at java.base/sun.nio.ch.IOUtil.write(IOUtil.java:58) ~[?:?]
	at java.base/sun.nio.ch.SocketChannelImpl.write(SocketChannelImpl.java:542) ~[?:?]
	at org.apache.tomcat.util.net.NioChannel.write(NioChannel.java:122) ~[tomcat-embed-core-10.1.40.jar:10.1.40]
	at org.apache.tomcat.util.net.NioEndpoint$NioSocketWrapper.doWrite(NioEndpoint.java:1380) ~[tomcat-embed-core-10.1.40.jar:10.1.40]
	at org.apache.tomcat.util.net.SocketWrapperBase.doWrite(SocketWrapperBase.java:764) ~[tomcat-embed-core-10.1.40.jar:10.1.40]
	at org.apache.tomcat.util.net.SocketWrapperBase.flushBlocking(SocketWrapperBase.java:728) ~[tomcat-embed-core-10.1.40.jar:10.1.40]
	at org.apache.tomcat.util.net.SocketWrapperBase.flush(SocketWrapperBase.java:712) ~[tomcat-embed-core-10.1.40.jar:10.1.40]
	at org.apache.coyote.http11.Http11OutputBuffer$SocketOutputBuffer.flush(Http11OutputBuffer.java:574) ~[tomcat-embed-core-10.1.40.jar:10.1.40]
	at org.apache.coyote.http11.filters.ChunkedOutputFilter.flush(ChunkedOutputFilter.java:156) ~[tomcat-embed-core-10.1.40.jar:10.1.40]
	at org.apache.coyote.http11.Http11OutputBuffer.flush(Http11OutputBuffer.java:216) ~[tomcat-embed-core-10.1.40.jar:10.1.40]
	at org.apache.coyote.http11.Http11Processor.flush(Http11Processor.java:1271) ~[tomcat-embed-core-10.1.40.jar:10.1.40]
	at org.apache.coyote.AbstractProcessor.action(AbstractProcessor.java:408) ~[tomcat-embed-core-10.1.40.jar:10.1.40]
	at org.apache.coyote.Response.action(Response.java:208) ~[tomcat-embed-core-10.1.40.jar:10.1.40]
	at org.apache.catalina.connector.OutputBuffer.doFlush(OutputBuffer.java:300) ~[tomcat-embed-core-10.1.40.jar:10.1.40]
	at org.apache.catalina.connector.OutputBuffer.flush(OutputBuffer.java:266) ~[tomcat-embed-core-10.1.40.jar:10.1.40]
	at org.apache.catalina.connector.CoyoteOutputStream.flush(CoyoteOutputStream.java:133) ~[tomcat-embed-core-10.1.40.jar:10.1.40]
	at org.springframework.web.context.request.async.StandardServletAsyncWebRequest$LifecycleServletOutputStream.flush(StandardServletAsyncWebRequest.java:415) ~[spring-web-6.2.6.jar:6.2.6]
	... 16 more
2026-02-14 13:56:07.282 [http-nio-8080-exec-9] ERROR com.bit.ai.robot.exception.GlobalExceptionHandler - /chat/completion request error, 
org.springframework.web.context.request.async.AsyncRequestNotUsableException: ServletOutputStream failed to flush: java.io.IOException: 你的主机中的软件中止了一个已建立的连接。
	at org.springframework.web.context.request.async.StandardServletAsyncWebRequest$LifecycleHttpServletResponse.handleIOException(StandardServletAsyncWebRequest.java:346) ~[spring-web-6.2.6.jar:6.2.6]
	at org.springframework.web.context.request.async.StandardServletAsyncWebRequest$LifecycleServletOutputStream.flush(StandardServletAsyncWebRequest.java:418) ~[spring-web-6.2.6.jar:6.2.6]
	at java.base/java.io.FilterOutputStream.flush(FilterOutputStream.java:155) ~[?:?]
	at com.fasterxml.jackson.core.json.UTF8JsonGenerator.flush(UTF8JsonGenerator.java:1205) ~[jackson-core-2.18.3.jar:2.18.3]
	at com.fasterxml.jackson.databind.ObjectWriter.writeValue(ObjectWriter.java:1063) ~[jackson-databind-2.18.3.jar:2.18.3]
	at org.springframework.http.converter.json.AbstractJackson2HttpMessageConverter.writeInternal(AbstractJackson2HttpMessageConverter.java:486) ~[spring-web-6.2.6.jar:6.2.6]
	at org.springframework.http.converter.AbstractGenericHttpMessageConverter.writeInternal(AbstractGenericHttpMessageConverter.java:135) ~[spring-web-6.2.6.jar:6.2.6]
	at org.springframework.http.converter.AbstractHttpMessageConverter.write(AbstractHttpMessageConverter.java:235) ~[spring-web-6.2.6.jar:6.2.6]
	at org.springframework.web.servlet.mvc.method.annotation.ResponseBodyEmitterReturnValueHandler$DefaultSseEmitterHandler.sendInternal(ResponseBodyEmitterReturnValueHandler.java:310) ~[spring-webmvc-6.2.6.jar:6.2.6]
	at org.springframework.web.servlet.mvc.method.annotation.ResponseBodyEmitterReturnValueHandler$DefaultSseEmitterHandler.send(ResponseBodyEmitterReturnValueHandler.java:297) ~[spring-webmvc-6.2.6.jar:6.2.6]
	at org.springframework.web.servlet.mvc.method.annotation.ResponseBodyEmitter.sendInternal(ResponseBodyEmitter.java:226) ~[spring-webmvc-6.2.6.jar:6.2.6]
	at org.springframework.web.servlet.mvc.method.annotation.ResponseBodyEmitter.send(ResponseBodyEmitter.java:217) ~[spring-webmvc-6.2.6.jar:6.2.6]
	at org.springframework.web.servlet.mvc.method.annotation.SseEmitter.send(SseEmitter.java:135) ~[spring-webmvc-6.2.6.jar:6.2.6]
	at org.springframework.web.servlet.mvc.method.annotation.SseEmitter.send(SseEmitter.java:118) ~[spring-webmvc-6.2.6.jar:6.2.6]
	at org.springframework.web.servlet.mvc.method.annotation.ReactiveTypeHandler$SseEmitterSubscriber.send(ReactiveTypeHandler.java:440) ~[spring-webmvc-6.2.6.jar:6.2.6]
	at org.springframework.web.servlet.mvc.method.annotation.ReactiveTypeHandler$AbstractEmitterSubscriber.run(ReactiveTypeHandler.java:359) ~[spring-webmvc-6.2.6.jar:6.2.6]
	at io.micrometer.context.ContextSnapshot.lambda$wrap$0(ContextSnapshot.java:91) ~[context-propagation-1.1.3.jar:1.1.3]
	at java.base/java.lang.Thread.run(Thread.java:1583) [?:?]
Caused by: org.apache.catalina.connector.ClientAbortException: java.io.IOException: 你的主机中的软件中止了一个已建立的连接。
	at org.apache.catalina.connector.OutputBuffer.doFlush(OutputBuffer.java:304) ~[tomcat-embed-core-10.1.40.jar:10.1.40]
	at org.apache.catalina.connector.OutputBuffer.flush(OutputBuffer.java:266) ~[tomcat-embed-core-10.1.40.jar:10.1.40]
	at org.apache.catalina.connector.CoyoteOutputStream.flush(CoyoteOutputStream.java:133) ~[tomcat-embed-core-10.1.40.jar:10.1.40]
	at org.springframework.web.context.request.async.StandardServletAsyncWebRequest$LifecycleServletOutputStream.flush(StandardServletAsyncWebRequest.java:415) ~[spring-web-6.2.6.jar:6.2.6]
	... 16 more
Caused by: java.io.IOException: 你的主机中的软件中止了一个已建立的连接。
	at java.base/sun.nio.ch.SocketDispatcher.write0(Native Method) ~[?:?]
	at java.base/sun.nio.ch.SocketDispatcher.write(SocketDispatcher.java:54) ~[?:?]
	at java.base/sun.nio.ch.IOUtil.writeFromNativeBuffer(IOUtil.java:137) ~[?:?]
	at java.base/sun.nio.ch.IOUtil.write(IOUtil.java:102) ~[?:?]
	at java.base/sun.nio.ch.IOUtil.write(IOUtil.java:58) ~[?:?]
	at java.base/sun.nio.ch.SocketChannelImpl.write(SocketChannelImpl.java:542) ~[?:?]
	at org.apache.tomcat.util.net.NioChannel.write(NioChannel.java:122) ~[tomcat-embed-core-10.1.40.jar:10.1.40]
	at org.apache.tomcat.util.net.NioEndpoint$NioSocketWrapper.doWrite(NioEndpoint.java:1380) ~[tomcat-embed-core-10.1.40.jar:10.1.40]
	at org.apache.tomcat.util.net.SocketWrapperBase.doWrite(SocketWrapperBase.java:764) ~[tomcat-embed-core-10.1.40.jar:10.1.40]
	at org.apache.tomcat.util.net.SocketWrapperBase.flushBlocking(SocketWrapperBase.java:728) ~[tomcat-embed-core-10.1.40.jar:10.1.40]
	at org.apache.tomcat.util.net.SocketWrapperBase.flush(SocketWrapperBase.java:712) ~[tomcat-embed-core-10.1.40.jar:10.1.40]
	at org.apache.coyote.http11.Http11OutputBuffer$SocketOutputBuffer.flush(Http11OutputBuffer.java:574) ~[tomcat-embed-core-10.1.40.jar:10.1.40]
	at org.apache.coyote.http11.filters.ChunkedOutputFilter.flush(ChunkedOutputFilter.java:156) ~[tomcat-embed-core-10.1.40.jar:10.1.40]
	at org.apache.coyote.http11.Http11OutputBuffer.flush(Http11OutputBuffer.java:216) ~[tomcat-embed-core-10.1.40.jar:10.1.40]
	at org.apache.coyote.http11.Http11Processor.flush(Http11Processor.java:1271) ~[tomcat-embed-core-10.1.40.jar:10.1.40]
	at org.apache.coyote.AbstractProcessor.action(AbstractProcessor.java:408) ~[tomcat-embed-core-10.1.40.jar:10.1.40]
	at org.apache.coyote.Response.action(Response.java:208) ~[tomcat-embed-core-10.1.40.jar:10.1.40]
	at org.apache.catalina.connector.OutputBuffer.doFlush(OutputBuffer.java:300) ~[tomcat-embed-core-10.1.40.jar:10.1.40]
	at org.apache.catalina.connector.OutputBuffer.flush(OutputBuffer.java:266) ~[tomcat-embed-core-10.1.40.jar:10.1.40]
	at org.apache.catalina.connector.CoyoteOutputStream.flush(CoyoteOutputStream.java:133) ~[tomcat-embed-core-10.1.40.jar:10.1.40]
	at org.springframework.web.context.request.async.StandardServletAsyncWebRequest$LifecycleServletOutputStream.flush(StandardServletAsyncWebRequest.java:415) ~[spring-web-6.2.6.jar:6.2.6]
	... 16 more
2026-02-14 13:56:10.712 [http-nio-8080-exec-3] ERROR com.bit.ai.robot.exception.GlobalExceptionHandler - /chat/completion request error, 
java.io.IOException: 你的主机中的软件中止了一个已建立的连接。
	at java.base/sun.nio.ch.SocketDispatcher.write0(Native Method) ~[?:?]
	at java.base/sun.nio.ch.SocketDispatcher.write(SocketDispatcher.java:54) ~[?:?]
	at java.base/sun.nio.ch.IOUtil.writeFromNativeBuffer(IOUtil.java:137) ~[?:?]
	at java.base/sun.nio.ch.IOUtil.write(IOUtil.java:102) ~[?:?]
	at java.base/sun.nio.ch.IOUtil.write(IOUtil.java:58) ~[?:?]
	at java.base/sun.nio.ch.SocketChannelImpl.write(SocketChannelImpl.java:542) ~[?:?]
	at org.apache.tomcat.util.net.NioChannel.write(NioChannel.java:122) ~[tomcat-embed-core-10.1.40.jar:10.1.40]
	at org.apache.tomcat.util.net.NioEndpoint$NioSocketWrapper.doWrite(NioEndpoint.java:1380) ~[tomcat-embed-core-10.1.40.jar:10.1.40]
	at org.apache.tomcat.util.net.SocketWrapperBase.doWrite(SocketWrapperBase.java:764) ~[tomcat-embed-core-10.1.40.jar:10.1.40]
	at org.apache.tomcat.util.net.SocketWrapperBase.flushBlocking(SocketWrapperBase.java:728) ~[tomcat-embed-core-10.1.40.jar:10.1.40]
	at org.apache.tomcat.util.net.SocketWrapperBase.flush(SocketWrapperBase.java:712) ~[tomcat-embed-core-10.1.40.jar:10.1.40]
	at org.apache.coyote.http11.Http11OutputBuffer$SocketOutputBuffer.flush(Http11OutputBuffer.java:574) ~[tomcat-embed-core-10.1.40.jar:10.1.40]
	at org.apache.coyote.http11.filters.ChunkedOutputFilter.flush(ChunkedOutputFilter.java:156) ~[tomcat-embed-core-10.1.40.jar:10.1.40]
	at org.apache.coyote.http11.Http11OutputBuffer.flush(Http11OutputBuffer.java:216) ~[tomcat-embed-core-10.1.40.jar:10.1.40]
	at org.apache.coyote.http11.Http11Processor.flush(Http11Processor.java:1271) ~[tomcat-embed-core-10.1.40.jar:10.1.40]
	at org.apache.coyote.AbstractProcessor.action(AbstractProcessor.java:408) ~[tomcat-embed-core-10.1.40.jar:10.1.40]
	at org.apache.coyote.Response.action(Response.java:208) ~[tomcat-embed-core-10.1.40.jar:10.1.40]
	at org.apache.catalina.connector.OutputBuffer.doFlush(OutputBuffer.java:300) ~[tomcat-embed-core-10.1.40.jar:10.1.40]
	at org.apache.catalina.connector.OutputBuffer.flush(OutputBuffer.java:266) ~[tomcat-embed-core-10.1.40.jar:10.1.40]
	at org.apache.catalina.connector.CoyoteOutputStream.flush(CoyoteOutputStream.java:133) ~[tomcat-embed-core-10.1.40.jar:10.1.40]
	at org.springframework.web.context.request.async.StandardServletAsyncWebRequest$LifecycleServletOutputStream.flush(StandardServletAsyncWebRequest.java:415) ~[spring-web-6.2.6.jar:6.2.6]
	at java.base/java.io.FilterOutputStream.flush(FilterOutputStream.java:155) ~[?:?]
	at com.fasterxml.jackson.core.json.UTF8JsonGenerator.flush(UTF8JsonGenerator.java:1205) ~[jackson-core-2.18.3.jar:2.18.3]
	at com.fasterxml.jackson.databind.ObjectWriter.writeValue(ObjectWriter.java:1063) ~[jackson-databind-2.18.3.jar:2.18.3]
	at org.springframework.http.converter.json.AbstractJackson2HttpMessageConverter.writeInternal(AbstractJackson2HttpMessageConverter.java:486) ~[spring-web-6.2.6.jar:6.2.6]
	at org.springframework.http.converter.AbstractGenericHttpMessageConverter.writeInternal(AbstractGenericHttpMessageConverter.java:135) ~[spring-web-6.2.6.jar:6.2.6]
	at org.springframework.http.converter.AbstractHttpMessageConverter.write(AbstractHttpMessageConverter.java:235) ~[spring-web-6.2.6.jar:6.2.6]
	at org.springframework.web.servlet.mvc.method.annotation.ResponseBodyEmitterReturnValueHandler$DefaultSseEmitterHandler.sendInternal(ResponseBodyEmitterReturnValueHandler.java:310) ~[spring-webmvc-6.2.6.jar:6.2.6]
	at org.springframework.web.servlet.mvc.method.annotation.ResponseBodyEmitterReturnValueHandler$DefaultSseEmitterHandler.send(ResponseBodyEmitterReturnValueHandler.java:297) ~[spring-webmvc-6.2.6.jar:6.2.6]
	at org.springframework.web.servlet.mvc.method.annotation.ResponseBodyEmitter.sendInternal(ResponseBodyEmitter.java:226) ~[spring-webmvc-6.2.6.jar:6.2.6]
	at org.springframework.web.servlet.mvc.method.annotation.ResponseBodyEmitter.send(ResponseBodyEmitter.java:217) ~[spring-webmvc-6.2.6.jar:6.2.6]
	at org.springframework.web.servlet.mvc.method.annotation.SseEmitter.send(SseEmitter.java:135) ~[spring-webmvc-6.2.6.jar:6.2.6]
	at org.springframework.web.servlet.mvc.method.annotation.SseEmitter.send(SseEmitter.java:118) ~[spring-webmvc-6.2.6.jar:6.2.6]
	at org.springframework.web.servlet.mvc.method.annotation.ReactiveTypeHandler$SseEmitterSubscriber.send(ReactiveTypeHandler.java:440) ~[spring-webmvc-6.2.6.jar:6.2.6]
	at org.springframework.web.servlet.mvc.method.annotation.ReactiveTypeHandler$AbstractEmitterSubscriber.run(ReactiveTypeHandler.java:359) ~[spring-webmvc-6.2.6.jar:6.2.6]
	at io.micrometer.context.ContextSnapshot.lambda$wrap$0(ContextSnapshot.java:91) ~[context-propagation-1.1.3.jar:1.1.3]
	at java.base/java.lang.Thread.run(Thread.java:1583) [?:?]
2026-02-14 13:56:10.713 [http-nio-8080-exec-3] ERROR org.apache.catalina.core.ContainerBase.[Tomcat].[localhost].[/].[dispatcherServlet] - Servlet.service() for servlet [dispatcherServlet] threw exception
java.io.IOException: 你的主机中的软件中止了一个已建立的连接。
	at java.base/sun.nio.ch.SocketDispatcher.write0(Native Method) ~[?:?]
	at java.base/sun.nio.ch.SocketDispatcher.write(SocketDispatcher.java:54) ~[?:?]
	at java.base/sun.nio.ch.IOUtil.writeFromNativeBuffer(IOUtil.java:137) ~[?:?]
	at java.base/sun.nio.ch.IOUtil.write(IOUtil.java:102) ~[?:?]
	at java.base/sun.nio.ch.IOUtil.write(IOUtil.java:58) ~[?:?]
	at java.base/sun.nio.ch.SocketChannelImpl.write(SocketChannelImpl.java:542) ~[?:?]
	at org.apache.tomcat.util.net.NioChannel.write(NioChannel.java:122) ~[tomcat-embed-core-10.1.40.jar:10.1.40]
	at org.apache.tomcat.util.net.NioEndpoint$NioSocketWrapper.doWrite(NioEndpoint.java:1380) ~[tomcat-embed-core-10.1.40.jar:10.1.40]
	at org.apache.tomcat.util.net.SocketWrapperBase.doWrite(SocketWrapperBase.java:764) ~[tomcat-embed-core-10.1.40.jar:10.1.40]
	at org.apache.tomcat.util.net.SocketWrapperBase.flushBlocking(SocketWrapperBase.java:728) ~[tomcat-embed-core-10.1.40.jar:10.1.40]
	at org.apache.tomcat.util.net.SocketWrapperBase.flush(SocketWrapperBase.java:712) ~[tomcat-embed-core-10.1.40.jar:10.1.40]
	at org.apache.coyote.http11.Http11OutputBuffer$SocketOutputBuffer.flush(Http11OutputBuffer.java:574) ~[tomcat-embed-core-10.1.40.jar:10.1.40]
	at org.apache.coyote.http11.filters.ChunkedOutputFilter.flush(ChunkedOutputFilter.java:156) ~[tomcat-embed-core-10.1.40.jar:10.1.40]
	at org.apache.coyote.http11.Http11OutputBuffer.flush(Http11OutputBuffer.java:216) ~[tomcat-embed-core-10.1.40.jar:10.1.40]
	at org.apache.coyote.http11.Http11Processor.flush(Http11Processor.java:1271) ~[tomcat-embed-core-10.1.40.jar:10.1.40]
	at org.apache.coyote.AbstractProcessor.action(AbstractProcessor.java:408) ~[tomcat-embed-core-10.1.40.jar:10.1.40]
	at org.apache.coyote.Response.action(Response.java:208) ~[tomcat-embed-core-10.1.40.jar:10.1.40]
	at org.apache.catalina.connector.OutputBuffer.doFlush(OutputBuffer.java:300) ~[tomcat-embed-core-10.1.40.jar:10.1.40]
	at org.apache.catalina.connector.OutputBuffer.flush(OutputBuffer.java:266) ~[tomcat-embed-core-10.1.40.jar:10.1.40]
	at org.apache.catalina.connector.CoyoteOutputStream.flush(CoyoteOutputStream.java:133) ~[tomcat-embed-core-10.1.40.jar:10.1.40]
	at org.springframework.web.context.request.async.StandardServletAsyncWebRequest$LifecycleServletOutputStream.flush(StandardServletAsyncWebRequest.java:415) ~[spring-web-6.2.6.jar:6.2.6]
	at java.base/java.io.FilterOutputStream.flush(FilterOutputStream.java:155) ~[?:?]
	at com.fasterxml.jackson.core.json.UTF8JsonGenerator.flush(UTF8JsonGenerator.java:1205) ~[jackson-core-2.18.3.jar:2.18.3]
	at com.fasterxml.jackson.databind.ObjectWriter.writeValue(ObjectWriter.java:1063) ~[jackson-databind-2.18.3.jar:2.18.3]
	at org.springframework.http.converter.json.AbstractJackson2HttpMessageConverter.writeInternal(AbstractJackson2HttpMessageConverter.java:486) ~[spring-web-6.2.6.jar:6.2.6]
	at org.springframework.http.converter.AbstractGenericHttpMessageConverter.writeInternal(AbstractGenericHttpMessageConverter.java:135) ~[spring-web-6.2.6.jar:6.2.6]
	at org.springframework.http.converter.AbstractHttpMessageConverter.write(AbstractHttpMessageConverter.java:235) ~[spring-web-6.2.6.jar:6.2.6]
	at org.springframework.web.servlet.mvc.method.annotation.ResponseBodyEmitterReturnValueHandler$DefaultSseEmitterHandler.sendInternal(ResponseBodyEmitterReturnValueHandler.java:310) ~[spring-webmvc-6.2.6.jar:6.2.6]
	at org.springframework.web.servlet.mvc.method.annotation.ResponseBodyEmitterReturnValueHandler$DefaultSseEmitterHandler.send(ResponseBodyEmitterReturnValueHandler.java:297) ~[spring-webmvc-6.2.6.jar:6.2.6]
	at org.springframework.web.servlet.mvc.method.annotation.ResponseBodyEmitter.sendInternal(ResponseBodyEmitter.java:226) ~[spring-webmvc-6.2.6.jar:6.2.6]
	at org.springframework.web.servlet.mvc.method.annotation.ResponseBodyEmitter.send(ResponseBodyEmitter.java:217) ~[spring-webmvc-6.2.6.jar:6.2.6]
	at org.springframework.web.servlet.mvc.method.annotation.SseEmitter.send(SseEmitter.java:135) ~[spring-webmvc-6.2.6.jar:6.2.6]
	at org.springframework.web.servlet.mvc.method.annotation.SseEmitter.send(SseEmitter.java:118) ~[spring-webmvc-6.2.6.jar:6.2.6]
	at org.springframework.web.servlet.mvc.method.annotation.ReactiveTypeHandler$SseEmitterSubscriber.send(ReactiveTypeHandler.java:440) ~[spring-webmvc-6.2.6.jar:6.2.6]
	at org.springframework.web.servlet.mvc.method.annotation.ReactiveTypeHandler$AbstractEmitterSubscriber.run(ReactiveTypeHandler.java:359) ~[spring-webmvc-6.2.6.jar:6.2.6]
	at io.micrometer.context.ContextSnapshot.lambda$wrap$0(ContextSnapshot.java:91) ~[context-propagation-1.1.3.jar:1.1.3]
	at java.base/java.lang.Thread.run(Thread.java:1583) [?:?]
2026-02-14 13:56:10.713 [http-nio-8080-exec-3] ERROR org.apache.catalina.core.ContainerBase.[Tomcat].[localhost].[/].[dispatcherServlet] - Servlet.service() for servlet [dispatcherServlet] in context with path [] threw exception
java.io.IOException: 你的主机中的软件中止了一个已建立的连接。
	at java.base/sun.nio.ch.SocketDispatcher.write0(Native Method) ~[?:?]
	at java.base/sun.nio.ch.SocketDispatcher.write(SocketDispatcher.java:54) ~[?:?]
	at java.base/sun.nio.ch.IOUtil.writeFromNativeBuffer(IOUtil.java:137) ~[?:?]
	at java.base/sun.nio.ch.IOUtil.write(IOUtil.java:102) ~[?:?]
	at java.base/sun.nio.ch.IOUtil.write(IOUtil.java:58) ~[?:?]
	at java.base/sun.nio.ch.SocketChannelImpl.write(SocketChannelImpl.java:542) ~[?:?]
	at org.apache.tomcat.util.net.NioChannel.write(NioChannel.java:122) ~[tomcat-embed-core-10.1.40.jar:10.1.40]
	at org.apache.tomcat.util.net.NioEndpoint$NioSocketWrapper.doWrite(NioEndpoint.java:1380) ~[tomcat-embed-core-10.1.40.jar:10.1.40]
	at org.apache.tomcat.util.net.SocketWrapperBase.doWrite(SocketWrapperBase.java:764) ~[tomcat-embed-core-10.1.40.jar:10.1.40]
	at org.apache.tomcat.util.net.SocketWrapperBase.flushBlocking(SocketWrapperBase.java:728) ~[tomcat-embed-core-10.1.40.jar:10.1.40]
	at org.apache.tomcat.util.net.SocketWrapperBase.flush(SocketWrapperBase.java:712) ~[tomcat-embed-core-10.1.40.jar:10.1.40]
	at org.apache.coyote.http11.Http11OutputBuffer$SocketOutputBuffer.flush(Http11OutputBuffer.java:574) ~[tomcat-embed-core-10.1.40.jar:10.1.40]
	at org.apache.coyote.http11.filters.ChunkedOutputFilter.flush(ChunkedOutputFilter.java:156) ~[tomcat-embed-core-10.1.40.jar:10.1.40]
	at org.apache.coyote.http11.Http11OutputBuffer.flush(Http11OutputBuffer.java:216) ~[tomcat-embed-core-10.1.40.jar:10.1.40]
	at org.apache.coyote.http11.Http11Processor.flush(Http11Processor.java:1271) ~[tomcat-embed-core-10.1.40.jar:10.1.40]
	at org.apache.coyote.AbstractProcessor.action(AbstractProcessor.java:408) ~[tomcat-embed-core-10.1.40.jar:10.1.40]
	at org.apache.coyote.Response.action(Response.java:208) ~[tomcat-embed-core-10.1.40.jar:10.1.40]
	at org.apache.catalina.connector.OutputBuffer.doFlush(OutputBuffer.java:300) ~[tomcat-embed-core-10.1.40.jar:10.1.40]
	at org.apache.catalina.connector.OutputBuffer.flush(OutputBuffer.java:266) ~[tomcat-embed-core-10.1.40.jar:10.1.40]
	at org.apache.catalina.connector.CoyoteOutputStream.flush(CoyoteOutputStream.java:133) ~[tomcat-embed-core-10.1.40.jar:10.1.40]
	at org.springframework.web.context.request.async.StandardServletAsyncWebRequest$LifecycleServletOutputStream.flush(StandardServletAsyncWebRequest.java:415) ~[spring-web-6.2.6.jar:6.2.6]
	at java.base/java.io.FilterOutputStream.flush(FilterOutputStream.java:155) ~[?:?]
	at com.fasterxml.jackson.core.json.UTF8JsonGenerator.flush(UTF8JsonGenerator.java:1205) ~[jackson-core-2.18.3.jar:2.18.3]
	at com.fasterxml.jackson.databind.ObjectWriter.writeValue(ObjectWriter.java:1063) ~[jackson-databind-2.18.3.jar:2.18.3]
	at org.springframework.http.converter.json.AbstractJackson2HttpMessageConverter.writeInternal(AbstractJackson2HttpMessageConverter.java:486) ~[spring-web-6.2.6.jar:6.2.6]
	at org.springframework.http.converter.AbstractGenericHttpMessageConverter.writeInternal(AbstractGenericHttpMessageConverter.java:135) ~[spring-web-6.2.6.jar:6.2.6]
	at org.springframework.http.converter.AbstractHttpMessageConverter.write(AbstractHttpMessageConverter.java:235) ~[spring-web-6.2.6.jar:6.2.6]
	at org.springframework.web.servlet.mvc.method.annotation.ResponseBodyEmitterReturnValueHandler$DefaultSseEmitterHandler.sendInternal(ResponseBodyEmitterReturnValueHandler.java:310) ~[spring-webmvc-6.2.6.jar:6.2.6]
	at org.springframework.web.servlet.mvc.method.annotation.ResponseBodyEmitterReturnValueHandler$DefaultSseEmitterHandler.send(ResponseBodyEmitterReturnValueHandler.java:297) ~[spring-webmvc-6.2.6.jar:6.2.6]
	at org.springframework.web.servlet.mvc.method.annotation.ResponseBodyEmitter.sendInternal(ResponseBodyEmitter.java:226) ~[spring-webmvc-6.2.6.jar:6.2.6]
	at org.springframework.web.servlet.mvc.method.annotation.ResponseBodyEmitter.send(ResponseBodyEmitter.java:217) ~[spring-webmvc-6.2.6.jar:6.2.6]
	at org.springframework.web.servlet.mvc.method.annotation.SseEmitter.send(SseEmitter.java:135) ~[spring-webmvc-6.2.6.jar:6.2.6]
	at org.springframework.web.servlet.mvc.method.annotation.SseEmitter.send(SseEmitter.java:118) ~[spring-webmvc-6.2.6.jar:6.2.6]
	at org.springframework.web.servlet.mvc.method.annotation.ReactiveTypeHandler$SseEmitterSubscriber.send(ReactiveTypeHandler.java:440) ~[spring-webmvc-6.2.6.jar:6.2.6]
	at org.springframework.web.servlet.mvc.method.annotation.ReactiveTypeHandler$AbstractEmitterSubscriber.run(ReactiveTypeHandler.java:359) ~[spring-webmvc-6.2.6.jar:6.2.6]
	at io.micrometer.context.ContextSnapshot.lambda$wrap$0(ContextSnapshot.java:91) ~[context-propagation-1.1.3.jar:1.1.3]
	at java.base/java.lang.Thread.run(Thread.java:1583) [?:?]
2026-02-14 13:56:43.330 [http-nio-8080-exec-2] ERROR com.bit.ai.robot.exception.GlobalExceptionHandler - /chat/completion request error, 
org.springframework.web.context.request.async.AsyncRequestNotUsableException: ServletOutputStream failed to flush: java.io.IOException: 你的主机中的软件中止了一个已建立的连接。
	at org.springframework.web.context.request.async.StandardServletAsyncWebRequest$LifecycleHttpServletResponse.handleIOException(StandardServletAsyncWebRequest.java:346) ~[spring-web-6.2.6.jar:6.2.6]
	at org.springframework.web.context.request.async.StandardServletAsyncWebRequest$LifecycleServletOutputStream.flush(StandardServletAsyncWebRequest.java:418) ~[spring-web-6.2.6.jar:6.2.6]
	at java.base/java.io.FilterOutputStream.flush(FilterOutputStream.java:155) ~[?:?]
	at com.fasterxml.jackson.core.json.UTF8JsonGenerator.flush(UTF8JsonGenerator.java:1205) ~[jackson-core-2.18.3.jar:2.18.3]
	at com.fasterxml.jackson.databind.ObjectWriter.writeValue(ObjectWriter.java:1063) ~[jackson-databind-2.18.3.jar:2.18.3]
	at org.springframework.http.converter.json.AbstractJackson2HttpMessageConverter.writeInternal(AbstractJackson2HttpMessageConverter.java:486) ~[spring-web-6.2.6.jar:6.2.6]
	at org.springframework.http.converter.AbstractGenericHttpMessageConverter.writeInternal(AbstractGenericHttpMessageConverter.java:135) ~[spring-web-6.2.6.jar:6.2.6]
	at org.springframework.http.converter.AbstractHttpMessageConverter.write(AbstractHttpMessageConverter.java:235) ~[spring-web-6.2.6.jar:6.2.6]
	at org.springframework.web.servlet.mvc.method.annotation.ResponseBodyEmitterReturnValueHandler$DefaultSseEmitterHandler.sendInternal(ResponseBodyEmitterReturnValueHandler.java:310) ~[spring-webmvc-6.2.6.jar:6.2.6]
	at org.springframework.web.servlet.mvc.method.annotation.ResponseBodyEmitterReturnValueHandler$DefaultSseEmitterHandler.send(ResponseBodyEmitterReturnValueHandler.java:297) ~[spring-webmvc-6.2.6.jar:6.2.6]
	at org.springframework.web.servlet.mvc.method.annotation.ResponseBodyEmitter.sendInternal(ResponseBodyEmitter.java:226) ~[spring-webmvc-6.2.6.jar:6.2.6]
	at org.springframework.web.servlet.mvc.method.annotation.ResponseBodyEmitter.send(ResponseBodyEmitter.java:217) ~[spring-webmvc-6.2.6.jar:6.2.6]
	at org.springframework.web.servlet.mvc.method.annotation.SseEmitter.send(SseEmitter.java:135) ~[spring-webmvc-6.2.6.jar:6.2.6]
	at org.springframework.web.servlet.mvc.method.annotation.SseEmitter.send(SseEmitter.java:118) ~[spring-webmvc-6.2.6.jar:6.2.6]
	at org.springframework.web.servlet.mvc.method.annotation.ReactiveTypeHandler$SseEmitterSubscriber.send(ReactiveTypeHandler.java:440) ~[spring-webmvc-6.2.6.jar:6.2.6]
	at org.springframework.web.servlet.mvc.method.annotation.ReactiveTypeHandler$AbstractEmitterSubscriber.run(ReactiveTypeHandler.java:359) ~[spring-webmvc-6.2.6.jar:6.2.6]
	at io.micrometer.context.ContextSnapshot.lambda$wrap$0(ContextSnapshot.java:91) ~[context-propagation-1.1.3.jar:1.1.3]
	at java.base/java.lang.Thread.run(Thread.java:1583) [?:?]
Caused by: org.apache.catalina.connector.ClientAbortException: java.io.IOException: 你的主机中的软件中止了一个已建立的连接。
	at org.apache.catalina.connector.OutputBuffer.doFlush(OutputBuffer.java:304) ~[tomcat-embed-core-10.1.40.jar:10.1.40]
	at org.apache.catalina.connector.OutputBuffer.flush(OutputBuffer.java:266) ~[tomcat-embed-core-10.1.40.jar:10.1.40]
	at org.apache.catalina.connector.CoyoteOutputStream.flush(CoyoteOutputStream.java:133) ~[tomcat-embed-core-10.1.40.jar:10.1.40]
	at org.springframework.web.context.request.async.StandardServletAsyncWebRequest$LifecycleServletOutputStream.flush(StandardServletAsyncWebRequest.java:415) ~[spring-web-6.2.6.jar:6.2.6]
	... 16 more
Caused by: java.io.IOException: 你的主机中的软件中止了一个已建立的连接。
	at java.base/sun.nio.ch.SocketDispatcher.write0(Native Method) ~[?:?]
	at java.base/sun.nio.ch.SocketDispatcher.write(SocketDispatcher.java:54) ~[?:?]
	at java.base/sun.nio.ch.IOUtil.writeFromNativeBuffer(IOUtil.java:137) ~[?:?]
	at java.base/sun.nio.ch.IOUtil.write(IOUtil.java:102) ~[?:?]
	at java.base/sun.nio.ch.IOUtil.write(IOUtil.java:58) ~[?:?]
	at java.base/sun.nio.ch.SocketChannelImpl.write(SocketChannelImpl.java:542) ~[?:?]
	at org.apache.tomcat.util.net.NioChannel.write(NioChannel.java:122) ~[tomcat-embed-core-10.1.40.jar:10.1.40]
	at org.apache.tomcat.util.net.NioEndpoint$NioSocketWrapper.doWrite(NioEndpoint.java:1380) ~[tomcat-embed-core-10.1.40.jar:10.1.40]
	at org.apache.tomcat.util.net.SocketWrapperBase.doWrite(SocketWrapperBase.java:764) ~[tomcat-embed-core-10.1.40.jar:10.1.40]
	at org.apache.tomcat.util.net.SocketWrapperBase.flushBlocking(SocketWrapperBase.java:728) ~[tomcat-embed-core-10.1.40.jar:10.1.40]
	at org.apache.tomcat.util.net.SocketWrapperBase.flush(SocketWrapperBase.java:712) ~[tomcat-embed-core-10.1.40.jar:10.1.40]
	at org.apache.coyote.http11.Http11OutputBuffer$SocketOutputBuffer.flush(Http11OutputBuffer.java:574) ~[tomcat-embed-core-10.1.40.jar:10.1.40]
	at org.apache.coyote.http11.filters.ChunkedOutputFilter.flush(ChunkedOutputFilter.java:156) ~[tomcat-embed-core-10.1.40.jar:10.1.40]
	at org.apache.coyote.http11.Http11OutputBuffer.flush(Http11OutputBuffer.java:216) ~[tomcat-embed-core-10.1.40.jar:10.1.40]
	at org.apache.coyote.http11.Http11Processor.flush(Http11Processor.java:1271) ~[tomcat-embed-core-10.1.40.jar:10.1.40]
	at org.apache.coyote.AbstractProcessor.action(AbstractProcessor.java:408) ~[tomcat-embed-core-10.1.40.jar:10.1.40]
	at org.apache.coyote.Response.action(Response.java:208) ~[tomcat-embed-core-10.1.40.jar:10.1.40]
	at org.apache.catalina.connector.OutputBuffer.doFlush(OutputBuffer.java:300) ~[tomcat-embed-core-10.1.40.jar:10.1.40]
	at org.apache.catalina.connector.OutputBuffer.flush(OutputBuffer.java:266) ~[tomcat-embed-core-10.1.40.jar:10.1.40]
	at org.apache.catalina.connector.CoyoteOutputStream.flush(CoyoteOutputStream.java:133) ~[tomcat-embed-core-10.1.40.jar:10.1.40]
	at org.springframework.web.context.request.async.StandardServletAsyncWebRequest$LifecycleServletOutputStream.flush(StandardServletAsyncWebRequest.java:415) ~[spring-web-6.2.6.jar:6.2.6]
	... 16 more
2026-02-14 13:57:22.546 [http-nio-8080-exec-10] ERROR com.bit.ai.robot.exception.GlobalExceptionHandler - /chat/completion request error, 
org.springframework.web.context.request.async.AsyncRequestNotUsableException: ServletOutputStream failed to flush: java.io.IOException: 你的主机中的软件中止了一个已建立的连接。
	at org.springframework.web.context.request.async.StandardServletAsyncWebRequest$LifecycleHttpServletResponse.handleIOException(StandardServletAsyncWebRequest.java:346) ~[spring-web-6.2.6.jar:6.2.6]
	at org.springframework.web.context.request.async.StandardServletAsyncWebRequest$LifecycleServletOutputStream.flush(StandardServletAsyncWebRequest.java:418) ~[spring-web-6.2.6.jar:6.2.6]
	at java.base/java.io.FilterOutputStream.flush(FilterOutputStream.java:155) ~[?:?]
	at com.fasterxml.jackson.core.json.UTF8JsonGenerator.flush(UTF8JsonGenerator.java:1205) ~[jackson-core-2.18.3.jar:2.18.3]
	at com.fasterxml.jackson.databind.ObjectWriter.writeValue(ObjectWriter.java:1063) ~[jackson-databind-2.18.3.jar:2.18.3]
	at org.springframework.http.converter.json.AbstractJackson2HttpMessageConverter.writeInternal(AbstractJackson2HttpMessageConverter.java:486) ~[spring-web-6.2.6.jar:6.2.6]
	at org.springframework.http.converter.AbstractGenericHttpMessageConverter.writeInternal(AbstractGenericHttpMessageConverter.java:135) ~[spring-web-6.2.6.jar:6.2.6]
	at org.springframework.http.converter.AbstractHttpMessageConverter.write(AbstractHttpMessageConverter.java:235) ~[spring-web-6.2.6.jar:6.2.6]
	at org.springframework.web.servlet.mvc.method.annotation.ResponseBodyEmitterReturnValueHandler$DefaultSseEmitterHandler.sendInternal(ResponseBodyEmitterReturnValueHandler.java:310) ~[spring-webmvc-6.2.6.jar:6.2.6]
	at org.springframework.web.servlet.mvc.method.annotation.ResponseBodyEmitterReturnValueHandler$DefaultSseEmitterHandler.send(ResponseBodyEmitterReturnValueHandler.java:297) ~[spring-webmvc-6.2.6.jar:6.2.6]
	at org.springframework.web.servlet.mvc.method.annotation.ResponseBodyEmitter.sendInternal(ResponseBodyEmitter.java:226) ~[spring-webmvc-6.2.6.jar:6.2.6]
	at org.springframework.web.servlet.mvc.method.annotation.ResponseBodyEmitter.send(ResponseBodyEmitter.java:217) ~[spring-webmvc-6.2.6.jar:6.2.6]
	at org.springframework.web.servlet.mvc.method.annotation.SseEmitter.send(SseEmitter.java:135) ~[spring-webmvc-6.2.6.jar:6.2.6]
	at org.springframework.web.servlet.mvc.method.annotation.SseEmitter.send(SseEmitter.java:118) ~[spring-webmvc-6.2.6.jar:6.2.6]
	at org.springframework.web.servlet.mvc.method.annotation.ReactiveTypeHandler$SseEmitterSubscriber.send(ReactiveTypeHandler.java:440) ~[spring-webmvc-6.2.6.jar:6.2.6]
	at org.springframework.web.servlet.mvc.method.annotation.ReactiveTypeHandler$AbstractEmitterSubscriber.run(ReactiveTypeHandler.java:359) ~[spring-webmvc-6.2.6.jar:6.2.6]
	at io.micrometer.context.ContextSnapshot.lambda$wrap$0(ContextSnapshot.java:91) ~[context-propagation-1.1.3.jar:1.1.3]
	at java.base/java.lang.Thread.run(Thread.java:1583) [?:?]
Caused by: org.apache.catalina.connector.ClientAbortException: java.io.IOException: 你的主机中的软件中止了一个已建立的连接。
	at org.apache.catalina.connector.OutputBuffer.doFlush(OutputBuffer.java:304) ~[tomcat-embed-core-10.1.40.jar:10.1.40]
	at org.apache.catalina.connector.OutputBuffer.flush(OutputBuffer.java:266) ~[tomcat-embed-core-10.1.40.jar:10.1.40]
	at org.apache.catalina.connector.CoyoteOutputStream.flush(CoyoteOutputStream.java:133) ~[tomcat-embed-core-10.1.40.jar:10.1.40]
	at org.springframework.web.context.request.async.StandardServletAsyncWebRequest$LifecycleServletOutputStream.flush(StandardServletAsyncWebRequest.java:415) ~[spring-web-6.2.6.jar:6.2.6]
	... 16 more
Caused by: java.io.IOException: 你的主机中的软件中止了一个已建立的连接。
	at java.base/sun.nio.ch.SocketDispatcher.write0(Native Method) ~[?:?]
	at java.base/sun.nio.ch.SocketDispatcher.write(SocketDispatcher.java:54) ~[?:?]
	at java.base/sun.nio.ch.IOUtil.writeFromNativeBuffer(IOUtil.java:137) ~[?:?]
	at java.base/sun.nio.ch.IOUtil.write(IOUtil.java:102) ~[?:?]
	at java.base/sun.nio.ch.IOUtil.write(IOUtil.java:58) ~[?:?]
	at java.base/sun.nio.ch.SocketChannelImpl.write(SocketChannelImpl.java:542) ~[?:?]
	at org.apache.tomcat.util.net.NioChannel.write(NioChannel.java:122) ~[tomcat-embed-core-10.1.40.jar:10.1.40]
	at org.apache.tomcat.util.net.NioEndpoint$NioSocketWrapper.doWrite(NioEndpoint.java:1380) ~[tomcat-embed-core-10.1.40.jar:10.1.40]
	at org.apache.tomcat.util.net.SocketWrapperBase.doWrite(SocketWrapperBase.java:764) ~[tomcat-embed-core-10.1.40.jar:10.1.40]
	at org.apache.tomcat.util.net.SocketWrapperBase.flushBlocking(SocketWrapperBase.java:728) ~[tomcat-embed-core-10.1.40.jar:10.1.40]
	at org.apache.tomcat.util.net.SocketWrapperBase.flush(SocketWrapperBase.java:712) ~[tomcat-embed-core-10.1.40.jar:10.1.40]
	at org.apache.coyote.http11.Http11OutputBuffer$SocketOutputBuffer.flush(Http11OutputBuffer.java:574) ~[tomcat-embed-core-10.1.40.jar:10.1.40]
	at org.apache.coyote.http11.filters.ChunkedOutputFilter.flush(ChunkedOutputFilter.java:156) ~[tomcat-embed-core-10.1.40.jar:10.1.40]
	at org.apache.coyote.http11.Http11OutputBuffer.flush(Http11OutputBuffer.java:216) ~[tomcat-embed-core-10.1.40.jar:10.1.40]
	at org.apache.coyote.http11.Http11Processor.flush(Http11Processor.java:1271) ~[tomcat-embed-core-10.1.40.jar:10.1.40]
	at org.apache.coyote.AbstractProcessor.action(AbstractProcessor.java:408) ~[tomcat-embed-core-10.1.40.jar:10.1.40]
	at org.apache.coyote.Response.action(Response.java:208) ~[tomcat-embed-core-10.1.40.jar:10.1.40]
	at org.apache.catalina.connector.OutputBuffer.doFlush(OutputBuffer.java:300) ~[tomcat-embed-core-10.1.40.jar:10.1.40]
	at org.apache.catalina.connector.OutputBuffer.flush(OutputBuffer.java:266) ~[tomcat-embed-core-10.1.40.jar:10.1.40]
	at org.apache.catalina.connector.CoyoteOutputStream.flush(CoyoteOutputStream.java:133) ~[tomcat-embed-core-10.1.40.jar:10.1.40]
	at org.springframework.web.context.request.async.StandardServletAsyncWebRequest$LifecycleServletOutputStream.flush(StandardServletAsyncWebRequest.java:415) ~[spring-web-6.2.6.jar:6.2.6]
	... 16 more
2026-02-14 13:57:27.042 [http-nio-8080-exec-8] ERROR com.bit.ai.robot.exception.GlobalExceptionHandler - /chat/completion request error, 
org.springframework.web.context.request.async.AsyncRequestNotUsableException: ServletOutputStream failed to flush: java.io.IOException: 你的主机中的软件中止了一个已建立的连接。
	at org.springframework.web.context.request.async.StandardServletAsyncWebRequest$LifecycleHttpServletResponse.handleIOException(StandardServletAsyncWebRequest.java:346) ~[spring-web-6.2.6.jar:6.2.6]
	at org.springframework.web.context.request.async.StandardServletAsyncWebRequest$LifecycleServletOutputStream.flush(StandardServletAsyncWebRequest.java:418) ~[spring-web-6.2.6.jar:6.2.6]
	at java.base/java.io.FilterOutputStream.flush(FilterOutputStream.java:155) ~[?:?]
	at com.fasterxml.jackson.core.json.UTF8JsonGenerator.flush(UTF8JsonGenerator.java:1205) ~[jackson-core-2.18.3.jar:2.18.3]
	at com.fasterxml.jackson.databind.ObjectWriter.writeValue(ObjectWriter.java:1063) ~[jackson-databind-2.18.3.jar:2.18.3]
	at org.springframework.http.converter.json.AbstractJackson2HttpMessageConverter.writeInternal(AbstractJackson2HttpMessageConverter.java:486) ~[spring-web-6.2.6.jar:6.2.6]
	at org.springframework.http.converter.AbstractGenericHttpMessageConverter.writeInternal(AbstractGenericHttpMessageConverter.java:135) ~[spring-web-6.2.6.jar:6.2.6]
	at org.springframework.http.converter.AbstractHttpMessageConverter.write(AbstractHttpMessageConverter.java:235) ~[spring-web-6.2.6.jar:6.2.6]
	at org.springframework.web.servlet.mvc.method.annotation.ResponseBodyEmitterReturnValueHandler$DefaultSseEmitterHandler.sendInternal(ResponseBodyEmitterReturnValueHandler.java:310) ~[spring-webmvc-6.2.6.jar:6.2.6]
	at org.springframework.web.servlet.mvc.method.annotation.ResponseBodyEmitterReturnValueHandler$DefaultSseEmitterHandler.send(ResponseBodyEmitterReturnValueHandler.java:297) ~[spring-webmvc-6.2.6.jar:6.2.6]
	at org.springframework.web.servlet.mvc.method.annotation.ResponseBodyEmitter.sendInternal(ResponseBodyEmitter.java:226) ~[spring-webmvc-6.2.6.jar:6.2.6]
	at org.springframework.web.servlet.mvc.method.annotation.ResponseBodyEmitter.send(ResponseBodyEmitter.java:217) ~[spring-webmvc-6.2.6.jar:6.2.6]
	at org.springframework.web.servlet.mvc.method.annotation.SseEmitter.send(SseEmitter.java:135) ~[spring-webmvc-6.2.6.jar:6.2.6]
	at org.springframework.web.servlet.mvc.method.annotation.SseEmitter.send(SseEmitter.java:118) ~[spring-webmvc-6.2.6.jar:6.2.6]
	at org.springframework.web.servlet.mvc.method.annotation.ReactiveTypeHandler$SseEmitterSubscriber.send(ReactiveTypeHandler.java:440) ~[spring-webmvc-6.2.6.jar:6.2.6]
	at org.springframework.web.servlet.mvc.method.annotation.ReactiveTypeHandler$AbstractEmitterSubscriber.run(ReactiveTypeHandler.java:359) ~[spring-webmvc-6.2.6.jar:6.2.6]
	at io.micrometer.context.ContextSnapshot.lambda$wrap$0(ContextSnapshot.java:91) ~[context-propagation-1.1.3.jar:1.1.3]
	at java.base/java.lang.Thread.run(Thread.java:1583) [?:?]
Caused by: org.apache.catalina.connector.ClientAbortException: java.io.IOException: 你的主机中的软件中止了一个已建立的连接。
	at org.apache.catalina.connector.OutputBuffer.doFlush(OutputBuffer.java:304) ~[tomcat-embed-core-10.1.40.jar:10.1.40]
	at org.apache.catalina.connector.OutputBuffer.flush(OutputBuffer.java:266) ~[tomcat-embed-core-10.1.40.jar:10.1.40]
	at org.apache.catalina.connector.CoyoteOutputStream.flush(CoyoteOutputStream.java:133) ~[tomcat-embed-core-10.1.40.jar:10.1.40]
	at org.springframework.web.context.request.async.StandardServletAsyncWebRequest$LifecycleServletOutputStream.flush(StandardServletAsyncWebRequest.java:415) ~[spring-web-6.2.6.jar:6.2.6]
	... 16 more
Caused by: java.io.IOException: 你的主机中的软件中止了一个已建立的连接。
	at java.base/sun.nio.ch.SocketDispatcher.write0(Native Method) ~[?:?]
	at java.base/sun.nio.ch.SocketDispatcher.write(SocketDispatcher.java:54) ~[?:?]
	at java.base/sun.nio.ch.IOUtil.writeFromNativeBuffer(IOUtil.java:137) ~[?:?]
	at java.base/sun.nio.ch.IOUtil.write(IOUtil.java:102) ~[?:?]
	at java.base/sun.nio.ch.IOUtil.write(IOUtil.java:58) ~[?:?]
	at java.base/sun.nio.ch.SocketChannelImpl.write(SocketChannelImpl.java:542) ~[?:?]
	at org.apache.tomcat.util.net.NioChannel.write(NioChannel.java:122) ~[tomcat-embed-core-10.1.40.jar:10.1.40]
	at org.apache.tomcat.util.net.NioEndpoint$NioSocketWrapper.doWrite(NioEndpoint.java:1380) ~[tomcat-embed-core-10.1.40.jar:10.1.40]
	at org.apache.tomcat.util.net.SocketWrapperBase.doWrite(SocketWrapperBase.java:764) ~[tomcat-embed-core-10.1.40.jar:10.1.40]
	at org.apache.tomcat.util.net.SocketWrapperBase.flushBlocking(SocketWrapperBase.java:728) ~[tomcat-embed-core-10.1.40.jar:10.1.40]
	at org.apache.tomcat.util.net.SocketWrapperBase.flush(SocketWrapperBase.java:712) ~[tomcat-embed-core-10.1.40.jar:10.1.40]
	at org.apache.coyote.http11.Http11OutputBuffer$SocketOutputBuffer.flush(Http11OutputBuffer.java:574) ~[tomcat-embed-core-10.1.40.jar:10.1.40]
	at org.apache.coyote.http11.filters.ChunkedOutputFilter.flush(ChunkedOutputFilter.java:156) ~[tomcat-embed-core-10.1.40.jar:10.1.40]
	at org.apache.coyote.http11.Http11OutputBuffer.flush(Http11OutputBuffer.java:216) ~[tomcat-embed-core-10.1.40.jar:10.1.40]
	at org.apache.coyote.http11.Http11Processor.flush(Http11Processor.java:1271) ~[tomcat-embed-core-10.1.40.jar:10.1.40]
	at org.apache.coyote.AbstractProcessor.action(AbstractProcessor.java:408) ~[tomcat-embed-core-10.1.40.jar:10.1.40]
	at org.apache.coyote.Response.action(Response.java:208) ~[tomcat-embed-core-10.1.40.jar:10.1.40]
	at org.apache.catalina.connector.OutputBuffer.doFlush(OutputBuffer.java:300) ~[tomcat-embed-core-10.1.40.jar:10.1.40]
	at org.apache.catalina.connector.OutputBuffer.flush(OutputBuffer.java:266) ~[tomcat-embed-core-10.1.40.jar:10.1.40]
	at org.apache.catalina.connector.CoyoteOutputStream.flush(CoyoteOutputStream.java:133) ~[tomcat-embed-core-10.1.40.jar:10.1.40]
	at org.springframework.web.context.request.async.StandardServletAsyncWebRequest$LifecycleServletOutputStream.flush(StandardServletAsyncWebRequest.java:415) ~[spring-web-6.2.6.jar:6.2.6]
	... 16 more
2026-02-14 13:57:32.435 [http-nio-8080-exec-9] ERROR com.bit.ai.robot.exception.GlobalExceptionHandler - /chat/completion request error, 
org.springframework.web.context.request.async.AsyncRequestNotUsableException: ServletOutputStream failed to flush: java.io.IOException: 你的主机中的软件中止了一个已建立的连接。
	at org.springframework.web.context.request.async.StandardServletAsyncWebRequest$LifecycleHttpServletResponse.handleIOException(StandardServletAsyncWebRequest.java:346) ~[spring-web-6.2.6.jar:6.2.6]
	at org.springframework.web.context.request.async.StandardServletAsyncWebRequest$LifecycleServletOutputStream.flush(StandardServletAsyncWebRequest.java:418) ~[spring-web-6.2.6.jar:6.2.6]
	at java.base/java.io.FilterOutputStream.flush(FilterOutputStream.java:155) ~[?:?]
	at com.fasterxml.jackson.core.json.UTF8JsonGenerator.flush(UTF8JsonGenerator.java:1205) ~[jackson-core-2.18.3.jar:2.18.3]
	at com.fasterxml.jackson.databind.ObjectWriter.writeValue(ObjectWriter.java:1063) ~[jackson-databind-2.18.3.jar:2.18.3]
	at org.springframework.http.converter.json.AbstractJackson2HttpMessageConverter.writeInternal(AbstractJackson2HttpMessageConverter.java:486) ~[spring-web-6.2.6.jar:6.2.6]
	at org.springframework.http.converter.AbstractGenericHttpMessageConverter.writeInternal(AbstractGenericHttpMessageConverter.java:135) ~[spring-web-6.2.6.jar:6.2.6]
	at org.springframework.http.converter.AbstractHttpMessageConverter.write(AbstractHttpMessageConverter.java:235) ~[spring-web-6.2.6.jar:6.2.6]
	at org.springframework.web.servlet.mvc.method.annotation.ResponseBodyEmitterReturnValueHandler$DefaultSseEmitterHandler.sendInternal(ResponseBodyEmitterReturnValueHandler.java:310) ~[spring-webmvc-6.2.6.jar:6.2.6]
	at org.springframework.web.servlet.mvc.method.annotation.ResponseBodyEmitterReturnValueHandler$DefaultSseEmitterHandler.send(ResponseBodyEmitterReturnValueHandler.java:297) ~[spring-webmvc-6.2.6.jar:6.2.6]
	at org.springframework.web.servlet.mvc.method.annotation.ResponseBodyEmitter.sendInternal(ResponseBodyEmitter.java:226) ~[spring-webmvc-6.2.6.jar:6.2.6]
	at org.springframework.web.servlet.mvc.method.annotation.ResponseBodyEmitter.send(ResponseBodyEmitter.java:217) ~[spring-webmvc-6.2.6.jar:6.2.6]
	at org.springframework.web.servlet.mvc.method.annotation.SseEmitter.send(SseEmitter.java:135) ~[spring-webmvc-6.2.6.jar:6.2.6]
	at org.springframework.web.servlet.mvc.method.annotation.SseEmitter.send(SseEmitter.java:118) ~[spring-webmvc-6.2.6.jar:6.2.6]
	at org.springframework.web.servlet.mvc.method.annotation.ReactiveTypeHandler$SseEmitterSubscriber.send(ReactiveTypeHandler.java:440) ~[spring-webmvc-6.2.6.jar:6.2.6]
	at org.springframework.web.servlet.mvc.method.annotation.ReactiveTypeHandler$AbstractEmitterSubscriber.run(ReactiveTypeHandler.java:359) ~[spring-webmvc-6.2.6.jar:6.2.6]
	at io.micrometer.context.ContextSnapshot.lambda$wrap$0(ContextSnapshot.java:91) ~[context-propagation-1.1.3.jar:1.1.3]
	at java.base/java.lang.Thread.run(Thread.java:1583) [?:?]
Caused by: org.apache.catalina.connector.ClientAbortException: java.io.IOException: 你的主机中的软件中止了一个已建立的连接。
	at org.apache.catalina.connector.OutputBuffer.doFlush(OutputBuffer.java:304) ~[tomcat-embed-core-10.1.40.jar:10.1.40]
	at org.apache.catalina.connector.OutputBuffer.flush(OutputBuffer.java:266) ~[tomcat-embed-core-10.1.40.jar:10.1.40]
	at org.apache.catalina.connector.CoyoteOutputStream.flush(CoyoteOutputStream.java:133) ~[tomcat-embed-core-10.1.40.jar:10.1.40]
	at org.springframework.web.context.request.async.StandardServletAsyncWebRequest$LifecycleServletOutputStream.flush(StandardServletAsyncWebRequest.java:415) ~[spring-web-6.2.6.jar:6.2.6]
	... 16 more
Caused by: java.io.IOException: 你的主机中的软件中止了一个已建立的连接。
	at java.base/sun.nio.ch.SocketDispatcher.write0(Native Method) ~[?:?]
	at java.base/sun.nio.ch.SocketDispatcher.write(SocketDispatcher.java:54) ~[?:?]
	at java.base/sun.nio.ch.IOUtil.writeFromNativeBuffer(IOUtil.java:137) ~[?:?]
	at java.base/sun.nio.ch.IOUtil.write(IOUtil.java:102) ~[?:?]
	at java.base/sun.nio.ch.IOUtil.write(IOUtil.java:58) ~[?:?]
	at java.base/sun.nio.ch.SocketChannelImpl.write(SocketChannelImpl.java:542) ~[?:?]
	at org.apache.tomcat.util.net.NioChannel.write(NioChannel.java:122) ~[tomcat-embed-core-10.1.40.jar:10.1.40]
	at org.apache.tomcat.util.net.NioEndpoint$NioSocketWrapper.doWrite(NioEndpoint.java:1380) ~[tomcat-embed-core-10.1.40.jar:10.1.40]
	at org.apache.tomcat.util.net.SocketWrapperBase.doWrite(SocketWrapperBase.java:764) ~[tomcat-embed-core-10.1.40.jar:10.1.40]
	at org.apache.tomcat.util.net.SocketWrapperBase.flushBlocking(SocketWrapperBase.java:728) ~[tomcat-embed-core-10.1.40.jar:10.1.40]
	at org.apache.tomcat.util.net.SocketWrapperBase.flush(SocketWrapperBase.java:712) ~[tomcat-embed-core-10.1.40.jar:10.1.40]
	at org.apache.coyote.http11.Http11OutputBuffer$SocketOutputBuffer.flush(Http11OutputBuffer.java:574) ~[tomcat-embed-core-10.1.40.jar:10.1.40]
	at org.apache.coyote.http11.filters.ChunkedOutputFilter.flush(ChunkedOutputFilter.java:156) ~[tomcat-embed-core-10.1.40.jar:10.1.40]
	at org.apache.coyote.http11.Http11OutputBuffer.flush(Http11OutputBuffer.java:216) ~[tomcat-embed-core-10.1.40.jar:10.1.40]
	at org.apache.coyote.http11.Http11Processor.flush(Http11Processor.java:1271) ~[tomcat-embed-core-10.1.40.jar:10.1.40]
	at org.apache.coyote.AbstractProcessor.action(AbstractProcessor.java:408) ~[tomcat-embed-core-10.1.40.jar:10.1.40]
	at org.apache.coyote.Response.action(Response.java:208) ~[tomcat-embed-core-10.1.40.jar:10.1.40]
	at org.apache.catalina.connector.OutputBuffer.doFlush(OutputBuffer.java:300) ~[tomcat-embed-core-10.1.40.jar:10.1.40]
	at org.apache.catalina.connector.OutputBuffer.flush(OutputBuffer.java:266) ~[tomcat-embed-core-10.1.40.jar:10.1.40]
	at org.apache.catalina.connector.CoyoteOutputStream.flush(CoyoteOutputStream.java:133) ~[tomcat-embed-core-10.1.40.jar:10.1.40]
	at org.springframework.web.context.request.async.StandardServletAsyncWebRequest$LifecycleServletOutputStream.flush(StandardServletAsyncWebRequest.java:415) ~[spring-web-6.2.6.jar:6.2.6]
	... 16 more
2026-02-14 14:06:01.346 [http-nio-8080-exec-5] ERROR com.bit.ai.robot.exception.GlobalExceptionHandler - /chat/completion request error, 
java.io.IOException: 你的主机中的软件中止了一个已建立的连接。
	at java.base/sun.nio.ch.SocketDispatcher.write0(Native Method) ~[?:?]
	at java.base/sun.nio.ch.SocketDispatcher.write(SocketDispatcher.java:54) ~[?:?]
	at java.base/sun.nio.ch.IOUtil.writeFromNativeBuffer(IOUtil.java:137) ~[?:?]
	at java.base/sun.nio.ch.IOUtil.write(IOUtil.java:102) ~[?:?]
	at java.base/sun.nio.ch.IOUtil.write(IOUtil.java:58) ~[?:?]
	at java.base/sun.nio.ch.SocketChannelImpl.write(SocketChannelImpl.java:542) ~[?:?]
	at org.apache.tomcat.util.net.NioChannel.write(NioChannel.java:122) ~[tomcat-embed-core-10.1.40.jar:10.1.40]
	at org.apache.tomcat.util.net.NioEndpoint$NioSocketWrapper.doWrite(NioEndpoint.java:1380) ~[tomcat-embed-core-10.1.40.jar:10.1.40]
	at org.apache.tomcat.util.net.SocketWrapperBase.doWrite(SocketWrapperBase.java:764) ~[tomcat-embed-core-10.1.40.jar:10.1.40]
	at org.apache.tomcat.util.net.SocketWrapperBase.flushBlocking(SocketWrapperBase.java:728) ~[tomcat-embed-core-10.1.40.jar:10.1.40]
	at org.apache.tomcat.util.net.SocketWrapperBase.flush(SocketWrapperBase.java:712) ~[tomcat-embed-core-10.1.40.jar:10.1.40]
	at org.apache.coyote.http11.Http11OutputBuffer$SocketOutputBuffer.flush(Http11OutputBuffer.java:574) ~[tomcat-embed-core-10.1.40.jar:10.1.40]
	at org.apache.coyote.http11.filters.ChunkedOutputFilter.flush(ChunkedOutputFilter.java:156) ~[tomcat-embed-core-10.1.40.jar:10.1.40]
	at org.apache.coyote.http11.Http11OutputBuffer.flush(Http11OutputBuffer.java:216) ~[tomcat-embed-core-10.1.40.jar:10.1.40]
	at org.apache.coyote.http11.Http11Processor.flush(Http11Processor.java:1271) ~[tomcat-embed-core-10.1.40.jar:10.1.40]
	at org.apache.coyote.AbstractProcessor.action(AbstractProcessor.java:408) ~[tomcat-embed-core-10.1.40.jar:10.1.40]
	at org.apache.coyote.Response.action(Response.java:208) ~[tomcat-embed-core-10.1.40.jar:10.1.40]
	at org.apache.catalina.connector.OutputBuffer.doFlush(OutputBuffer.java:300) ~[tomcat-embed-core-10.1.40.jar:10.1.40]
	at org.apache.catalina.connector.OutputBuffer.flush(OutputBuffer.java:266) ~[tomcat-embed-core-10.1.40.jar:10.1.40]
	at org.apache.catalina.connector.CoyoteOutputStream.flush(CoyoteOutputStream.java:133) ~[tomcat-embed-core-10.1.40.jar:10.1.40]
	at org.springframework.web.context.request.async.StandardServletAsyncWebRequest$LifecycleServletOutputStream.flush(StandardServletAsyncWebRequest.java:415) ~[spring-web-6.2.6.jar:6.2.6]
	at java.base/java.io.FilterOutputStream.flush(FilterOutputStream.java:155) ~[?:?]
	at com.fasterxml.jackson.core.json.UTF8JsonGenerator.flush(UTF8JsonGenerator.java:1205) ~[jackson-core-2.18.3.jar:2.18.3]
	at com.fasterxml.jackson.databind.ObjectWriter.writeValue(ObjectWriter.java:1063) ~[jackson-databind-2.18.3.jar:2.18.3]
	at org.springframework.http.converter.json.AbstractJackson2HttpMessageConverter.writeInternal(AbstractJackson2HttpMessageConverter.java:486) ~[spring-web-6.2.6.jar:6.2.6]
	at org.springframework.http.converter.AbstractGenericHttpMessageConverter.writeInternal(AbstractGenericHttpMessageConverter.java:135) ~[spring-web-6.2.6.jar:6.2.6]
	at org.springframework.http.converter.AbstractHttpMessageConverter.write(AbstractHttpMessageConverter.java:235) ~[spring-web-6.2.6.jar:6.2.6]
	at org.springframework.web.servlet.mvc.method.annotation.ResponseBodyEmitterReturnValueHandler$DefaultSseEmitterHandler.sendInternal(ResponseBodyEmitterReturnValueHandler.java:310) ~[spring-webmvc-6.2.6.jar:6.2.6]
	at org.springframework.web.servlet.mvc.method.annotation.ResponseBodyEmitterReturnValueHandler$DefaultSseEmitterHandler.send(ResponseBodyEmitterReturnValueHandler.java:297) ~[spring-webmvc-6.2.6.jar:6.2.6]
	at org.springframework.web.servlet.mvc.method.annotation.ResponseBodyEmitter.sendInternal(ResponseBodyEmitter.java:226) ~[spring-webmvc-6.2.6.jar:6.2.6]
	at org.springframework.web.servlet.mvc.method.annotation.ResponseBodyEmitter.send(ResponseBodyEmitter.java:217) ~[spring-webmvc-6.2.6.jar:6.2.6]
	at org.springframework.web.servlet.mvc.method.annotation.SseEmitter.send(SseEmitter.java:135) ~[spring-webmvc-6.2.6.jar:6.2.6]
	at org.springframework.web.servlet.mvc.method.annotation.SseEmitter.send(SseEmitter.java:118) ~[spring-webmvc-6.2.6.jar:6.2.6]
	at org.springframework.web.servlet.mvc.method.annotation.ReactiveTypeHandler$SseEmitterSubscriber.send(ReactiveTypeHandler.java:440) ~[spring-webmvc-6.2.6.jar:6.2.6]
	at org.springframework.web.servlet.mvc.method.annotation.ReactiveTypeHandler$AbstractEmitterSubscriber.run(ReactiveTypeHandler.java:359) ~[spring-webmvc-6.2.6.jar:6.2.6]
	at io.micrometer.context.ContextSnapshot.lambda$wrap$0(ContextSnapshot.java:91) ~[context-propagation-1.1.3.jar:1.1.3]
	at java.base/java.lang.Thread.run(Thread.java:1583) [?:?]
2026-02-14 14:06:01.350 [http-nio-8080-exec-5] ERROR org.apache.catalina.core.ContainerBase.[Tomcat].[localhost].[/].[dispatcherServlet] - Servlet.service() for servlet [dispatcherServlet] threw exception
java.io.IOException: 你的主机中的软件中止了一个已建立的连接。
	at java.base/sun.nio.ch.SocketDispatcher.write0(Native Method) ~[?:?]
	at java.base/sun.nio.ch.SocketDispatcher.write(SocketDispatcher.java:54) ~[?:?]
	at java.base/sun.nio.ch.IOUtil.writeFromNativeBuffer(IOUtil.java:137) ~[?:?]
	at java.base/sun.nio.ch.IOUtil.write(IOUtil.java:102) ~[?:?]
	at java.base/sun.nio.ch.IOUtil.write(IOUtil.java:58) ~[?:?]
	at java.base/sun.nio.ch.SocketChannelImpl.write(SocketChannelImpl.java:542) ~[?:?]
	at org.apache.tomcat.util.net.NioChannel.write(NioChannel.java:122) ~[tomcat-embed-core-10.1.40.jar:10.1.40]
	at org.apache.tomcat.util.net.NioEndpoint$NioSocketWrapper.doWrite(NioEndpoint.java:1380) ~[tomcat-embed-core-10.1.40.jar:10.1.40]
	at org.apache.tomcat.util.net.SocketWrapperBase.doWrite(SocketWrapperBase.java:764) ~[tomcat-embed-core-10.1.40.jar:10.1.40]
	at org.apache.tomcat.util.net.SocketWrapperBase.flushBlocking(SocketWrapperBase.java:728) ~[tomcat-embed-core-10.1.40.jar:10.1.40]
	at org.apache.tomcat.util.net.SocketWrapperBase.flush(SocketWrapperBase.java:712) ~[tomcat-embed-core-10.1.40.jar:10.1.40]
	at org.apache.coyote.http11.Http11OutputBuffer$SocketOutputBuffer.flush(Http11OutputBuffer.java:574) ~[tomcat-embed-core-10.1.40.jar:10.1.40]
	at org.apache.coyote.http11.filters.ChunkedOutputFilter.flush(ChunkedOutputFilter.java:156) ~[tomcat-embed-core-10.1.40.jar:10.1.40]
	at org.apache.coyote.http11.Http11OutputBuffer.flush(Http11OutputBuffer.java:216) ~[tomcat-embed-core-10.1.40.jar:10.1.40]
	at org.apache.coyote.http11.Http11Processor.flush(Http11Processor.java:1271) ~[tomcat-embed-core-10.1.40.jar:10.1.40]
	at org.apache.coyote.AbstractProcessor.action(AbstractProcessor.java:408) ~[tomcat-embed-core-10.1.40.jar:10.1.40]
	at org.apache.coyote.Response.action(Response.java:208) ~[tomcat-embed-core-10.1.40.jar:10.1.40]
	at org.apache.catalina.connector.OutputBuffer.doFlush(OutputBuffer.java:300) ~[tomcat-embed-core-10.1.40.jar:10.1.40]
	at org.apache.catalina.connector.OutputBuffer.flush(OutputBuffer.java:266) ~[tomcat-embed-core-10.1.40.jar:10.1.40]
	at org.apache.catalina.connector.CoyoteOutputStream.flush(CoyoteOutputStream.java:133) ~[tomcat-embed-core-10.1.40.jar:10.1.40]
	at org.springframework.web.context.request.async.StandardServletAsyncWebRequest$LifecycleServletOutputStream.flush(StandardServletAsyncWebRequest.java:415) ~[spring-web-6.2.6.jar:6.2.6]
	at java.base/java.io.FilterOutputStream.flush(FilterOutputStream.java:155) ~[?:?]
	at com.fasterxml.jackson.core.json.UTF8JsonGenerator.flush(UTF8JsonGenerator.java:1205) ~[jackson-core-2.18.3.jar:2.18.3]
	at com.fasterxml.jackson.databind.ObjectWriter.writeValue(ObjectWriter.java:1063) ~[jackson-databind-2.18.3.jar:2.18.3]
	at org.springframework.http.converter.json.AbstractJackson2HttpMessageConverter.writeInternal(AbstractJackson2HttpMessageConverter.java:486) ~[spring-web-6.2.6.jar:6.2.6]
	at org.springframework.http.converter.AbstractGenericHttpMessageConverter.writeInternal(AbstractGenericHttpMessageConverter.java:135) ~[spring-web-6.2.6.jar:6.2.6]
	at org.springframework.http.converter.AbstractHttpMessageConverter.write(AbstractHttpMessageConverter.java:235) ~[spring-web-6.2.6.jar:6.2.6]
	at org.springframework.web.servlet.mvc.method.annotation.ResponseBodyEmitterReturnValueHandler$DefaultSseEmitterHandler.sendInternal(ResponseBodyEmitterReturnValueHandler.java:310) ~[spring-webmvc-6.2.6.jar:6.2.6]
	at org.springframework.web.servlet.mvc.method.annotation.ResponseBodyEmitterReturnValueHandler$DefaultSseEmitterHandler.send(ResponseBodyEmitterReturnValueHandler.java:297) ~[spring-webmvc-6.2.6.jar:6.2.6]
	at org.springframework.web.servlet.mvc.method.annotation.ResponseBodyEmitter.sendInternal(ResponseBodyEmitter.java:226) ~[spring-webmvc-6.2.6.jar:6.2.6]
	at org.springframework.web.servlet.mvc.method.annotation.ResponseBodyEmitter.send(ResponseBodyEmitter.java:217) ~[spring-webmvc-6.2.6.jar:6.2.6]
	at org.springframework.web.servlet.mvc.method.annotation.SseEmitter.send(SseEmitter.java:135) ~[spring-webmvc-6.2.6.jar:6.2.6]
	at org.springframework.web.servlet.mvc.method.annotation.SseEmitter.send(SseEmitter.java:118) ~[spring-webmvc-6.2.6.jar:6.2.6]
	at org.springframework.web.servlet.mvc.method.annotation.ReactiveTypeHandler$SseEmitterSubscriber.send(ReactiveTypeHandler.java:440) ~[spring-webmvc-6.2.6.jar:6.2.6]
	at org.springframework.web.servlet.mvc.method.annotation.ReactiveTypeHandler$AbstractEmitterSubscriber.run(ReactiveTypeHandler.java:359) ~[spring-webmvc-6.2.6.jar:6.2.6]
	at io.micrometer.context.ContextSnapshot.lambda$wrap$0(ContextSnapshot.java:91) ~[context-propagation-1.1.3.jar:1.1.3]
	at java.base/java.lang.Thread.run(Thread.java:1583) [?:?]
2026-02-14 14:06:01.351 [http-nio-8080-exec-5] ERROR org.apache.catalina.core.ContainerBase.[Tomcat].[localhost].[/].[dispatcherServlet] - Servlet.service() for servlet [dispatcherServlet] in context with path [] threw exception
java.io.IOException: 你的主机中的软件中止了一个已建立的连接。
	at java.base/sun.nio.ch.SocketDispatcher.write0(Native Method) ~[?:?]
	at java.base/sun.nio.ch.SocketDispatcher.write(SocketDispatcher.java:54) ~[?:?]
	at java.base/sun.nio.ch.IOUtil.writeFromNativeBuffer(IOUtil.java:137) ~[?:?]
	at java.base/sun.nio.ch.IOUtil.write(IOUtil.java:102) ~[?:?]
	at java.base/sun.nio.ch.IOUtil.write(IOUtil.java:58) ~[?:?]
	at java.base/sun.nio.ch.SocketChannelImpl.write(SocketChannelImpl.java:542) ~[?:?]
	at org.apache.tomcat.util.net.NioChannel.write(NioChannel.java:122) ~[tomcat-embed-core-10.1.40.jar:10.1.40]
	at org.apache.tomcat.util.net.NioEndpoint$NioSocketWrapper.doWrite(NioEndpoint.java:1380) ~[tomcat-embed-core-10.1.40.jar:10.1.40]
	at org.apache.tomcat.util.net.SocketWrapperBase.doWrite(SocketWrapperBase.java:764) ~[tomcat-embed-core-10.1.40.jar:10.1.40]
	at org.apache.tomcat.util.net.SocketWrapperBase.flushBlocking(SocketWrapperBase.java:728) ~[tomcat-embed-core-10.1.40.jar:10.1.40]
	at org.apache.tomcat.util.net.SocketWrapperBase.flush(SocketWrapperBase.java:712) ~[tomcat-embed-core-10.1.40.jar:10.1.40]
	at org.apache.coyote.http11.Http11OutputBuffer$SocketOutputBuffer.flush(Http11OutputBuffer.java:574) ~[tomcat-embed-core-10.1.40.jar:10.1.40]
	at org.apache.coyote.http11.filters.ChunkedOutputFilter.flush(ChunkedOutputFilter.java:156) ~[tomcat-embed-core-10.1.40.jar:10.1.40]
	at org.apache.coyote.http11.Http11OutputBuffer.flush(Http11OutputBuffer.java:216) ~[tomcat-embed-core-10.1.40.jar:10.1.40]
	at org.apache.coyote.http11.Http11Processor.flush(Http11Processor.java:1271) ~[tomcat-embed-core-10.1.40.jar:10.1.40]
	at org.apache.coyote.AbstractProcessor.action(AbstractProcessor.java:408) ~[tomcat-embed-core-10.1.40.jar:10.1.40]
	at org.apache.coyote.Response.action(Response.java:208) ~[tomcat-embed-core-10.1.40.jar:10.1.40]
	at org.apache.catalina.connector.OutputBuffer.doFlush(OutputBuffer.java:300) ~[tomcat-embed-core-10.1.40.jar:10.1.40]
	at org.apache.catalina.connector.OutputBuffer.flush(OutputBuffer.java:266) ~[tomcat-embed-core-10.1.40.jar:10.1.40]
	at org.apache.catalina.connector.CoyoteOutputStream.flush(CoyoteOutputStream.java:133) ~[tomcat-embed-core-10.1.40.jar:10.1.40]
	at org.springframework.web.context.request.async.StandardServletAsyncWebRequest$LifecycleServletOutputStream.flush(StandardServletAsyncWebRequest.java:415) ~[spring-web-6.2.6.jar:6.2.6]
	at java.base/java.io.FilterOutputStream.flush(FilterOutputStream.java:155) ~[?:?]
	at com.fasterxml.jackson.core.json.UTF8JsonGenerator.flush(UTF8JsonGenerator.java:1205) ~[jackson-core-2.18.3.jar:2.18.3]
	at com.fasterxml.jackson.databind.ObjectWriter.writeValue(ObjectWriter.java:1063) ~[jackson-databind-2.18.3.jar:2.18.3]
	at org.springframework.http.converter.json.AbstractJackson2HttpMessageConverter.writeInternal(AbstractJackson2HttpMessageConverter.java:486) ~[spring-web-6.2.6.jar:6.2.6]
	at org.springframework.http.converter.AbstractGenericHttpMessageConverter.writeInternal(AbstractGenericHttpMessageConverter.java:135) ~[spring-web-6.2.6.jar:6.2.6]
	at org.springframework.http.converter.AbstractHttpMessageConverter.write(AbstractHttpMessageConverter.java:235) ~[spring-web-6.2.6.jar:6.2.6]
	at org.springframework.web.servlet.mvc.method.annotation.ResponseBodyEmitterReturnValueHandler$DefaultSseEmitterHandler.sendInternal(ResponseBodyEmitterReturnValueHandler.java:310) ~[spring-webmvc-6.2.6.jar:6.2.6]
	at org.springframework.web.servlet.mvc.method.annotation.ResponseBodyEmitterReturnValueHandler$DefaultSseEmitterHandler.send(ResponseBodyEmitterReturnValueHandler.java:297) ~[spring-webmvc-6.2.6.jar:6.2.6]
	at org.springframework.web.servlet.mvc.method.annotation.ResponseBodyEmitter.sendInternal(ResponseBodyEmitter.java:226) ~[spring-webmvc-6.2.6.jar:6.2.6]
	at org.springframework.web.servlet.mvc.method.annotation.ResponseBodyEmitter.send(ResponseBodyEmitter.java:217) ~[spring-webmvc-6.2.6.jar:6.2.6]
	at org.springframework.web.servlet.mvc.method.annotation.SseEmitter.send(SseEmitter.java:135) ~[spring-webmvc-6.2.6.jar:6.2.6]
	at org.springframework.web.servlet.mvc.method.annotation.SseEmitter.send(SseEmitter.java:118) ~[spring-webmvc-6.2.6.jar:6.2.6]
	at org.springframework.web.servlet.mvc.method.annotation.ReactiveTypeHandler$SseEmitterSubscriber.send(ReactiveTypeHandler.java:440) ~[spring-webmvc-6.2.6.jar:6.2.6]
	at org.springframework.web.servlet.mvc.method.annotation.ReactiveTypeHandler$AbstractEmitterSubscriber.run(ReactiveTypeHandler.java:359) ~[spring-webmvc-6.2.6.jar:6.2.6]
	at io.micrometer.context.ContextSnapshot.lambda$wrap$0(ContextSnapshot.java:91) ~[context-propagation-1.1.3.jar:1.1.3]
	at java.base/java.lang.Thread.run(Thread.java:1583) [?:?]
2026-02-14 14:06:16.270 [http-nio-8080-exec-4] ERROR com.bit.ai.robot.exception.GlobalExceptionHandler - /chat/completion request error, 
org.springframework.web.context.request.async.AsyncRequestNotUsableException: ServletOutputStream failed to flush: java.io.IOException: 你的主机中的软件中止了一个已建立的连接。
	at org.springframework.web.context.request.async.StandardServletAsyncWebRequest$LifecycleHttpServletResponse.handleIOException(StandardServletAsyncWebRequest.java:346) ~[spring-web-6.2.6.jar:6.2.6]
	at org.springframework.web.context.request.async.StandardServletAsyncWebRequest$LifecycleServletOutputStream.flush(StandardServletAsyncWebRequest.java:418) ~[spring-web-6.2.6.jar:6.2.6]
	at java.base/java.io.FilterOutputStream.flush(FilterOutputStream.java:155) ~[?:?]
	at com.fasterxml.jackson.core.json.UTF8JsonGenerator.flush(UTF8JsonGenerator.java:1205) ~[jackson-core-2.18.3.jar:2.18.3]
	at com.fasterxml.jackson.databind.ObjectWriter.writeValue(ObjectWriter.java:1063) ~[jackson-databind-2.18.3.jar:2.18.3]
	at org.springframework.http.converter.json.AbstractJackson2HttpMessageConverter.writeInternal(AbstractJackson2HttpMessageConverter.java:486) ~[spring-web-6.2.6.jar:6.2.6]
	at org.springframework.http.converter.AbstractGenericHttpMessageConverter.writeInternal(AbstractGenericHttpMessageConverter.java:135) ~[spring-web-6.2.6.jar:6.2.6]
	at org.springframework.http.converter.AbstractHttpMessageConverter.write(AbstractHttpMessageConverter.java:235) ~[spring-web-6.2.6.jar:6.2.6]
	at org.springframework.web.servlet.mvc.method.annotation.ResponseBodyEmitterReturnValueHandler$DefaultSseEmitterHandler.sendInternal(ResponseBodyEmitterReturnValueHandler.java:310) ~[spring-webmvc-6.2.6.jar:6.2.6]
	at org.springframework.web.servlet.mvc.method.annotation.ResponseBodyEmitterReturnValueHandler$DefaultSseEmitterHandler.send(ResponseBodyEmitterReturnValueHandler.java:297) ~[spring-webmvc-6.2.6.jar:6.2.6]
	at org.springframework.web.servlet.mvc.method.annotation.ResponseBodyEmitter.sendInternal(ResponseBodyEmitter.java:226) ~[spring-webmvc-6.2.6.jar:6.2.6]
	at org.springframework.web.servlet.mvc.method.annotation.ResponseBodyEmitter.send(ResponseBodyEmitter.java:217) ~[spring-webmvc-6.2.6.jar:6.2.6]
	at org.springframework.web.servlet.mvc.method.annotation.SseEmitter.send(SseEmitter.java:135) ~[spring-webmvc-6.2.6.jar:6.2.6]
	at org.springframework.web.servlet.mvc.method.annotation.SseEmitter.send(SseEmitter.java:118) ~[spring-webmvc-6.2.6.jar:6.2.6]
	at org.springframework.web.servlet.mvc.method.annotation.ReactiveTypeHandler$SseEmitterSubscriber.send(ReactiveTypeHandler.java:440) ~[spring-webmvc-6.2.6.jar:6.2.6]
	at org.springframework.web.servlet.mvc.method.annotation.ReactiveTypeHandler$AbstractEmitterSubscriber.run(ReactiveTypeHandler.java:359) ~[spring-webmvc-6.2.6.jar:6.2.6]
	at io.micrometer.context.ContextSnapshot.lambda$wrap$0(ContextSnapshot.java:91) ~[context-propagation-1.1.3.jar:1.1.3]
	at java.base/java.lang.Thread.run(Thread.java:1583) [?:?]
Caused by: org.apache.catalina.connector.ClientAbortException: java.io.IOException: 你的主机中的软件中止了一个已建立的连接。
	at org.apache.catalina.connector.OutputBuffer.doFlush(OutputBuffer.java:304) ~[tomcat-embed-core-10.1.40.jar:10.1.40]
	at org.apache.catalina.connector.OutputBuffer.flush(OutputBuffer.java:266) ~[tomcat-embed-core-10.1.40.jar:10.1.40]
	at org.apache.catalina.connector.CoyoteOutputStream.flush(CoyoteOutputStream.java:133) ~[tomcat-embed-core-10.1.40.jar:10.1.40]
	at org.springframework.web.context.request.async.StandardServletAsyncWebRequest$LifecycleServletOutputStream.flush(StandardServletAsyncWebRequest.java:415) ~[spring-web-6.2.6.jar:6.2.6]
	... 16 more
Caused by: java.io.IOException: 你的主机中的软件中止了一个已建立的连接。
	at java.base/sun.nio.ch.SocketDispatcher.write0(Native Method) ~[?:?]
	at java.base/sun.nio.ch.SocketDispatcher.write(SocketDispatcher.java:54) ~[?:?]
	at java.base/sun.nio.ch.IOUtil.writeFromNativeBuffer(IOUtil.java:137) ~[?:?]
	at java.base/sun.nio.ch.IOUtil.write(IOUtil.java:102) ~[?:?]
	at java.base/sun.nio.ch.IOUtil.write(IOUtil.java:58) ~[?:?]
	at java.base/sun.nio.ch.SocketChannelImpl.write(SocketChannelImpl.java:542) ~[?:?]
	at org.apache.tomcat.util.net.NioChannel.write(NioChannel.java:122) ~[tomcat-embed-core-10.1.40.jar:10.1.40]
	at org.apache.tomcat.util.net.NioEndpoint$NioSocketWrapper.doWrite(NioEndpoint.java:1380) ~[tomcat-embed-core-10.1.40.jar:10.1.40]
	at org.apache.tomcat.util.net.SocketWrapperBase.doWrite(SocketWrapperBase.java:764) ~[tomcat-embed-core-10.1.40.jar:10.1.40]
	at org.apache.tomcat.util.net.SocketWrapperBase.flushBlocking(SocketWrapperBase.java:728) ~[tomcat-embed-core-10.1.40.jar:10.1.40]
	at org.apache.tomcat.util.net.SocketWrapperBase.flush(SocketWrapperBase.java:712) ~[tomcat-embed-core-10.1.40.jar:10.1.40]
	at org.apache.coyote.http11.Http11OutputBuffer$SocketOutputBuffer.flush(Http11OutputBuffer.java:574) ~[tomcat-embed-core-10.1.40.jar:10.1.40]
	at org.apache.coyote.http11.filters.ChunkedOutputFilter.flush(ChunkedOutputFilter.java:156) ~[tomcat-embed-core-10.1.40.jar:10.1.40]
	at org.apache.coyote.http11.Http11OutputBuffer.flush(Http11OutputBuffer.java:216) ~[tomcat-embed-core-10.1.40.jar:10.1.40]
	at org.apache.coyote.http11.Http11Processor.flush(Http11Processor.java:1271) ~[tomcat-embed-core-10.1.40.jar:10.1.40]
	at org.apache.coyote.AbstractProcessor.action(AbstractProcessor.java:408) ~[tomcat-embed-core-10.1.40.jar:10.1.40]
	at org.apache.coyote.Response.action(Response.java:208) ~[tomcat-embed-core-10.1.40.jar:10.1.40]
	at org.apache.catalina.connector.OutputBuffer.doFlush(OutputBuffer.java:300) ~[tomcat-embed-core-10.1.40.jar:10.1.40]
	at org.apache.catalina.connector.OutputBuffer.flush(OutputBuffer.java:266) ~[tomcat-embed-core-10.1.40.jar:10.1.40]
	at org.apache.catalina.connector.CoyoteOutputStream.flush(CoyoteOutputStream.java:133) ~[tomcat-embed-core-10.1.40.jar:10.1.40]
	at org.springframework.web.context.request.async.StandardServletAsyncWebRequest$LifecycleServletOutputStream.flush(StandardServletAsyncWebRequest.java:415) ~[spring-web-6.2.6.jar:6.2.6]
	... 16 more
2026-02-14 14:06:32.404 [http-nio-8080-exec-3] ERROR com.bit.ai.robot.exception.GlobalExceptionHandler - /chat/completion request error, 
org.springframework.web.context.request.async.AsyncRequestNotUsableException: ServletOutputStream failed to flush: java.io.IOException: 你的主机中的软件中止了一个已建立的连接。
	at org.springframework.web.context.request.async.StandardServletAsyncWebRequest$LifecycleHttpServletResponse.handleIOException(StandardServletAsyncWebRequest.java:346) ~[spring-web-6.2.6.jar:6.2.6]
	at org.springframework.web.context.request.async.StandardServletAsyncWebRequest$LifecycleServletOutputStream.flush(StandardServletAsyncWebRequest.java:418) ~[spring-web-6.2.6.jar:6.2.6]
	at java.base/java.io.FilterOutputStream.flush(FilterOutputStream.java:155) ~[?:?]
	at com.fasterxml.jackson.core.json.UTF8JsonGenerator.flush(UTF8JsonGenerator.java:1205) ~[jackson-core-2.18.3.jar:2.18.3]
	at com.fasterxml.jackson.databind.ObjectWriter.writeValue(ObjectWriter.java:1063) ~[jackson-databind-2.18.3.jar:2.18.3]
	at org.springframework.http.converter.json.AbstractJackson2HttpMessageConverter.writeInternal(AbstractJackson2HttpMessageConverter.java:486) ~[spring-web-6.2.6.jar:6.2.6]
	at org.springframework.http.converter.AbstractGenericHttpMessageConverter.writeInternal(AbstractGenericHttpMessageConverter.java:135) ~[spring-web-6.2.6.jar:6.2.6]
	at org.springframework.http.converter.AbstractHttpMessageConverter.write(AbstractHttpMessageConverter.java:235) ~[spring-web-6.2.6.jar:6.2.6]
	at org.springframework.web.servlet.mvc.method.annotation.ResponseBodyEmitterReturnValueHandler$DefaultSseEmitterHandler.sendInternal(ResponseBodyEmitterReturnValueHandler.java:310) ~[spring-webmvc-6.2.6.jar:6.2.6]
	at org.springframework.web.servlet.mvc.method.annotation.ResponseBodyEmitterReturnValueHandler$DefaultSseEmitterHandler.send(ResponseBodyEmitterReturnValueHandler.java:297) ~[spring-webmvc-6.2.6.jar:6.2.6]
	at org.springframework.web.servlet.mvc.method.annotation.ResponseBodyEmitter.sendInternal(ResponseBodyEmitter.java:226) ~[spring-webmvc-6.2.6.jar:6.2.6]
	at org.springframework.web.servlet.mvc.method.annotation.ResponseBodyEmitter.send(ResponseBodyEmitter.java:217) ~[spring-webmvc-6.2.6.jar:6.2.6]
	at org.springframework.web.servlet.mvc.method.annotation.SseEmitter.send(SseEmitter.java:135) ~[spring-webmvc-6.2.6.jar:6.2.6]
	at org.springframework.web.servlet.mvc.method.annotation.SseEmitter.send(SseEmitter.java:118) ~[spring-webmvc-6.2.6.jar:6.2.6]
	at org.springframework.web.servlet.mvc.method.annotation.ReactiveTypeHandler$SseEmitterSubscriber.send(ReactiveTypeHandler.java:440) ~[spring-webmvc-6.2.6.jar:6.2.6]
	at org.springframework.web.servlet.mvc.method.annotation.ReactiveTypeHandler$AbstractEmitterSubscriber.run(ReactiveTypeHandler.java:359) ~[spring-webmvc-6.2.6.jar:6.2.6]
	at io.micrometer.context.ContextSnapshot.lambda$wrap$0(ContextSnapshot.java:91) ~[context-propagation-1.1.3.jar:1.1.3]
	at java.base/java.lang.Thread.run(Thread.java:1583) [?:?]
Caused by: org.apache.catalina.connector.ClientAbortException: java.io.IOException: 你的主机中的软件中止了一个已建立的连接。
	at org.apache.catalina.connector.OutputBuffer.doFlush(OutputBuffer.java:304) ~[tomcat-embed-core-10.1.40.jar:10.1.40]
	at org.apache.catalina.connector.OutputBuffer.flush(OutputBuffer.java:266) ~[tomcat-embed-core-10.1.40.jar:10.1.40]
	at org.apache.catalina.connector.CoyoteOutputStream.flush(CoyoteOutputStream.java:133) ~[tomcat-embed-core-10.1.40.jar:10.1.40]
	at org.springframework.web.context.request.async.StandardServletAsyncWebRequest$LifecycleServletOutputStream.flush(StandardServletAsyncWebRequest.java:415) ~[spring-web-6.2.6.jar:6.2.6]
	... 16 more
Caused by: java.io.IOException: 你的主机中的软件中止了一个已建立的连接。
	at java.base/sun.nio.ch.SocketDispatcher.write0(Native Method) ~[?:?]
	at java.base/sun.nio.ch.SocketDispatcher.write(SocketDispatcher.java:54) ~[?:?]
	at java.base/sun.nio.ch.IOUtil.writeFromNativeBuffer(IOUtil.java:137) ~[?:?]
	at java.base/sun.nio.ch.IOUtil.write(IOUtil.java:102) ~[?:?]
	at java.base/sun.nio.ch.IOUtil.write(IOUtil.java:58) ~[?:?]
	at java.base/sun.nio.ch.SocketChannelImpl.write(SocketChannelImpl.java:542) ~[?:?]
	at org.apache.tomcat.util.net.NioChannel.write(NioChannel.java:122) ~[tomcat-embed-core-10.1.40.jar:10.1.40]
	at org.apache.tomcat.util.net.NioEndpoint$NioSocketWrapper.doWrite(NioEndpoint.java:1380) ~[tomcat-embed-core-10.1.40.jar:10.1.40]
	at org.apache.tomcat.util.net.SocketWrapperBase.doWrite(SocketWrapperBase.java:764) ~[tomcat-embed-core-10.1.40.jar:10.1.40]
	at org.apache.tomcat.util.net.SocketWrapperBase.flushBlocking(SocketWrapperBase.java:728) ~[tomcat-embed-core-10.1.40.jar:10.1.40]
	at org.apache.tomcat.util.net.SocketWrapperBase.flush(SocketWrapperBase.java:712) ~[tomcat-embed-core-10.1.40.jar:10.1.40]
	at org.apache.coyote.http11.Http11OutputBuffer$SocketOutputBuffer.flush(Http11OutputBuffer.java:574) ~[tomcat-embed-core-10.1.40.jar:10.1.40]
	at org.apache.coyote.http11.filters.ChunkedOutputFilter.flush(ChunkedOutputFilter.java:156) ~[tomcat-embed-core-10.1.40.jar:10.1.40]
	at org.apache.coyote.http11.Http11OutputBuffer.flush(Http11OutputBuffer.java:216) ~[tomcat-embed-core-10.1.40.jar:10.1.40]
	at org.apache.coyote.http11.Http11Processor.flush(Http11Processor.java:1271) ~[tomcat-embed-core-10.1.40.jar:10.1.40]
	at org.apache.coyote.AbstractProcessor.action(AbstractProcessor.java:408) ~[tomcat-embed-core-10.1.40.jar:10.1.40]
	at org.apache.coyote.Response.action(Response.java:208) ~[tomcat-embed-core-10.1.40.jar:10.1.40]
	at org.apache.catalina.connector.OutputBuffer.doFlush(OutputBuffer.java:300) ~[tomcat-embed-core-10.1.40.jar:10.1.40]
	at org.apache.catalina.connector.OutputBuffer.flush(OutputBuffer.java:266) ~[tomcat-embed-core-10.1.40.jar:10.1.40]
	at org.apache.catalina.connector.CoyoteOutputStream.flush(CoyoteOutputStream.java:133) ~[tomcat-embed-core-10.1.40.jar:10.1.40]
	at org.springframework.web.context.request.async.StandardServletAsyncWebRequest$LifecycleServletOutputStream.flush(StandardServletAsyncWebRequest.java:415) ~[spring-web-6.2.6.jar:6.2.6]
	... 16 more
2026-02-14 14:07:04.581 [http-nio-8080-exec-6] ERROR com.bit.ai.robot.exception.GlobalExceptionHandler - /chat/completion request error, 
org.springframework.web.context.request.async.AsyncRequestNotUsableException: ServletOutputStream failed to flush: java.io.IOException: 你的主机中的软件中止了一个已建立的连接。
	at org.springframework.web.context.request.async.StandardServletAsyncWebRequest$LifecycleHttpServletResponse.handleIOException(StandardServletAsyncWebRequest.java:346) ~[spring-web-6.2.6.jar:6.2.6]
	at org.springframework.web.context.request.async.StandardServletAsyncWebRequest$LifecycleServletOutputStream.flush(StandardServletAsyncWebRequest.java:418) ~[spring-web-6.2.6.jar:6.2.6]
	at java.base/java.io.FilterOutputStream.flush(FilterOutputStream.java:155) ~[?:?]
	at com.fasterxml.jackson.core.json.UTF8JsonGenerator.flush(UTF8JsonGenerator.java:1205) ~[jackson-core-2.18.3.jar:2.18.3]
	at com.fasterxml.jackson.databind.ObjectWriter.writeValue(ObjectWriter.java:1063) ~[jackson-databind-2.18.3.jar:2.18.3]
	at org.springframework.http.converter.json.AbstractJackson2HttpMessageConverter.writeInternal(AbstractJackson2HttpMessageConverter.java:486) ~[spring-web-6.2.6.jar:6.2.6]
	at org.springframework.http.converter.AbstractGenericHttpMessageConverter.writeInternal(AbstractGenericHttpMessageConverter.java:135) ~[spring-web-6.2.6.jar:6.2.6]
	at org.springframework.http.converter.AbstractHttpMessageConverter.write(AbstractHttpMessageConverter.java:235) ~[spring-web-6.2.6.jar:6.2.6]
	at org.springframework.web.servlet.mvc.method.annotation.ResponseBodyEmitterReturnValueHandler$DefaultSseEmitterHandler.sendInternal(ResponseBodyEmitterReturnValueHandler.java:310) ~[spring-webmvc-6.2.6.jar:6.2.6]
	at org.springframework.web.servlet.mvc.method.annotation.ResponseBodyEmitterReturnValueHandler$DefaultSseEmitterHandler.send(ResponseBodyEmitterReturnValueHandler.java:297) ~[spring-webmvc-6.2.6.jar:6.2.6]
	at org.springframework.web.servlet.mvc.method.annotation.ResponseBodyEmitter.sendInternal(ResponseBodyEmitter.java:226) ~[spring-webmvc-6.2.6.jar:6.2.6]
	at org.springframework.web.servlet.mvc.method.annotation.ResponseBodyEmitter.send(ResponseBodyEmitter.java:217) ~[spring-webmvc-6.2.6.jar:6.2.6]
	at org.springframework.web.servlet.mvc.method.annotation.SseEmitter.send(SseEmitter.java:135) ~[spring-webmvc-6.2.6.jar:6.2.6]
	at org.springframework.web.servlet.mvc.method.annotation.SseEmitter.send(SseEmitter.java:118) ~[spring-webmvc-6.2.6.jar:6.2.6]
	at org.springframework.web.servlet.mvc.method.annotation.ReactiveTypeHandler$SseEmitterSubscriber.send(ReactiveTypeHandler.java:440) ~[spring-webmvc-6.2.6.jar:6.2.6]
	at org.springframework.web.servlet.mvc.method.annotation.ReactiveTypeHandler$AbstractEmitterSubscriber.run(ReactiveTypeHandler.java:359) ~[spring-webmvc-6.2.6.jar:6.2.6]
	at io.micrometer.context.ContextSnapshot.lambda$wrap$0(ContextSnapshot.java:91) ~[context-propagation-1.1.3.jar:1.1.3]
	at java.base/java.lang.Thread.run(Thread.java:1583) [?:?]
Caused by: org.apache.catalina.connector.ClientAbortException: java.io.IOException: 你的主机中的软件中止了一个已建立的连接。
	at org.apache.catalina.connector.OutputBuffer.doFlush(OutputBuffer.java:304) ~[tomcat-embed-core-10.1.40.jar:10.1.40]
	at org.apache.catalina.connector.OutputBuffer.flush(OutputBuffer.java:266) ~[tomcat-embed-core-10.1.40.jar:10.1.40]
	at org.apache.catalina.connector.CoyoteOutputStream.flush(CoyoteOutputStream.java:133) ~[tomcat-embed-core-10.1.40.jar:10.1.40]
	at org.springframework.web.context.request.async.StandardServletAsyncWebRequest$LifecycleServletOutputStream.flush(StandardServletAsyncWebRequest.java:415) ~[spring-web-6.2.6.jar:6.2.6]
	... 16 more
Caused by: java.io.IOException: 你的主机中的软件中止了一个已建立的连接。
	at java.base/sun.nio.ch.SocketDispatcher.write0(Native Method) ~[?:?]
	at java.base/sun.nio.ch.SocketDispatcher.write(SocketDispatcher.java:54) ~[?:?]
	at java.base/sun.nio.ch.IOUtil.writeFromNativeBuffer(IOUtil.java:137) ~[?:?]
	at java.base/sun.nio.ch.IOUtil.write(IOUtil.java:102) ~[?:?]
	at java.base/sun.nio.ch.IOUtil.write(IOUtil.java:58) ~[?:?]
	at java.base/sun.nio.ch.SocketChannelImpl.write(SocketChannelImpl.java:542) ~[?:?]
	at org.apache.tomcat.util.net.NioChannel.write(NioChannel.java:122) ~[tomcat-embed-core-10.1.40.jar:10.1.40]
	at org.apache.tomcat.util.net.NioEndpoint$NioSocketWrapper.doWrite(NioEndpoint.java:1380) ~[tomcat-embed-core-10.1.40.jar:10.1.40]
	at org.apache.tomcat.util.net.SocketWrapperBase.doWrite(SocketWrapperBase.java:764) ~[tomcat-embed-core-10.1.40.jar:10.1.40]
	at org.apache.tomcat.util.net.SocketWrapperBase.flushBlocking(SocketWrapperBase.java:728) ~[tomcat-embed-core-10.1.40.jar:10.1.40]
	at org.apache.tomcat.util.net.SocketWrapperBase.flush(SocketWrapperBase.java:712) ~[tomcat-embed-core-10.1.40.jar:10.1.40]
	at org.apache.coyote.http11.Http11OutputBuffer$SocketOutputBuffer.flush(Http11OutputBuffer.java:574) ~[tomcat-embed-core-10.1.40.jar:10.1.40]
	at org.apache.coyote.http11.filters.ChunkedOutputFilter.flush(ChunkedOutputFilter.java:156) ~[tomcat-embed-core-10.1.40.jar:10.1.40]
	at org.apache.coyote.http11.Http11OutputBuffer.flush(Http11OutputBuffer.java:216) ~[tomcat-embed-core-10.1.40.jar:10.1.40]
	at org.apache.coyote.http11.Http11Processor.flush(Http11Processor.java:1271) ~[tomcat-embed-core-10.1.40.jar:10.1.40]
	at org.apache.coyote.AbstractProcessor.action(AbstractProcessor.java:408) ~[tomcat-embed-core-10.1.40.jar:10.1.40]
	at org.apache.coyote.Response.action(Response.java:208) ~[tomcat-embed-core-10.1.40.jar:10.1.40]
	at org.apache.catalina.connector.OutputBuffer.doFlush(OutputBuffer.java:300) ~[tomcat-embed-core-10.1.40.jar:10.1.40]
	at org.apache.catalina.connector.OutputBuffer.flush(OutputBuffer.java:266) ~[tomcat-embed-core-10.1.40.jar:10.1.40]
	at org.apache.catalina.connector.CoyoteOutputStream.flush(CoyoteOutputStream.java:133) ~[tomcat-embed-core-10.1.40.jar:10.1.40]
	at org.springframework.web.context.request.async.StandardServletAsyncWebRequest$LifecycleServletOutputStream.flush(StandardServletAsyncWebRequest.java:415) ~[spring-web-6.2.6.jar:6.2.6]
	... 16 more
2026-02-14 14:07:09.921 [http-nio-8080-exec-2] ERROR com.bit.ai.robot.exception.GlobalExceptionHandler - /chat/completion request error, 
java.io.IOException: 你的主机中的软件中止了一个已建立的连接。
	at java.base/sun.nio.ch.SocketDispatcher.write0(Native Method) ~[?:?]
	at java.base/sun.nio.ch.SocketDispatcher.write(SocketDispatcher.java:54) ~[?:?]
	at java.base/sun.nio.ch.IOUtil.writeFromNativeBuffer(IOUtil.java:137) ~[?:?]
	at java.base/sun.nio.ch.IOUtil.write(IOUtil.java:102) ~[?:?]
	at java.base/sun.nio.ch.IOUtil.write(IOUtil.java:58) ~[?:?]
	at java.base/sun.nio.ch.SocketChannelImpl.write(SocketChannelImpl.java:542) ~[?:?]
	at org.apache.tomcat.util.net.NioChannel.write(NioChannel.java:122) ~[tomcat-embed-core-10.1.40.jar:10.1.40]
	at org.apache.tomcat.util.net.NioEndpoint$NioSocketWrapper.doWrite(NioEndpoint.java:1380) ~[tomcat-embed-core-10.1.40.jar:10.1.40]
	at org.apache.tomcat.util.net.SocketWrapperBase.doWrite(SocketWrapperBase.java:764) ~[tomcat-embed-core-10.1.40.jar:10.1.40]
	at org.apache.tomcat.util.net.SocketWrapperBase.flushBlocking(SocketWrapperBase.java:728) ~[tomcat-embed-core-10.1.40.jar:10.1.40]
	at org.apache.tomcat.util.net.SocketWrapperBase.flush(SocketWrapperBase.java:712) ~[tomcat-embed-core-10.1.40.jar:10.1.40]
	at org.apache.coyote.http11.Http11OutputBuffer$SocketOutputBuffer.flush(Http11OutputBuffer.java:574) ~[tomcat-embed-core-10.1.40.jar:10.1.40]
	at org.apache.coyote.http11.filters.ChunkedOutputFilter.flush(ChunkedOutputFilter.java:156) ~[tomcat-embed-core-10.1.40.jar:10.1.40]
	at org.apache.coyote.http11.Http11OutputBuffer.flush(Http11OutputBuffer.java:216) ~[tomcat-embed-core-10.1.40.jar:10.1.40]
	at org.apache.coyote.http11.Http11Processor.flush(Http11Processor.java:1271) ~[tomcat-embed-core-10.1.40.jar:10.1.40]
	at org.apache.coyote.AbstractProcessor.action(AbstractProcessor.java:408) ~[tomcat-embed-core-10.1.40.jar:10.1.40]
	at org.apache.coyote.Response.action(Response.java:208) ~[tomcat-embed-core-10.1.40.jar:10.1.40]
	at org.apache.catalina.connector.OutputBuffer.doFlush(OutputBuffer.java:300) ~[tomcat-embed-core-10.1.40.jar:10.1.40]
	at org.apache.catalina.connector.OutputBuffer.flush(OutputBuffer.java:266) ~[tomcat-embed-core-10.1.40.jar:10.1.40]
	at org.apache.catalina.connector.CoyoteOutputStream.flush(CoyoteOutputStream.java:133) ~[tomcat-embed-core-10.1.40.jar:10.1.40]
	at org.springframework.web.context.request.async.StandardServletAsyncWebRequest$LifecycleServletOutputStream.flush(StandardServletAsyncWebRequest.java:415) ~[spring-web-6.2.6.jar:6.2.6]
	at java.base/java.io.FilterOutputStream.flush(FilterOutputStream.java:155) ~[?:?]
	at com.fasterxml.jackson.core.json.UTF8JsonGenerator.flush(UTF8JsonGenerator.java:1205) ~[jackson-core-2.18.3.jar:2.18.3]
	at com.fasterxml.jackson.databind.ObjectWriter.writeValue(ObjectWriter.java:1063) ~[jackson-databind-2.18.3.jar:2.18.3]
	at org.springframework.http.converter.json.AbstractJackson2HttpMessageConverter.writeInternal(AbstractJackson2HttpMessageConverter.java:486) ~[spring-web-6.2.6.jar:6.2.6]
	at org.springframework.http.converter.AbstractGenericHttpMessageConverter.writeInternal(AbstractGenericHttpMessageConverter.java:135) ~[spring-web-6.2.6.jar:6.2.6]
	at org.springframework.http.converter.AbstractHttpMessageConverter.write(AbstractHttpMessageConverter.java:235) ~[spring-web-6.2.6.jar:6.2.6]
	at org.springframework.web.servlet.mvc.method.annotation.ResponseBodyEmitterReturnValueHandler$DefaultSseEmitterHandler.sendInternal(ResponseBodyEmitterReturnValueHandler.java:310) ~[spring-webmvc-6.2.6.jar:6.2.6]
	at org.springframework.web.servlet.mvc.method.annotation.ResponseBodyEmitterReturnValueHandler$DefaultSseEmitterHandler.send(ResponseBodyEmitterReturnValueHandler.java:297) ~[spring-webmvc-6.2.6.jar:6.2.6]
	at org.springframework.web.servlet.mvc.method.annotation.ResponseBodyEmitter.sendInternal(ResponseBodyEmitter.java:226) ~[spring-webmvc-6.2.6.jar:6.2.6]
	at org.springframework.web.servlet.mvc.method.annotation.ResponseBodyEmitter.send(ResponseBodyEmitter.java:217) ~[spring-webmvc-6.2.6.jar:6.2.6]
	at org.springframework.web.servlet.mvc.method.annotation.SseEmitter.send(SseEmitter.java:135) ~[spring-webmvc-6.2.6.jar:6.2.6]
	at org.springframework.web.servlet.mvc.method.annotation.SseEmitter.send(SseEmitter.java:118) ~[spring-webmvc-6.2.6.jar:6.2.6]
	at org.springframework.web.servlet.mvc.method.annotation.ReactiveTypeHandler$SseEmitterSubscriber.send(ReactiveTypeHandler.java:440) ~[spring-webmvc-6.2.6.jar:6.2.6]
	at org.springframework.web.servlet.mvc.method.annotation.ReactiveTypeHandler$AbstractEmitterSubscriber.run(ReactiveTypeHandler.java:359) ~[spring-webmvc-6.2.6.jar:6.2.6]
	at io.micrometer.context.ContextSnapshot.lambda$wrap$0(ContextSnapshot.java:91) ~[context-propagation-1.1.3.jar:1.1.3]
	at java.base/java.lang.Thread.run(Thread.java:1583) [?:?]
2026-02-14 14:07:09.922 [http-nio-8080-exec-2] ERROR org.apache.catalina.core.ContainerBase.[Tomcat].[localhost].[/].[dispatcherServlet] - Servlet.service() for servlet [dispatcherServlet] threw exception
java.io.IOException: 你的主机中的软件中止了一个已建立的连接。
	at java.base/sun.nio.ch.SocketDispatcher.write0(Native Method) ~[?:?]
	at java.base/sun.nio.ch.SocketDispatcher.write(SocketDispatcher.java:54) ~[?:?]
	at java.base/sun.nio.ch.IOUtil.writeFromNativeBuffer(IOUtil.java:137) ~[?:?]
	at java.base/sun.nio.ch.IOUtil.write(IOUtil.java:102) ~[?:?]
	at java.base/sun.nio.ch.IOUtil.write(IOUtil.java:58) ~[?:?]
	at java.base/sun.nio.ch.SocketChannelImpl.write(SocketChannelImpl.java:542) ~[?:?]
	at org.apache.tomcat.util.net.NioChannel.write(NioChannel.java:122) ~[tomcat-embed-core-10.1.40.jar:10.1.40]
	at org.apache.tomcat.util.net.NioEndpoint$NioSocketWrapper.doWrite(NioEndpoint.java:1380) ~[tomcat-embed-core-10.1.40.jar:10.1.40]
	at org.apache.tomcat.util.net.SocketWrapperBase.doWrite(SocketWrapperBase.java:764) ~[tomcat-embed-core-10.1.40.jar:10.1.40]
	at org.apache.tomcat.util.net.SocketWrapperBase.flushBlocking(SocketWrapperBase.java:728) ~[tomcat-embed-core-10.1.40.jar:10.1.40]
	at org.apache.tomcat.util.net.SocketWrapperBase.flush(SocketWrapperBase.java:712) ~[tomcat-embed-core-10.1.40.jar:10.1.40]
	at org.apache.coyote.http11.Http11OutputBuffer$SocketOutputBuffer.flush(Http11OutputBuffer.java:574) ~[tomcat-embed-core-10.1.40.jar:10.1.40]
	at org.apache.coyote.http11.filters.ChunkedOutputFilter.flush(ChunkedOutputFilter.java:156) ~[tomcat-embed-core-10.1.40.jar:10.1.40]
	at org.apache.coyote.http11.Http11OutputBuffer.flush(Http11OutputBuffer.java:216) ~[tomcat-embed-core-10.1.40.jar:10.1.40]
	at org.apache.coyote.http11.Http11Processor.flush(Http11Processor.java:1271) ~[tomcat-embed-core-10.1.40.jar:10.1.40]
	at org.apache.coyote.AbstractProcessor.action(AbstractProcessor.java:408) ~[tomcat-embed-core-10.1.40.jar:10.1.40]
	at org.apache.coyote.Response.action(Response.java:208) ~[tomcat-embed-core-10.1.40.jar:10.1.40]
	at org.apache.catalina.connector.OutputBuffer.doFlush(OutputBuffer.java:300) ~[tomcat-embed-core-10.1.40.jar:10.1.40]
	at org.apache.catalina.connector.OutputBuffer.flush(OutputBuffer.java:266) ~[tomcat-embed-core-10.1.40.jar:10.1.40]
	at org.apache.catalina.connector.CoyoteOutputStream.flush(CoyoteOutputStream.java:133) ~[tomcat-embed-core-10.1.40.jar:10.1.40]
	at org.springframework.web.context.request.async.StandardServletAsyncWebRequest$LifecycleServletOutputStream.flush(StandardServletAsyncWebRequest.java:415) ~[spring-web-6.2.6.jar:6.2.6]
	at java.base/java.io.FilterOutputStream.flush(FilterOutputStream.java:155) ~[?:?]
	at com.fasterxml.jackson.core.json.UTF8JsonGenerator.flush(UTF8JsonGenerator.java:1205) ~[jackson-core-2.18.3.jar:2.18.3]
	at com.fasterxml.jackson.databind.ObjectWriter.writeValue(ObjectWriter.java:1063) ~[jackson-databind-2.18.3.jar:2.18.3]
	at org.springframework.http.converter.json.AbstractJackson2HttpMessageConverter.writeInternal(AbstractJackson2HttpMessageConverter.java:486) ~[spring-web-6.2.6.jar:6.2.6]
	at org.springframework.http.converter.AbstractGenericHttpMessageConverter.writeInternal(AbstractGenericHttpMessageConverter.java:135) ~[spring-web-6.2.6.jar:6.2.6]
	at org.springframework.http.converter.AbstractHttpMessageConverter.write(AbstractHttpMessageConverter.java:235) ~[spring-web-6.2.6.jar:6.2.6]
	at org.springframework.web.servlet.mvc.method.annotation.ResponseBodyEmitterReturnValueHandler$DefaultSseEmitterHandler.sendInternal(ResponseBodyEmitterReturnValueHandler.java:310) ~[spring-webmvc-6.2.6.jar:6.2.6]
	at org.springframework.web.servlet.mvc.method.annotation.ResponseBodyEmitterReturnValueHandler$DefaultSseEmitterHandler.send(ResponseBodyEmitterReturnValueHandler.java:297) ~[spring-webmvc-6.2.6.jar:6.2.6]
	at org.springframework.web.servlet.mvc.method.annotation.ResponseBodyEmitter.sendInternal(ResponseBodyEmitter.java:226) ~[spring-webmvc-6.2.6.jar:6.2.6]
	at org.springframework.web.servlet.mvc.method.annotation.ResponseBodyEmitter.send(ResponseBodyEmitter.java:217) ~[spring-webmvc-6.2.6.jar:6.2.6]
	at org.springframework.web.servlet.mvc.method.annotation.SseEmitter.send(SseEmitter.java:135) ~[spring-webmvc-6.2.6.jar:6.2.6]
	at org.springframework.web.servlet.mvc.method.annotation.SseEmitter.send(SseEmitter.java:118) ~[spring-webmvc-6.2.6.jar:6.2.6]
	at org.springframework.web.servlet.mvc.method.annotation.ReactiveTypeHandler$SseEmitterSubscriber.send(ReactiveTypeHandler.java:440) ~[spring-webmvc-6.2.6.jar:6.2.6]
	at org.springframework.web.servlet.mvc.method.annotation.ReactiveTypeHandler$AbstractEmitterSubscriber.run(ReactiveTypeHandler.java:359) ~[spring-webmvc-6.2.6.jar:6.2.6]
	at io.micrometer.context.ContextSnapshot.lambda$wrap$0(ContextSnapshot.java:91) ~[context-propagation-1.1.3.jar:1.1.3]
	at java.base/java.lang.Thread.run(Thread.java:1583) [?:?]
2026-02-14 14:07:09.923 [http-nio-8080-exec-2] ERROR org.apache.catalina.core.ContainerBase.[Tomcat].[localhost].[/].[dispatcherServlet] - Servlet.service() for servlet [dispatcherServlet] in context with path [] threw exception
java.io.IOException: 你的主机中的软件中止了一个已建立的连接。
	at java.base/sun.nio.ch.SocketDispatcher.write0(Native Method) ~[?:?]
	at java.base/sun.nio.ch.SocketDispatcher.write(SocketDispatcher.java:54) ~[?:?]
	at java.base/sun.nio.ch.IOUtil.writeFromNativeBuffer(IOUtil.java:137) ~[?:?]
	at java.base/sun.nio.ch.IOUtil.write(IOUtil.java:102) ~[?:?]
	at java.base/sun.nio.ch.IOUtil.write(IOUtil.java:58) ~[?:?]
	at java.base/sun.nio.ch.SocketChannelImpl.write(SocketChannelImpl.java:542) ~[?:?]
	at org.apache.tomcat.util.net.NioChannel.write(NioChannel.java:122) ~[tomcat-embed-core-10.1.40.jar:10.1.40]
	at org.apache.tomcat.util.net.NioEndpoint$NioSocketWrapper.doWrite(NioEndpoint.java:1380) ~[tomcat-embed-core-10.1.40.jar:10.1.40]
	at org.apache.tomcat.util.net.SocketWrapperBase.doWrite(SocketWrapperBase.java:764) ~[tomcat-embed-core-10.1.40.jar:10.1.40]
	at org.apache.tomcat.util.net.SocketWrapperBase.flushBlocking(SocketWrapperBase.java:728) ~[tomcat-embed-core-10.1.40.jar:10.1.40]
	at org.apache.tomcat.util.net.SocketWrapperBase.flush(SocketWrapperBase.java:712) ~[tomcat-embed-core-10.1.40.jar:10.1.40]
	at org.apache.coyote.http11.Http11OutputBuffer$SocketOutputBuffer.flush(Http11OutputBuffer.java:574) ~[tomcat-embed-core-10.1.40.jar:10.1.40]
	at org.apache.coyote.http11.filters.ChunkedOutputFilter.flush(ChunkedOutputFilter.java:156) ~[tomcat-embed-core-10.1.40.jar:10.1.40]
	at org.apache.coyote.http11.Http11OutputBuffer.flush(Http11OutputBuffer.java:216) ~[tomcat-embed-core-10.1.40.jar:10.1.40]
	at org.apache.coyote.http11.Http11Processor.flush(Http11Processor.java:1271) ~[tomcat-embed-core-10.1.40.jar:10.1.40]
	at org.apache.coyote.AbstractProcessor.action(AbstractProcessor.java:408) ~[tomcat-embed-core-10.1.40.jar:10.1.40]
	at org.apache.coyote.Response.action(Response.java:208) ~[tomcat-embed-core-10.1.40.jar:10.1.40]
	at org.apache.catalina.connector.OutputBuffer.doFlush(OutputBuffer.java:300) ~[tomcat-embed-core-10.1.40.jar:10.1.40]
	at org.apache.catalina.connector.OutputBuffer.flush(OutputBuffer.java:266) ~[tomcat-embed-core-10.1.40.jar:10.1.40]
	at org.apache.catalina.connector.CoyoteOutputStream.flush(CoyoteOutputStream.java:133) ~[tomcat-embed-core-10.1.40.jar:10.1.40]
	at org.springframework.web.context.request.async.StandardServletAsyncWebRequest$LifecycleServletOutputStream.flush(StandardServletAsyncWebRequest.java:415) ~[spring-web-6.2.6.jar:6.2.6]
	at java.base/java.io.FilterOutputStream.flush(FilterOutputStream.java:155) ~[?:?]
	at com.fasterxml.jackson.core.json.UTF8JsonGenerator.flush(UTF8JsonGenerator.java:1205) ~[jackson-core-2.18.3.jar:2.18.3]
	at com.fasterxml.jackson.databind.ObjectWriter.writeValue(ObjectWriter.java:1063) ~[jackson-databind-2.18.3.jar:2.18.3]
	at org.springframework.http.converter.json.AbstractJackson2HttpMessageConverter.writeInternal(AbstractJackson2HttpMessageConverter.java:486) ~[spring-web-6.2.6.jar:6.2.6]
	at org.springframework.http.converter.AbstractGenericHttpMessageConverter.writeInternal(AbstractGenericHttpMessageConverter.java:135) ~[spring-web-6.2.6.jar:6.2.6]
	at org.springframework.http.converter.AbstractHttpMessageConverter.write(AbstractHttpMessageConverter.java:235) ~[spring-web-6.2.6.jar:6.2.6]
	at org.springframework.web.servlet.mvc.method.annotation.ResponseBodyEmitterReturnValueHandler$DefaultSseEmitterHandler.sendInternal(ResponseBodyEmitterReturnValueHandler.java:310) ~[spring-webmvc-6.2.6.jar:6.2.6]
	at org.springframework.web.servlet.mvc.method.annotation.ResponseBodyEmitterReturnValueHandler$DefaultSseEmitterHandler.send(ResponseBodyEmitterReturnValueHandler.java:297) ~[spring-webmvc-6.2.6.jar:6.2.6]
	at org.springframework.web.servlet.mvc.method.annotation.ResponseBodyEmitter.sendInternal(ResponseBodyEmitter.java:226) ~[spring-webmvc-6.2.6.jar:6.2.6]
	at org.springframework.web.servlet.mvc.method.annotation.ResponseBodyEmitter.send(ResponseBodyEmitter.java:217) ~[spring-webmvc-6.2.6.jar:6.2.6]
	at org.springframework.web.servlet.mvc.method.annotation.SseEmitter.send(SseEmitter.java:135) ~[spring-webmvc-6.2.6.jar:6.2.6]
	at org.springframework.web.servlet.mvc.method.annotation.SseEmitter.send(SseEmitter.java:118) ~[spring-webmvc-6.2.6.jar:6.2.6]
	at org.springframework.web.servlet.mvc.method.annotation.ReactiveTypeHandler$SseEmitterSubscriber.send(ReactiveTypeHandler.java:440) ~[spring-webmvc-6.2.6.jar:6.2.6]
	at org.springframework.web.servlet.mvc.method.annotation.ReactiveTypeHandler$AbstractEmitterSubscriber.run(ReactiveTypeHandler.java:359) ~[spring-webmvc-6.2.6.jar:6.2.6]
	at io.micrometer.context.ContextSnapshot.lambda$wrap$0(ContextSnapshot.java:91) ~[context-propagation-1.1.3.jar:1.1.3]
	at java.base/java.lang.Thread.run(Thread.java:1583) [?:?]
2026-02-14 14:12:33.244 [http-nio-8080-exec-1] ERROR com.bit.ai.robot.exception.GlobalExceptionHandler - /chat/completion request error, 
jakarta.servlet.ServletException: Handler dispatch failed: java.lang.NoClassDefFoundError: com/bit/ai/robot/model/dto/SearchResultDTO$SearchResultDTOBuilder
	at org.springframework.web.servlet.DispatcherServlet.doDispatch(DispatcherServlet.java:1104) ~[spring-webmvc-6.2.6.jar:6.2.6]
	at org.springframework.web.servlet.DispatcherServlet.doService(DispatcherServlet.java:979) ~[spring-webmvc-6.2.6.jar:6.2.6]
	at org.springframework.web.servlet.FrameworkServlet.processRequest(FrameworkServlet.java:1014) ~[spring-webmvc-6.2.6.jar:6.2.6]
	at org.springframework.web.servlet.FrameworkServlet.doPost(FrameworkServlet.java:914) ~[spring-webmvc-6.2.6.jar:6.2.6]
	at jakarta.servlet.http.HttpServlet.service(HttpServlet.java:590) ~[tomcat-embed-core-10.1.40.jar:6.0]
	at org.springframework.web.servlet.FrameworkServlet.service(FrameworkServlet.java:885) ~[spring-webmvc-6.2.6.jar:6.2.6]
	at jakarta.servlet.http.HttpServlet.service(HttpServlet.java:658) ~[tomcat-embed-core-10.1.40.jar:6.0]
	at org.apache.catalina.core.ApplicationFilterChain.internalDoFilter(ApplicationFilterChain.java:195) ~[tomcat-embed-core-10.1.40.jar:10.1.40]
	at org.apache.catalina.core.ApplicationFilterChain.doFilter(ApplicationFilterChain.java:140) ~[tomcat-embed-core-10.1.40.jar:10.1.40]
	at org.apache.tomcat.websocket.server.WsFilter.doFilter(WsFilter.java:51) ~[tomcat-embed-websocket-10.1.40.jar:10.1.40]
	at org.apache.catalina.core.ApplicationFilterChain.internalDoFilter(ApplicationFilterChain.java:164) ~[tomcat-embed-core-10.1.40.jar:10.1.40]
	at org.apache.catalina.core.ApplicationFilterChain.doFilter(ApplicationFilterChain.java:140) ~[tomcat-embed-core-10.1.40.jar:10.1.40]
	at org.springframework.web.filter.RequestContextFilter.doFilterInternal(RequestContextFilter.java:100) ~[spring-web-6.2.6.jar:6.2.6]
	at org.springframework.web.filter.OncePerRequestFilter.doFilter(OncePerRequestFilter.java:116) ~[spring-web-6.2.6.jar:6.2.6]
	at org.apache.catalina.core.ApplicationFilterChain.internalDoFilter(ApplicationFilterChain.java:164) ~[tomcat-embed-core-10.1.40.jar:10.1.40]
	at org.apache.catalina.core.ApplicationFilterChain.doFilter(ApplicationFilterChain.java:140) ~[tomcat-embed-core-10.1.40.jar:10.1.40]
	at org.springframework.web.filter.FormContentFilter.doFilterInternal(FormContentFilter.java:93) ~[spring-web-6.2.6.jar:6.2.6]
	at org.springframework.web.filter.OncePerRequestFilter.doFilter(OncePerRequestFilter.java:116) ~[spring-web-6.2.6.jar:6.2.6]
	at org.apache.catalina.core.ApplicationFilterChain.internalDoFilter(ApplicationFilterChain.java:164) ~[tomcat-embed-core-10.1.40.jar:10.1.40]
	at org.apache.catalina.core.ApplicationFilterChain.doFilter(ApplicationFilterChain.java:140) ~[tomcat-embed-core-10.1.40.jar:10.1.40]
	at org.springframework.web.filter.CharacterEncodingFilter.doFilterInternal(CharacterEncodingFilter.java:201) ~[spring-web-6.2.6.jar:6.2.6]
	at org.springframework.web.filter.OncePerRequestFilter.doFilter(OncePerRequestFilter.java:116) ~[spring-web-6.2.6.jar:6.2.6]
	at org.apache.catalina.core.ApplicationFilterChain.internalDoFilter(ApplicationFilterChain.java:164) ~[tomcat-embed-core-10.1.40.jar:10.1.40]
	at org.apache.catalina.core.ApplicationFilterChain.doFilter(ApplicationFilterChain.java:140) ~[tomcat-embed-core-10.1.40.jar:10.1.40]
	at org.apache.catalina.core.StandardWrapperValve.invoke(StandardWrapperValve.java:167) ~[tomcat-embed-core-10.1.40.jar:10.1.40]
	at org.apache.catalina.core.StandardContextValve.invoke(StandardContextValve.java:90) ~[tomcat-embed-core-10.1.40.jar:10.1.40]
	at org.apache.catalina.authenticator.AuthenticatorBase.invoke(AuthenticatorBase.java:483) ~[tomcat-embed-core-10.1.40.jar:10.1.40]
	at org.apache.catalina.core.StandardHostValve.invoke(StandardHostValve.java:116) ~[tomcat-embed-core-10.1.40.jar:10.1.40]
	at org.apache.catalina.valves.ErrorReportValve.invoke(ErrorReportValve.java:93) ~[tomcat-embed-core-10.1.40.jar:10.1.40]
	at org.apache.catalina.core.StandardEngineValve.invoke(StandardEngineValve.java:74) ~[tomcat-embed-core-10.1.40.jar:10.1.40]
	at org.apache.catalina.connector.CoyoteAdapter.service(CoyoteAdapter.java:344) ~[tomcat-embed-core-10.1.40.jar:10.1.40]
	at org.apache.coyote.http11.Http11Processor.service(Http11Processor.java:398) ~[tomcat-embed-core-10.1.40.jar:10.1.40]
	at org.apache.coyote.AbstractProcessorLight.process(AbstractProcessorLight.java:63) ~[tomcat-embed-core-10.1.40.jar:10.1.40]
	at org.apache.coyote.AbstractProtocol$ConnectionHandler.process(AbstractProtocol.java:903) ~[tomcat-embed-core-10.1.40.jar:10.1.40]
	at org.apache.tomcat.util.net.NioEndpoint$SocketProcessor.doRun(NioEndpoint.java:1740) ~[tomcat-embed-core-10.1.40.jar:10.1.40]
	at org.apache.tomcat.util.net.SocketProcessorBase.run(SocketProcessorBase.java:52) ~[tomcat-embed-core-10.1.40.jar:10.1.40]
	at org.apache.tomcat.util.threads.ThreadPoolExecutor.runWorker(ThreadPoolExecutor.java:1189) ~[tomcat-embed-core-10.1.40.jar:10.1.40]
	at org.apache.tomcat.util.threads.ThreadPoolExecutor$Worker.run(ThreadPoolExecutor.java:658) ~[tomcat-embed-core-10.1.40.jar:10.1.40]
	at org.apache.tomcat.util.threads.TaskThread$WrappingRunnable.run(TaskThread.java:63) ~[tomcat-embed-core-10.1.40.jar:10.1.40]
	at java.base/java.lang.Thread.run(Thread.java:1583) [?:?]
Caused by: java.lang.NoClassDefFoundError: com/bit/ai/robot/model/dto/SearchResultDTO$SearchResultDTOBuilder
	at com.bit.ai.robot.model.dto.SearchResultDTO.builder(SearchResultDTO.java:15) ~[classes/:?]
	at com.bit.ai.robot.service.impl.SearXNGServiceImpl.lambda$2(SearXNGServiceImpl.java:90) ~[classes/:?]
	at java.base/java.util.stream.ReferencePipeline$3$1.accept(ReferencePipeline.java:197) ~[?:?]
	at java.base/java.util.AbstractList$RandomAccessSpliterator.forEachRemaining(AbstractList.java:722) ~[?:?]
	at java.base/java.util.stream.AbstractPipeline.copyInto(AbstractPipeline.java:509) ~[?:?]
	at java.base/java.util.stream.AbstractPipeline.wrapAndCopyInto(AbstractPipeline.java:499) ~[?:?]
	at java.base/java.util.stream.ReduceOps$ReduceOp.evaluateSequential(ReduceOps.java:921) ~[?:?]
	at java.base/java.util.stream.AbstractPipeline.evaluate(AbstractPipeline.java:234) ~[?:?]
	at java.base/java.util.stream.ReferencePipeline.collect(ReferencePipeline.java:682) ~[?:?]
	at com.bit.ai.robot.service.impl.SearXNGServiceImpl.search(SearXNGServiceImpl.java:95) ~[classes/:?]
	at com.bit.ai.robot.advisor.NetworkSearchAdvisor.adviseStream(NetworkSearchAdvisor.java:71) ~[classes/:?]
	at org.springframework.ai.chat.client.advisor.DefaultAroundAdvisorChain.lambda$nextStream$5(DefaultAroundAdvisorChain.java:136) ~[spring-ai-client-chat-1.0.0.jar:1.0.0]
	at reactor.core.publisher.FluxDefer.subscribe(FluxDefer.java:46) ~[reactor-core-3.7.5.jar:3.7.5]
	at reactor.core.publisher.FluxDeferContextual.subscribe(FluxDeferContextual.java:57) ~[reactor-core-3.7.5.jar:3.7.5]
	at reactor.core.publisher.InternalFluxOperator.subscribe(InternalFluxOperator.java:68) ~[reactor-core-3.7.5.jar:3.7.5]
	at reactor.core.publisher.FluxDeferContextual.subscribe(FluxDeferContextual.java:57) ~[reactor-core-3.7.5.jar:3.7.5]
	at reactor.core.publisher.Flux.subscribe(Flux.java:8891) ~[reactor-core-3.7.5.jar:3.7.5]
	at org.springframework.web.servlet.mvc.method.annotation.ReactiveTypeHandler$AbstractEmitterSubscriber.connect(ReactiveTypeHandler.java:283) ~[spring-webmvc-6.2.6.jar:6.2.6]
	at org.springframework.web.servlet.mvc.method.annotation.ReactiveTypeHandler.handleValue(ReactiveTypeHandler.java:167) ~[spring-webmvc-6.2.6.jar:6.2.6]
	at org.springframework.web.servlet.mvc.method.annotation.ResponseBodyEmitterReturnValueHandler.handleReturnValue(ResponseBodyEmitterReturnValueHandler.java:210) ~[spring-webmvc-6.2.6.jar:6.2.6]
	at org.springframework.web.method.support.HandlerMethodReturnValueHandlerComposite.handleReturnValue(HandlerMethodReturnValueHandlerComposite.java:78) ~[spring-web-6.2.6.jar:6.2.6]
	at org.springframework.web.servlet.mvc.method.annotation.ServletInvocableHandlerMethod.invokeAndHandle(ServletInvocableHandlerMethod.java:136) ~[spring-webmvc-6.2.6.jar:6.2.6]
	at org.springframework.web.servlet.mvc.method.annotation.RequestMappingHandlerAdapter.invokeHandlerMethod(RequestMappingHandlerAdapter.java:986) ~[spring-webmvc-6.2.6.jar:6.2.6]
	at org.springframework.web.servlet.mvc.method.annotation.RequestMappingHandlerAdapter.handleInternal(RequestMappingHandlerAdapter.java:891) ~[spring-webmvc-6.2.6.jar:6.2.6]
	at org.springframework.web.servlet.mvc.method.AbstractHandlerMethodAdapter.handle(AbstractHandlerMethodAdapter.java:87) ~[spring-webmvc-6.2.6.jar:6.2.6]
	at org.springframework.web.servlet.DispatcherServlet.doDispatch(DispatcherServlet.java:1089) ~[spring-webmvc-6.2.6.jar:6.2.6]
	... 39 more
Caused by: java.lang.ClassNotFoundException: com.bit.ai.robot.model.dto.SearchResultDTO$SearchResultDTOBuilder
	at java.base/jdk.internal.loader.BuiltinClassLoader.loadClass(BuiltinClassLoader.java:641) ~[?:?]
	at java.base/jdk.internal.loader.ClassLoaders$AppClassLoader.loadClass(ClassLoaders.java:188) ~[?:?]
	at java.base/java.lang.ClassLoader.loadClass(ClassLoader.java:526) ~[?:?]
	at com.bit.ai.robot.model.dto.SearchResultDTO.builder(SearchResultDTO.java:15) ~[classes/:?]
	at com.bit.ai.robot.service.impl.SearXNGServiceImpl.lambda$2(SearXNGServiceImpl.java:90) ~[classes/:?]
	at java.base/java.util.stream.ReferencePipeline$3$1.accept(ReferencePipeline.java:197) ~[?:?]
	at java.base/java.util.AbstractList$RandomAccessSpliterator.forEachRemaining(AbstractList.java:722) ~[?:?]
	at java.base/java.util.stream.AbstractPipeline.copyInto(AbstractPipeline.java:509) ~[?:?]
	at java.base/java.util.stream.AbstractPipeline.wrapAndCopyInto(AbstractPipeline.java:499) ~[?:?]
	at java.base/java.util.stream.ReduceOps$ReduceOp.evaluateSequential(ReduceOps.java:921) ~[?:?]
	at java.base/java.util.stream.AbstractPipeline.evaluate(AbstractPipeline.java:234) ~[?:?]
	at java.base/java.util.stream.ReferencePipeline.collect(ReferencePipeline.java:682) ~[?:?]
	at com.bit.ai.robot.service.impl.SearXNGServiceImpl.search(SearXNGServiceImpl.java:95) ~[classes/:?]
	at com.bit.ai.robot.advisor.NetworkSearchAdvisor.adviseStream(NetworkSearchAdvisor.java:71) ~[classes/:?]
	at org.springframework.ai.chat.client.advisor.DefaultAroundAdvisorChain.lambda$nextStream$5(DefaultAroundAdvisorChain.java:136) ~[spring-ai-client-chat-1.0.0.jar:1.0.0]
	at reactor.core.publisher.FluxDefer.subscribe(FluxDefer.java:46) ~[reactor-core-3.7.5.jar:3.7.5]
	at reactor.core.publisher.FluxDeferContextual.subscribe(FluxDeferContextual.java:57) ~[reactor-core-3.7.5.jar:3.7.5]
	at reactor.core.publisher.InternalFluxOperator.subscribe(InternalFluxOperator.java:68) ~[reactor-core-3.7.5.jar:3.7.5]
	at reactor.core.publisher.FluxDeferContextual.subscribe(FluxDeferContextual.java:57) ~[reactor-core-3.7.5.jar:3.7.5]
	at reactor.core.publisher.Flux.subscribe(Flux.java:8891) ~[reactor-core-3.7.5.jar:3.7.5]
	at org.springframework.web.servlet.mvc.method.annotation.ReactiveTypeHandler$AbstractEmitterSubscriber.connect(ReactiveTypeHandler.java:283) ~[spring-webmvc-6.2.6.jar:6.2.6]
	at org.springframework.web.servlet.mvc.method.annotation.ReactiveTypeHandler.handleValue(ReactiveTypeHandler.java:167) ~[spring-webmvc-6.2.6.jar:6.2.6]
	at org.springframework.web.servlet.mvc.method.annotation.ResponseBodyEmitterReturnValueHandler.handleReturnValue(ResponseBodyEmitterReturnValueHandler.java:210) ~[spring-webmvc-6.2.6.jar:6.2.6]
	at org.springframework.web.method.support.HandlerMethodReturnValueHandlerComposite.handleReturnValue(HandlerMethodReturnValueHandlerComposite.java:78) ~[spring-web-6.2.6.jar:6.2.6]
	at org.springframework.web.servlet.mvc.method.annotation.ServletInvocableHandlerMethod.invokeAndHandle(ServletInvocableHandlerMethod.java:136) ~[spring-webmvc-6.2.6.jar:6.2.6]
	at org.springframework.web.servlet.mvc.method.annotation.RequestMappingHandlerAdapter.invokeHandlerMethod(RequestMappingHandlerAdapter.java:986) ~[spring-webmvc-6.2.6.jar:6.2.6]
	at org.springframework.web.servlet.mvc.method.annotation.RequestMappingHandlerAdapter.handleInternal(RequestMappingHandlerAdapter.java:891) ~[spring-webmvc-6.2.6.jar:6.2.6]
	at org.springframework.web.servlet.mvc.method.AbstractHandlerMethodAdapter.handle(AbstractHandlerMethodAdapter.java:87) ~[spring-webmvc-6.2.6.jar:6.2.6]
	at org.springframework.web.servlet.DispatcherServlet.doDispatch(DispatcherServlet.java:1089) ~[spring-webmvc-6.2.6.jar:6.2.6]
	... 39 more
2026-02-14 14:12:33.246 [http-nio-8080-exec-1] ERROR org.apache.catalina.core.ContainerBase.[Tomcat].[localhost].[/].[dispatcherServlet] - Servlet.service() for servlet [dispatcherServlet] in context with path [] threw exception [Handler dispatch failed: java.lang.NoClassDefFoundError: com/bit/ai/robot/model/dto/SearchResultDTO$SearchResultDTOBuilder] with root cause
java.lang.ClassNotFoundException: com.bit.ai.robot.model.dto.SearchResultDTO$SearchResultDTOBuilder
	at java.base/jdk.internal.loader.BuiltinClassLoader.loadClass(BuiltinClassLoader.java:641) ~[?:?]
	at java.base/jdk.internal.loader.ClassLoaders$AppClassLoader.loadClass(ClassLoaders.java:188) ~[?:?]
	at java.base/java.lang.ClassLoader.loadClass(ClassLoader.java:526) ~[?:?]
	at com.bit.ai.robot.model.dto.SearchResultDTO.builder(SearchResultDTO.java:15) ~[classes/:?]
	at com.bit.ai.robot.service.impl.SearXNGServiceImpl.lambda$2(SearXNGServiceImpl.java:90) ~[classes/:?]
	at java.base/java.util.stream.ReferencePipeline$3$1.accept(ReferencePipeline.java:197) ~[?:?]
	at java.base/java.util.AbstractList$RandomAccessSpliterator.forEachRemaining(AbstractList.java:722) ~[?:?]
	at java.base/java.util.stream.AbstractPipeline.copyInto(AbstractPipeline.java:509) ~[?:?]
	at java.base/java.util.stream.AbstractPipeline.wrapAndCopyInto(AbstractPipeline.java:499) ~[?:?]
	at java.base/java.util.stream.ReduceOps$ReduceOp.evaluateSequential(ReduceOps.java:921) ~[?:?]
	at java.base/java.util.stream.AbstractPipeline.evaluate(AbstractPipeline.java:234) ~[?:?]
	at java.base/java.util.stream.ReferencePipeline.collect(ReferencePipeline.java:682) ~[?:?]
	at com.bit.ai.robot.service.impl.SearXNGServiceImpl.search(SearXNGServiceImpl.java:95) ~[classes/:?]
	at com.bit.ai.robot.advisor.NetworkSearchAdvisor.adviseStream(NetworkSearchAdvisor.java:71) ~[classes/:?]
	at org.springframework.ai.chat.client.advisor.DefaultAroundAdvisorChain.lambda$nextStream$5(DefaultAroundAdvisorChain.java:136) ~[spring-ai-client-chat-1.0.0.jar:1.0.0]
	at reactor.core.publisher.FluxDefer.subscribe(FluxDefer.java:46) ~[reactor-core-3.7.5.jar:3.7.5]
	at reactor.core.publisher.FluxDeferContextual.subscribe(FluxDeferContextual.java:57) ~[reactor-core-3.7.5.jar:3.7.5]
	at reactor.core.publisher.InternalFluxOperator.subscribe(InternalFluxOperator.java:68) ~[reactor-core-3.7.5.jar:3.7.5]
	at reactor.core.publisher.FluxDeferContextual.subscribe(FluxDeferContextual.java:57) ~[reactor-core-3.7.5.jar:3.7.5]
	at reactor.core.publisher.Flux.subscribe(Flux.java:8891) ~[reactor-core-3.7.5.jar:3.7.5]
	at org.springframework.web.servlet.mvc.method.annotation.ReactiveTypeHandler$AbstractEmitterSubscriber.connect(ReactiveTypeHandler.java:283) ~[spring-webmvc-6.2.6.jar:6.2.6]
	at org.springframework.web.servlet.mvc.method.annotation.ReactiveTypeHandler.handleValue(ReactiveTypeHandler.java:167) ~[spring-webmvc-6.2.6.jar:6.2.6]
	at org.springframework.web.servlet.mvc.method.annotation.ResponseBodyEmitterReturnValueHandler.handleReturnValue(ResponseBodyEmitterReturnValueHandler.java:210) ~[spring-webmvc-6.2.6.jar:6.2.6]
	at org.springframework.web.method.support.HandlerMethodReturnValueHandlerComposite.handleReturnValue(HandlerMethodReturnValueHandlerComposite.java:78) ~[spring-web-6.2.6.jar:6.2.6]
	at org.springframework.web.servlet.mvc.method.annotation.ServletInvocableHandlerMethod.invokeAndHandle(ServletInvocableHandlerMethod.java:136) ~[spring-webmvc-6.2.6.jar:6.2.6]
	at org.springframework.web.servlet.mvc.method.annotation.RequestMappingHandlerAdapter.invokeHandlerMethod(RequestMappingHandlerAdapter.java:986) ~[spring-webmvc-6.2.6.jar:6.2.6]
	at org.springframework.web.servlet.mvc.method.annotation.RequestMappingHandlerAdapter.handleInternal(RequestMappingHandlerAdapter.java:891) ~[spring-webmvc-6.2.6.jar:6.2.6]
	at org.springframework.web.servlet.mvc.method.AbstractHandlerMethodAdapter.handle(AbstractHandlerMethodAdapter.java:87) ~[spring-webmvc-6.2.6.jar:6.2.6]
	at org.springframework.web.servlet.DispatcherServlet.doDispatch(DispatcherServlet.java:1089) ~[spring-webmvc-6.2.6.jar:6.2.6]
	at org.springframework.web.servlet.DispatcherServlet.doService(DispatcherServlet.java:979) ~[spring-webmvc-6.2.6.jar:6.2.6]
	at org.springframework.web.servlet.FrameworkServlet.processRequest(FrameworkServlet.java:1014) ~[spring-webmvc-6.2.6.jar:6.2.6]
	at org.springframework.web.servlet.FrameworkServlet.doPost(FrameworkServlet.java:914) ~[spring-webmvc-6.2.6.jar:6.2.6]
	at jakarta.servlet.http.HttpServlet.service(HttpServlet.java:590) ~[tomcat-embed-core-10.1.40.jar:6.0]
	at org.springframework.web.servlet.FrameworkServlet.service(FrameworkServlet.java:885) ~[spring-webmvc-6.2.6.jar:6.2.6]
	at jakarta.servlet.http.HttpServlet.service(HttpServlet.java:658) ~[tomcat-embed-core-10.1.40.jar:6.0]
	at org.apache.catalina.core.ApplicationFilterChain.internalDoFilter(ApplicationFilterChain.java:195) ~[tomcat-embed-core-10.1.40.jar:10.1.40]
	at org.apache.catalina.core.ApplicationFilterChain.doFilter(ApplicationFilterChain.java:140) ~[tomcat-embed-core-10.1.40.jar:10.1.40]
	at org.apache.tomcat.websocket.server.WsFilter.doFilter(WsFilter.java:51) ~[tomcat-embed-websocket-10.1.40.jar:10.1.40]
	at org.apache.catalina.core.ApplicationFilterChain.internalDoFilter(ApplicationFilterChain.java:164) ~[tomcat-embed-core-10.1.40.jar:10.1.40]
	at org.apache.catalina.core.ApplicationFilterChain.doFilter(ApplicationFilterChain.java:140) ~[tomcat-embed-core-10.1.40.jar:10.1.40]
	at org.springframework.web.filter.RequestContextFilter.doFilterInternal(RequestContextFilter.java:100) ~[spring-web-6.2.6.jar:6.2.6]
	at org.springframework.web.filter.OncePerRequestFilter.doFilter(OncePerRequestFilter.java:116) ~[spring-web-6.2.6.jar:6.2.6]
	at org.apache.catalina.core.ApplicationFilterChain.internalDoFilter(ApplicationFilterChain.java:164) ~[tomcat-embed-core-10.1.40.jar:10.1.40]
	at org.apache.catalina.core.ApplicationFilterChain.doFilter(ApplicationFilterChain.java:140) ~[tomcat-embed-core-10.1.40.jar:10.1.40]
	at org.springframework.web.filter.FormContentFilter.doFilterInternal(FormContentFilter.java:93) ~[spring-web-6.2.6.jar:6.2.6]
	at org.springframework.web.filter.OncePerRequestFilter.doFilter(OncePerRequestFilter.java:116) ~[spring-web-6.2.6.jar:6.2.6]
	at org.apache.catalina.core.ApplicationFilterChain.internalDoFilter(ApplicationFilterChain.java:164) ~[tomcat-embed-core-10.1.40.jar:10.1.40]
	at org.apache.catalina.core.ApplicationFilterChain.doFilter(ApplicationFilterChain.java:140) ~[tomcat-embed-core-10.1.40.jar:10.1.40]
	at org.springframework.web.filter.CharacterEncodingFilter.doFilterInternal(CharacterEncodingFilter.java:201) ~[spring-web-6.2.6.jar:6.2.6]
	at org.springframework.web.filter.OncePerRequestFilter.doFilter(OncePerRequestFilter.java:116) ~[spring-web-6.2.6.jar:6.2.6]
	at org.apache.catalina.core.ApplicationFilterChain.internalDoFilter(ApplicationFilterChain.java:164) ~[tomcat-embed-core-10.1.40.jar:10.1.40]
	at org.apache.catalina.core.ApplicationFilterChain.doFilter(ApplicationFilterChain.java:140) ~[tomcat-embed-core-10.1.40.jar:10.1.40]
	at org.apache.catalina.core.StandardWrapperValve.invoke(StandardWrapperValve.java:167) ~[tomcat-embed-core-10.1.40.jar:10.1.40]
	at org.apache.catalina.core.StandardContextValve.invoke(StandardContextValve.java:90) ~[tomcat-embed-core-10.1.40.jar:10.1.40]
	at org.apache.catalina.authenticator.AuthenticatorBase.invoke(AuthenticatorBase.java:483) ~[tomcat-embed-core-10.1.40.jar:10.1.40]
	at org.apache.catalina.core.StandardHostValve.invoke(StandardHostValve.java:116) ~[tomcat-embed-core-10.1.40.jar:10.1.40]
	at org.apache.catalina.valves.ErrorReportValve.invoke(ErrorReportValve.java:93) ~[tomcat-embed-core-10.1.40.jar:10.1.40]
	at org.apache.catalina.core.StandardEngineValve.invoke(StandardEngineValve.java:74) ~[tomcat-embed-core-10.1.40.jar:10.1.40]
	at org.apache.catalina.connector.CoyoteAdapter.service(CoyoteAdapter.java:344) ~[tomcat-embed-core-10.1.40.jar:10.1.40]
	at org.apache.coyote.http11.Http11Processor.service(Http11Processor.java:398) ~[tomcat-embed-core-10.1.40.jar:10.1.40]
	at org.apache.coyote.AbstractProcessorLight.process(AbstractProcessorLight.java:63) ~[tomcat-embed-core-10.1.40.jar:10.1.40]
	at org.apache.coyote.AbstractProtocol$ConnectionHandler.process(AbstractProtocol.java:903) ~[tomcat-embed-core-10.1.40.jar:10.1.40]
	at org.apache.tomcat.util.net.NioEndpoint$SocketProcessor.doRun(NioEndpoint.java:1740) ~[tomcat-embed-core-10.1.40.jar:10.1.40]
	at org.apache.tomcat.util.net.SocketProcessorBase.run(SocketProcessorBase.java:52) ~[tomcat-embed-core-10.1.40.jar:10.1.40]
	at org.apache.tomcat.util.threads.ThreadPoolExecutor.runWorker(ThreadPoolExecutor.java:1189) ~[tomcat-embed-core-10.1.40.jar:10.1.40]
	at org.apache.tomcat.util.threads.ThreadPoolExecutor$Worker.run(ThreadPoolExecutor.java:658) ~[tomcat-embed-core-10.1.40.jar:10.1.40]
	at org.apache.tomcat.util.threads.TaskThread$WrappingRunnable.run(TaskThread.java:63) ~[tomcat-embed-core-10.1.40.jar:10.1.40]
	at java.base/java.lang.Thread.run(Thread.java:1583) [?:?]
2026-02-14 14:15:20.806 [http-nio-8080-exec-3] ERROR com.bit.ai.robot.exception.GlobalExceptionHandler - /chat/completion request error, 
java.io.IOException: 你的主机中的软件中止了一个已建立的连接。
	at java.base/sun.nio.ch.SocketDispatcher.write0(Native Method) ~[?:?]
	at java.base/sun.nio.ch.SocketDispatcher.write(SocketDispatcher.java:54) ~[?:?]
	at java.base/sun.nio.ch.IOUtil.writeFromNativeBuffer(IOUtil.java:137) ~[?:?]
	at java.base/sun.nio.ch.IOUtil.write(IOUtil.java:102) ~[?:?]
	at java.base/sun.nio.ch.IOUtil.write(IOUtil.java:58) ~[?:?]
	at java.base/sun.nio.ch.SocketChannelImpl.write(SocketChannelImpl.java:542) ~[?:?]
	at org.apache.tomcat.util.net.NioChannel.write(NioChannel.java:122) ~[tomcat-embed-core-10.1.40.jar:10.1.40]
	at org.apache.tomcat.util.net.NioEndpoint$NioSocketWrapper.doWrite(NioEndpoint.java:1380) ~[tomcat-embed-core-10.1.40.jar:10.1.40]
	at org.apache.tomcat.util.net.SocketWrapperBase.doWrite(SocketWrapperBase.java:764) ~[tomcat-embed-core-10.1.40.jar:10.1.40]
	at org.apache.tomcat.util.net.SocketWrapperBase.flushBlocking(SocketWrapperBase.java:728) ~[tomcat-embed-core-10.1.40.jar:10.1.40]
	at org.apache.tomcat.util.net.SocketWrapperBase.flush(SocketWrapperBase.java:712) ~[tomcat-embed-core-10.1.40.jar:10.1.40]
	at org.apache.coyote.http11.Http11OutputBuffer$SocketOutputBuffer.flush(Http11OutputBuffer.java:574) ~[tomcat-embed-core-10.1.40.jar:10.1.40]
	at org.apache.coyote.http11.filters.ChunkedOutputFilter.flush(ChunkedOutputFilter.java:156) ~[tomcat-embed-core-10.1.40.jar:10.1.40]
	at org.apache.coyote.http11.Http11OutputBuffer.flush(Http11OutputBuffer.java:216) ~[tomcat-embed-core-10.1.40.jar:10.1.40]
	at org.apache.coyote.http11.Http11Processor.flush(Http11Processor.java:1271) ~[tomcat-embed-core-10.1.40.jar:10.1.40]
	at org.apache.coyote.AbstractProcessor.action(AbstractProcessor.java:408) ~[tomcat-embed-core-10.1.40.jar:10.1.40]
	at org.apache.coyote.Response.action(Response.java:208) ~[tomcat-embed-core-10.1.40.jar:10.1.40]
	at org.apache.catalina.connector.OutputBuffer.doFlush(OutputBuffer.java:300) ~[tomcat-embed-core-10.1.40.jar:10.1.40]
	at org.apache.catalina.connector.OutputBuffer.flush(OutputBuffer.java:266) ~[tomcat-embed-core-10.1.40.jar:10.1.40]
	at org.apache.catalina.connector.CoyoteOutputStream.flush(CoyoteOutputStream.java:133) ~[tomcat-embed-core-10.1.40.jar:10.1.40]
	at org.springframework.web.context.request.async.StandardServletAsyncWebRequest$LifecycleServletOutputStream.flush(StandardServletAsyncWebRequest.java:415) ~[spring-web-6.2.6.jar:6.2.6]
	at java.base/java.io.FilterOutputStream.flush(FilterOutputStream.java:155) ~[?:?]
	at com.fasterxml.jackson.core.json.UTF8JsonGenerator.flush(UTF8JsonGenerator.java:1205) ~[jackson-core-2.18.3.jar:2.18.3]
	at com.fasterxml.jackson.databind.ObjectWriter.writeValue(ObjectWriter.java:1063) ~[jackson-databind-2.18.3.jar:2.18.3]
	at org.springframework.http.converter.json.AbstractJackson2HttpMessageConverter.writeInternal(AbstractJackson2HttpMessageConverter.java:486) ~[spring-web-6.2.6.jar:6.2.6]
	at org.springframework.http.converter.AbstractGenericHttpMessageConverter.writeInternal(AbstractGenericHttpMessageConverter.java:135) ~[spring-web-6.2.6.jar:6.2.6]
	at org.springframework.http.converter.AbstractHttpMessageConverter.write(AbstractHttpMessageConverter.java:235) ~[spring-web-6.2.6.jar:6.2.6]
	at org.springframework.web.servlet.mvc.method.annotation.ResponseBodyEmitterReturnValueHandler$DefaultSseEmitterHandler.sendInternal(ResponseBodyEmitterReturnValueHandler.java:310) ~[spring-webmvc-6.2.6.jar:6.2.6]
	at org.springframework.web.servlet.mvc.method.annotation.ResponseBodyEmitterReturnValueHandler$DefaultSseEmitterHandler.send(ResponseBodyEmitterReturnValueHandler.java:297) ~[spring-webmvc-6.2.6.jar:6.2.6]
	at org.springframework.web.servlet.mvc.method.annotation.ResponseBodyEmitter.sendInternal(ResponseBodyEmitter.java:226) ~[spring-webmvc-6.2.6.jar:6.2.6]
	at org.springframework.web.servlet.mvc.method.annotation.ResponseBodyEmitter.send(ResponseBodyEmitter.java:217) ~[spring-webmvc-6.2.6.jar:6.2.6]
	at org.springframework.web.servlet.mvc.method.annotation.SseEmitter.send(SseEmitter.java:135) ~[spring-webmvc-6.2.6.jar:6.2.6]
	at org.springframework.web.servlet.mvc.method.annotation.SseEmitter.send(SseEmitter.java:118) ~[spring-webmvc-6.2.6.jar:6.2.6]
	at org.springframework.web.servlet.mvc.method.annotation.ReactiveTypeHandler$SseEmitterSubscriber.send(ReactiveTypeHandler.java:440) ~[spring-webmvc-6.2.6.jar:6.2.6]
	at org.springframework.web.servlet.mvc.method.annotation.ReactiveTypeHandler$AbstractEmitterSubscriber.run(ReactiveTypeHandler.java:359) ~[spring-webmvc-6.2.6.jar:6.2.6]
	at io.micrometer.context.ContextSnapshot.lambda$wrap$0(ContextSnapshot.java:91) ~[context-propagation-1.1.3.jar:1.1.3]
	at java.base/java.lang.Thread.run(Thread.java:1583) [?:?]
2026-02-14 14:15:20.810 [http-nio-8080-exec-3] ERROR org.apache.catalina.core.ContainerBase.[Tomcat].[localhost].[/].[dispatcherServlet] - Servlet.service() for servlet [dispatcherServlet] threw exception
java.io.IOException: 你的主机中的软件中止了一个已建立的连接。
	at java.base/sun.nio.ch.SocketDispatcher.write0(Native Method) ~[?:?]
	at java.base/sun.nio.ch.SocketDispatcher.write(SocketDispatcher.java:54) ~[?:?]
	at java.base/sun.nio.ch.IOUtil.writeFromNativeBuffer(IOUtil.java:137) ~[?:?]
	at java.base/sun.nio.ch.IOUtil.write(IOUtil.java:102) ~[?:?]
	at java.base/sun.nio.ch.IOUtil.write(IOUtil.java:58) ~[?:?]
	at java.base/sun.nio.ch.SocketChannelImpl.write(SocketChannelImpl.java:542) ~[?:?]
	at org.apache.tomcat.util.net.NioChannel.write(NioChannel.java:122) ~[tomcat-embed-core-10.1.40.jar:10.1.40]
	at org.apache.tomcat.util.net.NioEndpoint$NioSocketWrapper.doWrite(NioEndpoint.java:1380) ~[tomcat-embed-core-10.1.40.jar:10.1.40]
	at org.apache.tomcat.util.net.SocketWrapperBase.doWrite(SocketWrapperBase.java:764) ~[tomcat-embed-core-10.1.40.jar:10.1.40]
	at org.apache.tomcat.util.net.SocketWrapperBase.flushBlocking(SocketWrapperBase.java:728) ~[tomcat-embed-core-10.1.40.jar:10.1.40]
	at org.apache.tomcat.util.net.SocketWrapperBase.flush(SocketWrapperBase.java:712) ~[tomcat-embed-core-10.1.40.jar:10.1.40]
	at org.apache.coyote.http11.Http11OutputBuffer$SocketOutputBuffer.flush(Http11OutputBuffer.java:574) ~[tomcat-embed-core-10.1.40.jar:10.1.40]
	at org.apache.coyote.http11.filters.ChunkedOutputFilter.flush(ChunkedOutputFilter.java:156) ~[tomcat-embed-core-10.1.40.jar:10.1.40]
	at org.apache.coyote.http11.Http11OutputBuffer.flush(Http11OutputBuffer.java:216) ~[tomcat-embed-core-10.1.40.jar:10.1.40]
	at org.apache.coyote.http11.Http11Processor.flush(Http11Processor.java:1271) ~[tomcat-embed-core-10.1.40.jar:10.1.40]
	at org.apache.coyote.AbstractProcessor.action(AbstractProcessor.java:408) ~[tomcat-embed-core-10.1.40.jar:10.1.40]
	at org.apache.coyote.Response.action(Response.java:208) ~[tomcat-embed-core-10.1.40.jar:10.1.40]
	at org.apache.catalina.connector.OutputBuffer.doFlush(OutputBuffer.java:300) ~[tomcat-embed-core-10.1.40.jar:10.1.40]
	at org.apache.catalina.connector.OutputBuffer.flush(OutputBuffer.java:266) ~[tomcat-embed-core-10.1.40.jar:10.1.40]
	at org.apache.catalina.connector.CoyoteOutputStream.flush(CoyoteOutputStream.java:133) ~[tomcat-embed-core-10.1.40.jar:10.1.40]
	at org.springframework.web.context.request.async.StandardServletAsyncWebRequest$LifecycleServletOutputStream.flush(StandardServletAsyncWebRequest.java:415) ~[spring-web-6.2.6.jar:6.2.6]
	at java.base/java.io.FilterOutputStream.flush(FilterOutputStream.java:155) ~[?:?]
	at com.fasterxml.jackson.core.json.UTF8JsonGenerator.flush(UTF8JsonGenerator.java:1205) ~[jackson-core-2.18.3.jar:2.18.3]
	at com.fasterxml.jackson.databind.ObjectWriter.writeValue(ObjectWriter.java:1063) ~[jackson-databind-2.18.3.jar:2.18.3]
	at org.springframework.http.converter.json.AbstractJackson2HttpMessageConverter.writeInternal(AbstractJackson2HttpMessageConverter.java:486) ~[spring-web-6.2.6.jar:6.2.6]
	at org.springframework.http.converter.AbstractGenericHttpMessageConverter.writeInternal(AbstractGenericHttpMessageConverter.java:135) ~[spring-web-6.2.6.jar:6.2.6]
	at org.springframework.http.converter.AbstractHttpMessageConverter.write(AbstractHttpMessageConverter.java:235) ~[spring-web-6.2.6.jar:6.2.6]
	at org.springframework.web.servlet.mvc.method.annotation.ResponseBodyEmitterReturnValueHandler$DefaultSseEmitterHandler.sendInternal(ResponseBodyEmitterReturnValueHandler.java:310) ~[spring-webmvc-6.2.6.jar:6.2.6]
	at org.springframework.web.servlet.mvc.method.annotation.ResponseBodyEmitterReturnValueHandler$DefaultSseEmitterHandler.send(ResponseBodyEmitterReturnValueHandler.java:297) ~[spring-webmvc-6.2.6.jar:6.2.6]
	at org.springframework.web.servlet.mvc.method.annotation.ResponseBodyEmitter.sendInternal(ResponseBodyEmitter.java:226) ~[spring-webmvc-6.2.6.jar:6.2.6]
	at org.springframework.web.servlet.mvc.method.annotation.ResponseBodyEmitter.send(ResponseBodyEmitter.java:217) ~[spring-webmvc-6.2.6.jar:6.2.6]
	at org.springframework.web.servlet.mvc.method.annotation.SseEmitter.send(SseEmitter.java:135) ~[spring-webmvc-6.2.6.jar:6.2.6]
	at org.springframework.web.servlet.mvc.method.annotation.SseEmitter.send(SseEmitter.java:118) ~[spring-webmvc-6.2.6.jar:6.2.6]
	at org.springframework.web.servlet.mvc.method.annotation.ReactiveTypeHandler$SseEmitterSubscriber.send(ReactiveTypeHandler.java:440) ~[spring-webmvc-6.2.6.jar:6.2.6]
	at org.springframework.web.servlet.mvc.method.annotation.ReactiveTypeHandler$AbstractEmitterSubscriber.run(ReactiveTypeHandler.java:359) ~[spring-webmvc-6.2.6.jar:6.2.6]
	at io.micrometer.context.ContextSnapshot.lambda$wrap$0(ContextSnapshot.java:91) ~[context-propagation-1.1.3.jar:1.1.3]
	at java.base/java.lang.Thread.run(Thread.java:1583) [?:?]
2026-02-14 14:15:20.811 [http-nio-8080-exec-3] ERROR org.apache.catalina.core.ContainerBase.[Tomcat].[localhost].[/].[dispatcherServlet] - Servlet.service() for servlet [dispatcherServlet] in context with path [] threw exception
java.io.IOException: 你的主机中的软件中止了一个已建立的连接。
	at java.base/sun.nio.ch.SocketDispatcher.write0(Native Method) ~[?:?]
	at java.base/sun.nio.ch.SocketDispatcher.write(SocketDispatcher.java:54) ~[?:?]
	at java.base/sun.nio.ch.IOUtil.writeFromNativeBuffer(IOUtil.java:137) ~[?:?]
	at java.base/sun.nio.ch.IOUtil.write(IOUtil.java:102) ~[?:?]
	at java.base/sun.nio.ch.IOUtil.write(IOUtil.java:58) ~[?:?]
	at java.base/sun.nio.ch.SocketChannelImpl.write(SocketChannelImpl.java:542) ~[?:?]
	at org.apache.tomcat.util.net.NioChannel.write(NioChannel.java:122) ~[tomcat-embed-core-10.1.40.jar:10.1.40]
	at org.apache.tomcat.util.net.NioEndpoint$NioSocketWrapper.doWrite(NioEndpoint.java:1380) ~[tomcat-embed-core-10.1.40.jar:10.1.40]
	at org.apache.tomcat.util.net.SocketWrapperBase.doWrite(SocketWrapperBase.java:764) ~[tomcat-embed-core-10.1.40.jar:10.1.40]
	at org.apache.tomcat.util.net.SocketWrapperBase.flushBlocking(SocketWrapperBase.java:728) ~[tomcat-embed-core-10.1.40.jar:10.1.40]
	at org.apache.tomcat.util.net.SocketWrapperBase.flush(SocketWrapperBase.java:712) ~[tomcat-embed-core-10.1.40.jar:10.1.40]
	at org.apache.coyote.http11.Http11OutputBuffer$SocketOutputBuffer.flush(Http11OutputBuffer.java:574) ~[tomcat-embed-core-10.1.40.jar:10.1.40]
	at org.apache.coyote.http11.filters.ChunkedOutputFilter.flush(ChunkedOutputFilter.java:156) ~[tomcat-embed-core-10.1.40.jar:10.1.40]
	at org.apache.coyote.http11.Http11OutputBuffer.flush(Http11OutputBuffer.java:216) ~[tomcat-embed-core-10.1.40.jar:10.1.40]
	at org.apache.coyote.http11.Http11Processor.flush(Http11Processor.java:1271) ~[tomcat-embed-core-10.1.40.jar:10.1.40]
	at org.apache.coyote.AbstractProcessor.action(AbstractProcessor.java:408) ~[tomcat-embed-core-10.1.40.jar:10.1.40]
	at org.apache.coyote.Response.action(Response.java:208) ~[tomcat-embed-core-10.1.40.jar:10.1.40]
	at org.apache.catalina.connector.OutputBuffer.doFlush(OutputBuffer.java:300) ~[tomcat-embed-core-10.1.40.jar:10.1.40]
	at org.apache.catalina.connector.OutputBuffer.flush(OutputBuffer.java:266) ~[tomcat-embed-core-10.1.40.jar:10.1.40]
	at org.apache.catalina.connector.CoyoteOutputStream.flush(CoyoteOutputStream.java:133) ~[tomcat-embed-core-10.1.40.jar:10.1.40]
	at org.springframework.web.context.request.async.StandardServletAsyncWebRequest$LifecycleServletOutputStream.flush(StandardServletAsyncWebRequest.java:415) ~[spring-web-6.2.6.jar:6.2.6]
	at java.base/java.io.FilterOutputStream.flush(FilterOutputStream.java:155) ~[?:?]
	at com.fasterxml.jackson.core.json.UTF8JsonGenerator.flush(UTF8JsonGenerator.java:1205) ~[jackson-core-2.18.3.jar:2.18.3]
	at com.fasterxml.jackson.databind.ObjectWriter.writeValue(ObjectWriter.java:1063) ~[jackson-databind-2.18.3.jar:2.18.3]
	at org.springframework.http.converter.json.AbstractJackson2HttpMessageConverter.writeInternal(AbstractJackson2HttpMessageConverter.java:486) ~[spring-web-6.2.6.jar:6.2.6]
	at org.springframework.http.converter.AbstractGenericHttpMessageConverter.writeInternal(AbstractGenericHttpMessageConverter.java:135) ~[spring-web-6.2.6.jar:6.2.6]
	at org.springframework.http.converter.AbstractHttpMessageConverter.write(AbstractHttpMessageConverter.java:235) ~[spring-web-6.2.6.jar:6.2.6]
	at org.springframework.web.servlet.mvc.method.annotation.ResponseBodyEmitterReturnValueHandler$DefaultSseEmitterHandler.sendInternal(ResponseBodyEmitterReturnValueHandler.java:310) ~[spring-webmvc-6.2.6.jar:6.2.6]
	at org.springframework.web.servlet.mvc.method.annotation.ResponseBodyEmitterReturnValueHandler$DefaultSseEmitterHandler.send(ResponseBodyEmitterReturnValueHandler.java:297) ~[spring-webmvc-6.2.6.jar:6.2.6]
	at org.springframework.web.servlet.mvc.method.annotation.ResponseBodyEmitter.sendInternal(ResponseBodyEmitter.java:226) ~[spring-webmvc-6.2.6.jar:6.2.6]
	at org.springframework.web.servlet.mvc.method.annotation.ResponseBodyEmitter.send(ResponseBodyEmitter.java:217) ~[spring-webmvc-6.2.6.jar:6.2.6]
	at org.springframework.web.servlet.mvc.method.annotation.SseEmitter.send(SseEmitter.java:135) ~[spring-webmvc-6.2.6.jar:6.2.6]
	at org.springframework.web.servlet.mvc.method.annotation.SseEmitter.send(SseEmitter.java:118) ~[spring-webmvc-6.2.6.jar:6.2.6]
	at org.springframework.web.servlet.mvc.method.annotation.ReactiveTypeHandler$SseEmitterSubscriber.send(ReactiveTypeHandler.java:440) ~[spring-webmvc-6.2.6.jar:6.2.6]
	at org.springframework.web.servlet.mvc.method.annotation.ReactiveTypeHandler$AbstractEmitterSubscriber.run(ReactiveTypeHandler.java:359) ~[spring-webmvc-6.2.6.jar:6.2.6]
	at io.micrometer.context.ContextSnapshot.lambda$wrap$0(ContextSnapshot.java:91) ~[context-propagation-1.1.3.jar:1.1.3]
	at java.base/java.lang.Thread.run(Thread.java:1583) [?:?]
2026-02-14 14:15:42.132 [http-nio-8080-exec-8] ERROR com.bit.ai.robot.exception.GlobalExceptionHandler - /chat/completion request error, 
org.springframework.web.context.request.async.AsyncRequestNotUsableException: ServletOutputStream failed to flush: java.io.IOException: 你的主机中的软件中止了一个已建立的连接。
	at org.springframework.web.context.request.async.StandardServletAsyncWebRequest$LifecycleHttpServletResponse.handleIOException(StandardServletAsyncWebRequest.java:346) ~[spring-web-6.2.6.jar:6.2.6]
	at org.springframework.web.context.request.async.StandardServletAsyncWebRequest$LifecycleServletOutputStream.flush(StandardServletAsyncWebRequest.java:418) ~[spring-web-6.2.6.jar:6.2.6]
	at java.base/java.io.FilterOutputStream.flush(FilterOutputStream.java:155) ~[?:?]
	at com.fasterxml.jackson.core.json.UTF8JsonGenerator.flush(UTF8JsonGenerator.java:1205) ~[jackson-core-2.18.3.jar:2.18.3]
	at com.fasterxml.jackson.databind.ObjectWriter.writeValue(ObjectWriter.java:1063) ~[jackson-databind-2.18.3.jar:2.18.3]
	at org.springframework.http.converter.json.AbstractJackson2HttpMessageConverter.writeInternal(AbstractJackson2HttpMessageConverter.java:486) ~[spring-web-6.2.6.jar:6.2.6]
	at org.springframework.http.converter.AbstractGenericHttpMessageConverter.writeInternal(AbstractGenericHttpMessageConverter.java:135) ~[spring-web-6.2.6.jar:6.2.6]
	at org.springframework.http.converter.AbstractHttpMessageConverter.write(AbstractHttpMessageConverter.java:235) ~[spring-web-6.2.6.jar:6.2.6]
	at org.springframework.web.servlet.mvc.method.annotation.ResponseBodyEmitterReturnValueHandler$DefaultSseEmitterHandler.sendInternal(ResponseBodyEmitterReturnValueHandler.java:310) ~[spring-webmvc-6.2.6.jar:6.2.6]
	at org.springframework.web.servlet.mvc.method.annotation.ResponseBodyEmitterReturnValueHandler$DefaultSseEmitterHandler.send(ResponseBodyEmitterReturnValueHandler.java:297) ~[spring-webmvc-6.2.6.jar:6.2.6]
	at org.springframework.web.servlet.mvc.method.annotation.ResponseBodyEmitter.sendInternal(ResponseBodyEmitter.java:226) ~[spring-webmvc-6.2.6.jar:6.2.6]
	at org.springframework.web.servlet.mvc.method.annotation.ResponseBodyEmitter.send(ResponseBodyEmitter.java:217) ~[spring-webmvc-6.2.6.jar:6.2.6]
	at org.springframework.web.servlet.mvc.method.annotation.SseEmitter.send(SseEmitter.java:135) ~[spring-webmvc-6.2.6.jar:6.2.6]
	at org.springframework.web.servlet.mvc.method.annotation.SseEmitter.send(SseEmitter.java:118) ~[spring-webmvc-6.2.6.jar:6.2.6]
	at org.springframework.web.servlet.mvc.method.annotation.ReactiveTypeHandler$SseEmitterSubscriber.send(ReactiveTypeHandler.java:440) ~[spring-webmvc-6.2.6.jar:6.2.6]
	at org.springframework.web.servlet.mvc.method.annotation.ReactiveTypeHandler$AbstractEmitterSubscriber.run(ReactiveTypeHandler.java:359) ~[spring-webmvc-6.2.6.jar:6.2.6]
	at io.micrometer.context.ContextSnapshot.lambda$wrap$0(ContextSnapshot.java:91) ~[context-propagation-1.1.3.jar:1.1.3]
	at java.base/java.lang.Thread.run(Thread.java:1583) [?:?]
Caused by: org.apache.catalina.connector.ClientAbortException: java.io.IOException: 你的主机中的软件中止了一个已建立的连接。
	at org.apache.catalina.connector.OutputBuffer.doFlush(OutputBuffer.java:304) ~[tomcat-embed-core-10.1.40.jar:10.1.40]
	at org.apache.catalina.connector.OutputBuffer.flush(OutputBuffer.java:266) ~[tomcat-embed-core-10.1.40.jar:10.1.40]
	at org.apache.catalina.connector.CoyoteOutputStream.flush(CoyoteOutputStream.java:133) ~[tomcat-embed-core-10.1.40.jar:10.1.40]
	at org.springframework.web.context.request.async.StandardServletAsyncWebRequest$LifecycleServletOutputStream.flush(StandardServletAsyncWebRequest.java:415) ~[spring-web-6.2.6.jar:6.2.6]
	... 16 more
Caused by: java.io.IOException: 你的主机中的软件中止了一个已建立的连接。
	at java.base/sun.nio.ch.SocketDispatcher.write0(Native Method) ~[?:?]
	at java.base/sun.nio.ch.SocketDispatcher.write(SocketDispatcher.java:54) ~[?:?]
	at java.base/sun.nio.ch.IOUtil.writeFromNativeBuffer(IOUtil.java:137) ~[?:?]
	at java.base/sun.nio.ch.IOUtil.write(IOUtil.java:102) ~[?:?]
	at java.base/sun.nio.ch.IOUtil.write(IOUtil.java:58) ~[?:?]
	at java.base/sun.nio.ch.SocketChannelImpl.write(SocketChannelImpl.java:542) ~[?:?]
	at org.apache.tomcat.util.net.NioChannel.write(NioChannel.java:122) ~[tomcat-embed-core-10.1.40.jar:10.1.40]
	at org.apache.tomcat.util.net.NioEndpoint$NioSocketWrapper.doWrite(NioEndpoint.java:1380) ~[tomcat-embed-core-10.1.40.jar:10.1.40]
	at org.apache.tomcat.util.net.SocketWrapperBase.doWrite(SocketWrapperBase.java:764) ~[tomcat-embed-core-10.1.40.jar:10.1.40]
	at org.apache.tomcat.util.net.SocketWrapperBase.flushBlocking(SocketWrapperBase.java:728) ~[tomcat-embed-core-10.1.40.jar:10.1.40]
	at org.apache.tomcat.util.net.SocketWrapperBase.flush(SocketWrapperBase.java:712) ~[tomcat-embed-core-10.1.40.jar:10.1.40]
	at org.apache.coyote.http11.Http11OutputBuffer$SocketOutputBuffer.flush(Http11OutputBuffer.java:574) ~[tomcat-embed-core-10.1.40.jar:10.1.40]
	at org.apache.coyote.http11.filters.ChunkedOutputFilter.flush(ChunkedOutputFilter.java:156) ~[tomcat-embed-core-10.1.40.jar:10.1.40]
	at org.apache.coyote.http11.Http11OutputBuffer.flush(Http11OutputBuffer.java:216) ~[tomcat-embed-core-10.1.40.jar:10.1.40]
	at org.apache.coyote.http11.Http11Processor.flush(Http11Processor.java:1271) ~[tomcat-embed-core-10.1.40.jar:10.1.40]
	at org.apache.coyote.AbstractProcessor.action(AbstractProcessor.java:408) ~[tomcat-embed-core-10.1.40.jar:10.1.40]
	at org.apache.coyote.Response.action(Response.java:208) ~[tomcat-embed-core-10.1.40.jar:10.1.40]
	at org.apache.catalina.connector.OutputBuffer.doFlush(OutputBuffer.java:300) ~[tomcat-embed-core-10.1.40.jar:10.1.40]
	at org.apache.catalina.connector.OutputBuffer.flush(OutputBuffer.java:266) ~[tomcat-embed-core-10.1.40.jar:10.1.40]
	at org.apache.catalina.connector.CoyoteOutputStream.flush(CoyoteOutputStream.java:133) ~[tomcat-embed-core-10.1.40.jar:10.1.40]
	at org.springframework.web.context.request.async.StandardServletAsyncWebRequest$LifecycleServletOutputStream.flush(StandardServletAsyncWebRequest.java:415) ~[spring-web-6.2.6.jar:6.2.6]
	... 16 more
2026-02-14 14:16:10.582 [http-nio-8080-exec-10] ERROR com.bit.ai.robot.exception.GlobalExceptionHandler - /chat/completion request error, 
org.springframework.web.context.request.async.AsyncRequestNotUsableException: ServletOutputStream failed to flush: java.io.IOException: 你的主机中的软件中止了一个已建立的连接。
	at org.springframework.web.context.request.async.StandardServletAsyncWebRequest$LifecycleHttpServletResponse.handleIOException(StandardServletAsyncWebRequest.java:346) ~[spring-web-6.2.6.jar:6.2.6]
	at org.springframework.web.context.request.async.StandardServletAsyncWebRequest$LifecycleServletOutputStream.flush(StandardServletAsyncWebRequest.java:418) ~[spring-web-6.2.6.jar:6.2.6]
	at java.base/java.io.FilterOutputStream.flush(FilterOutputStream.java:155) ~[?:?]
	at com.fasterxml.jackson.core.json.UTF8JsonGenerator.flush(UTF8JsonGenerator.java:1205) ~[jackson-core-2.18.3.jar:2.18.3]
	at com.fasterxml.jackson.databind.ObjectWriter.writeValue(ObjectWriter.java:1063) ~[jackson-databind-2.18.3.jar:2.18.3]
	at org.springframework.http.converter.json.AbstractJackson2HttpMessageConverter.writeInternal(AbstractJackson2HttpMessageConverter.java:486) ~[spring-web-6.2.6.jar:6.2.6]
	at org.springframework.http.converter.AbstractGenericHttpMessageConverter.writeInternal(AbstractGenericHttpMessageConverter.java:135) ~[spring-web-6.2.6.jar:6.2.6]
	at org.springframework.http.converter.AbstractHttpMessageConverter.write(AbstractHttpMessageConverter.java:235) ~[spring-web-6.2.6.jar:6.2.6]
	at org.springframework.web.servlet.mvc.method.annotation.ResponseBodyEmitterReturnValueHandler$DefaultSseEmitterHandler.sendInternal(ResponseBodyEmitterReturnValueHandler.java:310) ~[spring-webmvc-6.2.6.jar:6.2.6]
	at org.springframework.web.servlet.mvc.method.annotation.ResponseBodyEmitterReturnValueHandler$DefaultSseEmitterHandler.send(ResponseBodyEmitterReturnValueHandler.java:297) ~[spring-webmvc-6.2.6.jar:6.2.6]
	at org.springframework.web.servlet.mvc.method.annotation.ResponseBodyEmitter.sendInternal(ResponseBodyEmitter.java:226) ~[spring-webmvc-6.2.6.jar:6.2.6]
	at org.springframework.web.servlet.mvc.method.annotation.ResponseBodyEmitter.send(ResponseBodyEmitter.java:217) ~[spring-webmvc-6.2.6.jar:6.2.6]
	at org.springframework.web.servlet.mvc.method.annotation.SseEmitter.send(SseEmitter.java:135) ~[spring-webmvc-6.2.6.jar:6.2.6]
	at org.springframework.web.servlet.mvc.method.annotation.SseEmitter.send(SseEmitter.java:118) ~[spring-webmvc-6.2.6.jar:6.2.6]
	at org.springframework.web.servlet.mvc.method.annotation.ReactiveTypeHandler$SseEmitterSubscriber.send(ReactiveTypeHandler.java:440) ~[spring-webmvc-6.2.6.jar:6.2.6]
	at org.springframework.web.servlet.mvc.method.annotation.ReactiveTypeHandler$AbstractEmitterSubscriber.run(ReactiveTypeHandler.java:359) ~[spring-webmvc-6.2.6.jar:6.2.6]
	at io.micrometer.context.ContextSnapshot.lambda$wrap$0(ContextSnapshot.java:91) ~[context-propagation-1.1.3.jar:1.1.3]
	at java.base/java.lang.Thread.run(Thread.java:1583) [?:?]
Caused by: org.apache.catalina.connector.ClientAbortException: java.io.IOException: 你的主机中的软件中止了一个已建立的连接。
	at org.apache.catalina.connector.OutputBuffer.doFlush(OutputBuffer.java:304) ~[tomcat-embed-core-10.1.40.jar:10.1.40]
	at org.apache.catalina.connector.OutputBuffer.flush(OutputBuffer.java:266) ~[tomcat-embed-core-10.1.40.jar:10.1.40]
	at org.apache.catalina.connector.CoyoteOutputStream.flush(CoyoteOutputStream.java:133) ~[tomcat-embed-core-10.1.40.jar:10.1.40]
	at org.springframework.web.context.request.async.StandardServletAsyncWebRequest$LifecycleServletOutputStream.flush(StandardServletAsyncWebRequest.java:415) ~[spring-web-6.2.6.jar:6.2.6]
	... 16 more
Caused by: java.io.IOException: 你的主机中的软件中止了一个已建立的连接。
	at java.base/sun.nio.ch.SocketDispatcher.write0(Native Method) ~[?:?]
	at java.base/sun.nio.ch.SocketDispatcher.write(SocketDispatcher.java:54) ~[?:?]
	at java.base/sun.nio.ch.IOUtil.writeFromNativeBuffer(IOUtil.java:137) ~[?:?]
	at java.base/sun.nio.ch.IOUtil.write(IOUtil.java:102) ~[?:?]
	at java.base/sun.nio.ch.IOUtil.write(IOUtil.java:58) ~[?:?]
	at java.base/sun.nio.ch.SocketChannelImpl.write(SocketChannelImpl.java:542) ~[?:?]
	at org.apache.tomcat.util.net.NioChannel.write(NioChannel.java:122) ~[tomcat-embed-core-10.1.40.jar:10.1.40]
	at org.apache.tomcat.util.net.NioEndpoint$NioSocketWrapper.doWrite(NioEndpoint.java:1380) ~[tomcat-embed-core-10.1.40.jar:10.1.40]
	at org.apache.tomcat.util.net.SocketWrapperBase.doWrite(SocketWrapperBase.java:764) ~[tomcat-embed-core-10.1.40.jar:10.1.40]
	at org.apache.tomcat.util.net.SocketWrapperBase.flushBlocking(SocketWrapperBase.java:728) ~[tomcat-embed-core-10.1.40.jar:10.1.40]
	at org.apache.tomcat.util.net.SocketWrapperBase.flush(SocketWrapperBase.java:712) ~[tomcat-embed-core-10.1.40.jar:10.1.40]
	at org.apache.coyote.http11.Http11OutputBuffer$SocketOutputBuffer.flush(Http11OutputBuffer.java:574) ~[tomcat-embed-core-10.1.40.jar:10.1.40]
	at org.apache.coyote.http11.filters.ChunkedOutputFilter.flush(ChunkedOutputFilter.java:156) ~[tomcat-embed-core-10.1.40.jar:10.1.40]
	at org.apache.coyote.http11.Http11OutputBuffer.flush(Http11OutputBuffer.java:216) ~[tomcat-embed-core-10.1.40.jar:10.1.40]
	at org.apache.coyote.http11.Http11Processor.flush(Http11Processor.java:1271) ~[tomcat-embed-core-10.1.40.jar:10.1.40]
	at org.apache.coyote.AbstractProcessor.action(AbstractProcessor.java:408) ~[tomcat-embed-core-10.1.40.jar:10.1.40]
	at org.apache.coyote.Response.action(Response.java:208) ~[tomcat-embed-core-10.1.40.jar:10.1.40]
	at org.apache.catalina.connector.OutputBuffer.doFlush(OutputBuffer.java:300) ~[tomcat-embed-core-10.1.40.jar:10.1.40]
	at org.apache.catalina.connector.OutputBuffer.flush(OutputBuffer.java:266) ~[tomcat-embed-core-10.1.40.jar:10.1.40]
	at org.apache.catalina.connector.CoyoteOutputStream.flush(CoyoteOutputStream.java:133) ~[tomcat-embed-core-10.1.40.jar:10.1.40]
	at org.springframework.web.context.request.async.StandardServletAsyncWebRequest$LifecycleServletOutputStream.flush(StandardServletAsyncWebRequest.java:415) ~[spring-web-6.2.6.jar:6.2.6]
	... 16 more
2026-02-14 14:17:37.700 [http-nio-8080-exec-7] ERROR com.bit.ai.robot.exception.GlobalExceptionHandler - /chat/completion request error, 
java.io.IOException: 你的主机中的软件中止了一个已建立的连接。
	at java.base/sun.nio.ch.SocketDispatcher.write0(Native Method) ~[?:?]
	at java.base/sun.nio.ch.SocketDispatcher.write(SocketDispatcher.java:54) ~[?:?]
	at java.base/sun.nio.ch.IOUtil.writeFromNativeBuffer(IOUtil.java:137) ~[?:?]
	at java.base/sun.nio.ch.IOUtil.write(IOUtil.java:102) ~[?:?]
	at java.base/sun.nio.ch.IOUtil.write(IOUtil.java:58) ~[?:?]
	at java.base/sun.nio.ch.SocketChannelImpl.write(SocketChannelImpl.java:542) ~[?:?]
	at org.apache.tomcat.util.net.NioChannel.write(NioChannel.java:122) ~[tomcat-embed-core-10.1.40.jar:10.1.40]
	at org.apache.tomcat.util.net.NioEndpoint$NioSocketWrapper.doWrite(NioEndpoint.java:1380) ~[tomcat-embed-core-10.1.40.jar:10.1.40]
	at org.apache.tomcat.util.net.SocketWrapperBase.doWrite(SocketWrapperBase.java:764) ~[tomcat-embed-core-10.1.40.jar:10.1.40]
	at org.apache.tomcat.util.net.SocketWrapperBase.flushBlocking(SocketWrapperBase.java:728) ~[tomcat-embed-core-10.1.40.jar:10.1.40]
	at org.apache.tomcat.util.net.SocketWrapperBase.flush(SocketWrapperBase.java:712) ~[tomcat-embed-core-10.1.40.jar:10.1.40]
	at org.apache.coyote.http11.Http11OutputBuffer$SocketOutputBuffer.flush(Http11OutputBuffer.java:574) ~[tomcat-embed-core-10.1.40.jar:10.1.40]
	at org.apache.coyote.http11.filters.ChunkedOutputFilter.flush(ChunkedOutputFilter.java:156) ~[tomcat-embed-core-10.1.40.jar:10.1.40]
	at org.apache.coyote.http11.Http11OutputBuffer.flush(Http11OutputBuffer.java:216) ~[tomcat-embed-core-10.1.40.jar:10.1.40]
	at org.apache.coyote.http11.Http11Processor.flush(Http11Processor.java:1271) ~[tomcat-embed-core-10.1.40.jar:10.1.40]
	at org.apache.coyote.AbstractProcessor.action(AbstractProcessor.java:408) ~[tomcat-embed-core-10.1.40.jar:10.1.40]
	at org.apache.coyote.Response.action(Response.java:208) ~[tomcat-embed-core-10.1.40.jar:10.1.40]
	at org.apache.catalina.connector.OutputBuffer.doFlush(OutputBuffer.java:300) ~[tomcat-embed-core-10.1.40.jar:10.1.40]
	at org.apache.catalina.connector.OutputBuffer.flush(OutputBuffer.java:266) ~[tomcat-embed-core-10.1.40.jar:10.1.40]
	at org.apache.catalina.connector.CoyoteOutputStream.flush(CoyoteOutputStream.java:133) ~[tomcat-embed-core-10.1.40.jar:10.1.40]
	at org.springframework.web.context.request.async.StandardServletAsyncWebRequest$LifecycleServletOutputStream.flush(StandardServletAsyncWebRequest.java:415) ~[spring-web-6.2.6.jar:6.2.6]
	at java.base/java.io.FilterOutputStream.flush(FilterOutputStream.java:155) ~[?:?]
	at com.fasterxml.jackson.core.json.UTF8JsonGenerator.flush(UTF8JsonGenerator.java:1205) ~[jackson-core-2.18.3.jar:2.18.3]
	at com.fasterxml.jackson.databind.ObjectWriter.writeValue(ObjectWriter.java:1063) ~[jackson-databind-2.18.3.jar:2.18.3]
	at org.springframework.http.converter.json.AbstractJackson2HttpMessageConverter.writeInternal(AbstractJackson2HttpMessageConverter.java:486) ~[spring-web-6.2.6.jar:6.2.6]
	at org.springframework.http.converter.AbstractGenericHttpMessageConverter.writeInternal(AbstractGenericHttpMessageConverter.java:135) ~[spring-web-6.2.6.jar:6.2.6]
	at org.springframework.http.converter.AbstractHttpMessageConverter.write(AbstractHttpMessageConverter.java:235) ~[spring-web-6.2.6.jar:6.2.6]
	at org.springframework.web.servlet.mvc.method.annotation.ResponseBodyEmitterReturnValueHandler$DefaultSseEmitterHandler.sendInternal(ResponseBodyEmitterReturnValueHandler.java:310) ~[spring-webmvc-6.2.6.jar:6.2.6]
	at org.springframework.web.servlet.mvc.method.annotation.ResponseBodyEmitterReturnValueHandler$DefaultSseEmitterHandler.send(ResponseBodyEmitterReturnValueHandler.java:297) ~[spring-webmvc-6.2.6.jar:6.2.6]
	at org.springframework.web.servlet.mvc.method.annotation.ResponseBodyEmitter.sendInternal(ResponseBodyEmitter.java:226) ~[spring-webmvc-6.2.6.jar:6.2.6]
	at org.springframework.web.servlet.mvc.method.annotation.ResponseBodyEmitter.send(ResponseBodyEmitter.java:217) ~[spring-webmvc-6.2.6.jar:6.2.6]
	at org.springframework.web.servlet.mvc.method.annotation.SseEmitter.send(SseEmitter.java:135) ~[spring-webmvc-6.2.6.jar:6.2.6]
	at org.springframework.web.servlet.mvc.method.annotation.SseEmitter.send(SseEmitter.java:118) ~[spring-webmvc-6.2.6.jar:6.2.6]
	at org.springframework.web.servlet.mvc.method.annotation.ReactiveTypeHandler$SseEmitterSubscriber.send(ReactiveTypeHandler.java:440) ~[spring-webmvc-6.2.6.jar:6.2.6]
	at org.springframework.web.servlet.mvc.method.annotation.ReactiveTypeHandler$AbstractEmitterSubscriber.run(ReactiveTypeHandler.java:359) ~[spring-webmvc-6.2.6.jar:6.2.6]
	at io.micrometer.context.ContextSnapshot.lambda$wrap$0(ContextSnapshot.java:91) ~[context-propagation-1.1.3.jar:1.1.3]
	at java.base/java.lang.Thread.run(Thread.java:1583) [?:?]
2026-02-14 14:17:37.702 [http-nio-8080-exec-7] ERROR org.apache.catalina.core.ContainerBase.[Tomcat].[localhost].[/].[dispatcherServlet] - Servlet.service() for servlet [dispatcherServlet] threw exception
java.io.IOException: 你的主机中的软件中止了一个已建立的连接。
	at java.base/sun.nio.ch.SocketDispatcher.write0(Native Method) ~[?:?]
	at java.base/sun.nio.ch.SocketDispatcher.write(SocketDispatcher.java:54) ~[?:?]
	at java.base/sun.nio.ch.IOUtil.writeFromNativeBuffer(IOUtil.java:137) ~[?:?]
	at java.base/sun.nio.ch.IOUtil.write(IOUtil.java:102) ~[?:?]
	at java.base/sun.nio.ch.IOUtil.write(IOUtil.java:58) ~[?:?]
	at java.base/sun.nio.ch.SocketChannelImpl.write(SocketChannelImpl.java:542) ~[?:?]
	at org.apache.tomcat.util.net.NioChannel.write(NioChannel.java:122) ~[tomcat-embed-core-10.1.40.jar:10.1.40]
	at org.apache.tomcat.util.net.NioEndpoint$NioSocketWrapper.doWrite(NioEndpoint.java:1380) ~[tomcat-embed-core-10.1.40.jar:10.1.40]
	at org.apache.tomcat.util.net.SocketWrapperBase.doWrite(SocketWrapperBase.java:764) ~[tomcat-embed-core-10.1.40.jar:10.1.40]
	at org.apache.tomcat.util.net.SocketWrapperBase.flushBlocking(SocketWrapperBase.java:728) ~[tomcat-embed-core-10.1.40.jar:10.1.40]
	at org.apache.tomcat.util.net.SocketWrapperBase.flush(SocketWrapperBase.java:712) ~[tomcat-embed-core-10.1.40.jar:10.1.40]
	at org.apache.coyote.http11.Http11OutputBuffer$SocketOutputBuffer.flush(Http11OutputBuffer.java:574) ~[tomcat-embed-core-10.1.40.jar:10.1.40]
	at org.apache.coyote.http11.filters.ChunkedOutputFilter.flush(ChunkedOutputFilter.java:156) ~[tomcat-embed-core-10.1.40.jar:10.1.40]
	at org.apache.coyote.http11.Http11OutputBuffer.flush(Http11OutputBuffer.java:216) ~[tomcat-embed-core-10.1.40.jar:10.1.40]
	at org.apache.coyote.http11.Http11Processor.flush(Http11Processor.java:1271) ~[tomcat-embed-core-10.1.40.jar:10.1.40]
	at org.apache.coyote.AbstractProcessor.action(AbstractProcessor.java:408) ~[tomcat-embed-core-10.1.40.jar:10.1.40]
	at org.apache.coyote.Response.action(Response.java:208) ~[tomcat-embed-core-10.1.40.jar:10.1.40]
	at org.apache.catalina.connector.OutputBuffer.doFlush(OutputBuffer.java:300) ~[tomcat-embed-core-10.1.40.jar:10.1.40]
	at org.apache.catalina.connector.OutputBuffer.flush(OutputBuffer.java:266) ~[tomcat-embed-core-10.1.40.jar:10.1.40]
	at org.apache.catalina.connector.CoyoteOutputStream.flush(CoyoteOutputStream.java:133) ~[tomcat-embed-core-10.1.40.jar:10.1.40]
	at org.springframework.web.context.request.async.StandardServletAsyncWebRequest$LifecycleServletOutputStream.flush(StandardServletAsyncWebRequest.java:415) ~[spring-web-6.2.6.jar:6.2.6]
	at java.base/java.io.FilterOutputStream.flush(FilterOutputStream.java:155) ~[?:?]
	at com.fasterxml.jackson.core.json.UTF8JsonGenerator.flush(UTF8JsonGenerator.java:1205) ~[jackson-core-2.18.3.jar:2.18.3]
	at com.fasterxml.jackson.databind.ObjectWriter.writeValue(ObjectWriter.java:1063) ~[jackson-databind-2.18.3.jar:2.18.3]
	at org.springframework.http.converter.json.AbstractJackson2HttpMessageConverter.writeInternal(AbstractJackson2HttpMessageConverter.java:486) ~[spring-web-6.2.6.jar:6.2.6]
	at org.springframework.http.converter.AbstractGenericHttpMessageConverter.writeInternal(AbstractGenericHttpMessageConverter.java:135) ~[spring-web-6.2.6.jar:6.2.6]
	at org.springframework.http.converter.AbstractHttpMessageConverter.write(AbstractHttpMessageConverter.java:235) ~[spring-web-6.2.6.jar:6.2.6]
	at org.springframework.web.servlet.mvc.method.annotation.ResponseBodyEmitterReturnValueHandler$DefaultSseEmitterHandler.sendInternal(ResponseBodyEmitterReturnValueHandler.java:310) ~[spring-webmvc-6.2.6.jar:6.2.6]
	at org.springframework.web.servlet.mvc.method.annotation.ResponseBodyEmitterReturnValueHandler$DefaultSseEmitterHandler.send(ResponseBodyEmitterReturnValueHandler.java:297) ~[spring-webmvc-6.2.6.jar:6.2.6]
	at org.springframework.web.servlet.mvc.method.annotation.ResponseBodyEmitter.sendInternal(ResponseBodyEmitter.java:226) ~[spring-webmvc-6.2.6.jar:6.2.6]
	at org.springframework.web.servlet.mvc.method.annotation.ResponseBodyEmitter.send(ResponseBodyEmitter.java:217) ~[spring-webmvc-6.2.6.jar:6.2.6]
	at org.springframework.web.servlet.mvc.method.annotation.SseEmitter.send(SseEmitter.java:135) ~[spring-webmvc-6.2.6.jar:6.2.6]
	at org.springframework.web.servlet.mvc.method.annotation.SseEmitter.send(SseEmitter.java:118) ~[spring-webmvc-6.2.6.jar:6.2.6]
	at org.springframework.web.servlet.mvc.method.annotation.ReactiveTypeHandler$SseEmitterSubscriber.send(ReactiveTypeHandler.java:440) ~[spring-webmvc-6.2.6.jar:6.2.6]
	at org.springframework.web.servlet.mvc.method.annotation.ReactiveTypeHandler$AbstractEmitterSubscriber.run(ReactiveTypeHandler.java:359) ~[spring-webmvc-6.2.6.jar:6.2.6]
	at io.micrometer.context.ContextSnapshot.lambda$wrap$0(ContextSnapshot.java:91) ~[context-propagation-1.1.3.jar:1.1.3]
	at java.base/java.lang.Thread.run(Thread.java:1583) [?:?]
2026-02-14 14:17:37.702 [http-nio-8080-exec-7] ERROR org.apache.catalina.core.ContainerBase.[Tomcat].[localhost].[/].[dispatcherServlet] - Servlet.service() for servlet [dispatcherServlet] in context with path [] threw exception
java.io.IOException: 你的主机中的软件中止了一个已建立的连接。
	at java.base/sun.nio.ch.SocketDispatcher.write0(Native Method) ~[?:?]
	at java.base/sun.nio.ch.SocketDispatcher.write(SocketDispatcher.java:54) ~[?:?]
	at java.base/sun.nio.ch.IOUtil.writeFromNativeBuffer(IOUtil.java:137) ~[?:?]
	at java.base/sun.nio.ch.IOUtil.write(IOUtil.java:102) ~[?:?]
	at java.base/sun.nio.ch.IOUtil.write(IOUtil.java:58) ~[?:?]
	at java.base/sun.nio.ch.SocketChannelImpl.write(SocketChannelImpl.java:542) ~[?:?]
	at org.apache.tomcat.util.net.NioChannel.write(NioChannel.java:122) ~[tomcat-embed-core-10.1.40.jar:10.1.40]
	at org.apache.tomcat.util.net.NioEndpoint$NioSocketWrapper.doWrite(NioEndpoint.java:1380) ~[tomcat-embed-core-10.1.40.jar:10.1.40]
	at org.apache.tomcat.util.net.SocketWrapperBase.doWrite(SocketWrapperBase.java:764) ~[tomcat-embed-core-10.1.40.jar:10.1.40]
	at org.apache.tomcat.util.net.SocketWrapperBase.flushBlocking(SocketWrapperBase.java:728) ~[tomcat-embed-core-10.1.40.jar:10.1.40]
	at org.apache.tomcat.util.net.SocketWrapperBase.flush(SocketWrapperBase.java:712) ~[tomcat-embed-core-10.1.40.jar:10.1.40]
	at org.apache.coyote.http11.Http11OutputBuffer$SocketOutputBuffer.flush(Http11OutputBuffer.java:574) ~[tomcat-embed-core-10.1.40.jar:10.1.40]
	at org.apache.coyote.http11.filters.ChunkedOutputFilter.flush(ChunkedOutputFilter.java:156) ~[tomcat-embed-core-10.1.40.jar:10.1.40]
	at org.apache.coyote.http11.Http11OutputBuffer.flush(Http11OutputBuffer.java:216) ~[tomcat-embed-core-10.1.40.jar:10.1.40]
	at org.apache.coyote.http11.Http11Processor.flush(Http11Processor.java:1271) ~[tomcat-embed-core-10.1.40.jar:10.1.40]
	at org.apache.coyote.AbstractProcessor.action(AbstractProcessor.java:408) ~[tomcat-embed-core-10.1.40.jar:10.1.40]
	at org.apache.coyote.Response.action(Response.java:208) ~[tomcat-embed-core-10.1.40.jar:10.1.40]
	at org.apache.catalina.connector.OutputBuffer.doFlush(OutputBuffer.java:300) ~[tomcat-embed-core-10.1.40.jar:10.1.40]
	at org.apache.catalina.connector.OutputBuffer.flush(OutputBuffer.java:266) ~[tomcat-embed-core-10.1.40.jar:10.1.40]
	at org.apache.catalina.connector.CoyoteOutputStream.flush(CoyoteOutputStream.java:133) ~[tomcat-embed-core-10.1.40.jar:10.1.40]
	at org.springframework.web.context.request.async.StandardServletAsyncWebRequest$LifecycleServletOutputStream.flush(StandardServletAsyncWebRequest.java:415) ~[spring-web-6.2.6.jar:6.2.6]
	at java.base/java.io.FilterOutputStream.flush(FilterOutputStream.java:155) ~[?:?]
	at com.fasterxml.jackson.core.json.UTF8JsonGenerator.flush(UTF8JsonGenerator.java:1205) ~[jackson-core-2.18.3.jar:2.18.3]
	at com.fasterxml.jackson.databind.ObjectWriter.writeValue(ObjectWriter.java:1063) ~[jackson-databind-2.18.3.jar:2.18.3]
	at org.springframework.http.converter.json.AbstractJackson2HttpMessageConverter.writeInternal(AbstractJackson2HttpMessageConverter.java:486) ~[spring-web-6.2.6.jar:6.2.6]
	at org.springframework.http.converter.AbstractGenericHttpMessageConverter.writeInternal(AbstractGenericHttpMessageConverter.java:135) ~[spring-web-6.2.6.jar:6.2.6]
	at org.springframework.http.converter.AbstractHttpMessageConverter.write(AbstractHttpMessageConverter.java:235) ~[spring-web-6.2.6.jar:6.2.6]
	at org.springframework.web.servlet.mvc.method.annotation.ResponseBodyEmitterReturnValueHandler$DefaultSseEmitterHandler.sendInternal(ResponseBodyEmitterReturnValueHandler.java:310) ~[spring-webmvc-6.2.6.jar:6.2.6]
	at org.springframework.web.servlet.mvc.method.annotation.ResponseBodyEmitterReturnValueHandler$DefaultSseEmitterHandler.send(ResponseBodyEmitterReturnValueHandler.java:297) ~[spring-webmvc-6.2.6.jar:6.2.6]
	at org.springframework.web.servlet.mvc.method.annotation.ResponseBodyEmitter.sendInternal(ResponseBodyEmitter.java:226) ~[spring-webmvc-6.2.6.jar:6.2.6]
	at org.springframework.web.servlet.mvc.method.annotation.ResponseBodyEmitter.send(ResponseBodyEmitter.java:217) ~[spring-webmvc-6.2.6.jar:6.2.6]
	at org.springframework.web.servlet.mvc.method.annotation.SseEmitter.send(SseEmitter.java:135) ~[spring-webmvc-6.2.6.jar:6.2.6]
	at org.springframework.web.servlet.mvc.method.annotation.SseEmitter.send(SseEmitter.java:118) ~[spring-webmvc-6.2.6.jar:6.2.6]
	at org.springframework.web.servlet.mvc.method.annotation.ReactiveTypeHandler$SseEmitterSubscriber.send(ReactiveTypeHandler.java:440) ~[spring-webmvc-6.2.6.jar:6.2.6]
	at org.springframework.web.servlet.mvc.method.annotation.ReactiveTypeHandler$AbstractEmitterSubscriber.run(ReactiveTypeHandler.java:359) ~[spring-webmvc-6.2.6.jar:6.2.6]
	at io.micrometer.context.ContextSnapshot.lambda$wrap$0(ContextSnapshot.java:91) ~[context-propagation-1.1.3.jar:1.1.3]
	at java.base/java.lang.Thread.run(Thread.java:1583) [?:?]
2026-02-14 14:18:08.971 [http-nio-8080-exec-2] ERROR com.bit.ai.robot.exception.GlobalExceptionHandler - /chat/completion request error, 
java.io.IOException: 你的主机中的软件中止了一个已建立的连接。
	at java.base/sun.nio.ch.SocketDispatcher.write0(Native Method) ~[?:?]
	at java.base/sun.nio.ch.SocketDispatcher.write(SocketDispatcher.java:54) ~[?:?]
	at java.base/sun.nio.ch.IOUtil.writeFromNativeBuffer(IOUtil.java:137) ~[?:?]
	at java.base/sun.nio.ch.IOUtil.write(IOUtil.java:102) ~[?:?]
	at java.base/sun.nio.ch.IOUtil.write(IOUtil.java:58) ~[?:?]
	at java.base/sun.nio.ch.SocketChannelImpl.write(SocketChannelImpl.java:542) ~[?:?]
	at org.apache.tomcat.util.net.NioChannel.write(NioChannel.java:122) ~[tomcat-embed-core-10.1.40.jar:10.1.40]
	at org.apache.tomcat.util.net.NioEndpoint$NioSocketWrapper.doWrite(NioEndpoint.java:1380) ~[tomcat-embed-core-10.1.40.jar:10.1.40]
	at org.apache.tomcat.util.net.SocketWrapperBase.doWrite(SocketWrapperBase.java:764) ~[tomcat-embed-core-10.1.40.jar:10.1.40]
	at org.apache.tomcat.util.net.SocketWrapperBase.flushBlocking(SocketWrapperBase.java:728) ~[tomcat-embed-core-10.1.40.jar:10.1.40]
	at org.apache.tomcat.util.net.SocketWrapperBase.flush(SocketWrapperBase.java:712) ~[tomcat-embed-core-10.1.40.jar:10.1.40]
	at org.apache.coyote.http11.Http11OutputBuffer$SocketOutputBuffer.flush(Http11OutputBuffer.java:574) ~[tomcat-embed-core-10.1.40.jar:10.1.40]
	at org.apache.coyote.http11.filters.ChunkedOutputFilter.flush(ChunkedOutputFilter.java:156) ~[tomcat-embed-core-10.1.40.jar:10.1.40]
	at org.apache.coyote.http11.Http11OutputBuffer.flush(Http11OutputBuffer.java:216) ~[tomcat-embed-core-10.1.40.jar:10.1.40]
	at org.apache.coyote.http11.Http11Processor.flush(Http11Processor.java:1271) ~[tomcat-embed-core-10.1.40.jar:10.1.40]
	at org.apache.coyote.AbstractProcessor.action(AbstractProcessor.java:408) ~[tomcat-embed-core-10.1.40.jar:10.1.40]
	at org.apache.coyote.Response.action(Response.java:208) ~[tomcat-embed-core-10.1.40.jar:10.1.40]
	at org.apache.catalina.connector.OutputBuffer.doFlush(OutputBuffer.java:300) ~[tomcat-embed-core-10.1.40.jar:10.1.40]
	at org.apache.catalina.connector.OutputBuffer.flush(OutputBuffer.java:266) ~[tomcat-embed-core-10.1.40.jar:10.1.40]
	at org.apache.catalina.connector.CoyoteOutputStream.flush(CoyoteOutputStream.java:133) ~[tomcat-embed-core-10.1.40.jar:10.1.40]
	at org.springframework.web.context.request.async.StandardServletAsyncWebRequest$LifecycleServletOutputStream.flush(StandardServletAsyncWebRequest.java:415) ~[spring-web-6.2.6.jar:6.2.6]
	at java.base/java.io.FilterOutputStream.flush(FilterOutputStream.java:155) ~[?:?]
	at com.fasterxml.jackson.core.json.UTF8JsonGenerator.flush(UTF8JsonGenerator.java:1205) ~[jackson-core-2.18.3.jar:2.18.3]
	at com.fasterxml.jackson.databind.ObjectWriter.writeValue(ObjectWriter.java:1063) ~[jackson-databind-2.18.3.jar:2.18.3]
	at org.springframework.http.converter.json.AbstractJackson2HttpMessageConverter.writeInternal(AbstractJackson2HttpMessageConverter.java:486) ~[spring-web-6.2.6.jar:6.2.6]
	at org.springframework.http.converter.AbstractGenericHttpMessageConverter.writeInternal(AbstractGenericHttpMessageConverter.java:135) ~[spring-web-6.2.6.jar:6.2.6]
	at org.springframework.http.converter.AbstractHttpMessageConverter.write(AbstractHttpMessageConverter.java:235) ~[spring-web-6.2.6.jar:6.2.6]
	at org.springframework.web.servlet.mvc.method.annotation.ResponseBodyEmitterReturnValueHandler$DefaultSseEmitterHandler.sendInternal(ResponseBodyEmitterReturnValueHandler.java:310) ~[spring-webmvc-6.2.6.jar:6.2.6]
	at org.springframework.web.servlet.mvc.method.annotation.ResponseBodyEmitterReturnValueHandler$DefaultSseEmitterHandler.send(ResponseBodyEmitterReturnValueHandler.java:297) ~[spring-webmvc-6.2.6.jar:6.2.6]
	at org.springframework.web.servlet.mvc.method.annotation.ResponseBodyEmitter.sendInternal(ResponseBodyEmitter.java:226) ~[spring-webmvc-6.2.6.jar:6.2.6]
	at org.springframework.web.servlet.mvc.method.annotation.ResponseBodyEmitter.send(ResponseBodyEmitter.java:217) ~[spring-webmvc-6.2.6.jar:6.2.6]
	at org.springframework.web.servlet.mvc.method.annotation.SseEmitter.send(SseEmitter.java:135) ~[spring-webmvc-6.2.6.jar:6.2.6]
	at org.springframework.web.servlet.mvc.method.annotation.SseEmitter.send(SseEmitter.java:118) ~[spring-webmvc-6.2.6.jar:6.2.6]
	at org.springframework.web.servlet.mvc.method.annotation.ReactiveTypeHandler$SseEmitterSubscriber.send(ReactiveTypeHandler.java:440) ~[spring-webmvc-6.2.6.jar:6.2.6]
	at org.springframework.web.servlet.mvc.method.annotation.ReactiveTypeHandler$AbstractEmitterSubscriber.run(ReactiveTypeHandler.java:359) ~[spring-webmvc-6.2.6.jar:6.2.6]
	at io.micrometer.context.ContextSnapshot.lambda$wrap$0(ContextSnapshot.java:91) ~[context-propagation-1.1.3.jar:1.1.3]
	at java.base/java.lang.Thread.run(Thread.java:1583) [?:?]
2026-02-14 14:18:08.972 [http-nio-8080-exec-2] ERROR org.apache.catalina.core.ContainerBase.[Tomcat].[localhost].[/].[dispatcherServlet] - Servlet.service() for servlet [dispatcherServlet] threw exception
java.io.IOException: 你的主机中的软件中止了一个已建立的连接。
	at java.base/sun.nio.ch.SocketDispatcher.write0(Native Method) ~[?:?]
	at java.base/sun.nio.ch.SocketDispatcher.write(SocketDispatcher.java:54) ~[?:?]
	at java.base/sun.nio.ch.IOUtil.writeFromNativeBuffer(IOUtil.java:137) ~[?:?]
	at java.base/sun.nio.ch.IOUtil.write(IOUtil.java:102) ~[?:?]
	at java.base/sun.nio.ch.IOUtil.write(IOUtil.java:58) ~[?:?]
	at java.base/sun.nio.ch.SocketChannelImpl.write(SocketChannelImpl.java:542) ~[?:?]
	at org.apache.tomcat.util.net.NioChannel.write(NioChannel.java:122) ~[tomcat-embed-core-10.1.40.jar:10.1.40]
	at org.apache.tomcat.util.net.NioEndpoint$NioSocketWrapper.doWrite(NioEndpoint.java:1380) ~[tomcat-embed-core-10.1.40.jar:10.1.40]
	at org.apache.tomcat.util.net.SocketWrapperBase.doWrite(SocketWrapperBase.java:764) ~[tomcat-embed-core-10.1.40.jar:10.1.40]
	at org.apache.tomcat.util.net.SocketWrapperBase.flushBlocking(SocketWrapperBase.java:728) ~[tomcat-embed-core-10.1.40.jar:10.1.40]
	at org.apache.tomcat.util.net.SocketWrapperBase.flush(SocketWrapperBase.java:712) ~[tomcat-embed-core-10.1.40.jar:10.1.40]
	at org.apache.coyote.http11.Http11OutputBuffer$SocketOutputBuffer.flush(Http11OutputBuffer.java:574) ~[tomcat-embed-core-10.1.40.jar:10.1.40]
	at org.apache.coyote.http11.filters.ChunkedOutputFilter.flush(ChunkedOutputFilter.java:156) ~[tomcat-embed-core-10.1.40.jar:10.1.40]
	at org.apache.coyote.http11.Http11OutputBuffer.flush(Http11OutputBuffer.java:216) ~[tomcat-embed-core-10.1.40.jar:10.1.40]
	at org.apache.coyote.http11.Http11Processor.flush(Http11Processor.java:1271) ~[tomcat-embed-core-10.1.40.jar:10.1.40]
	at org.apache.coyote.AbstractProcessor.action(AbstractProcessor.java:408) ~[tomcat-embed-core-10.1.40.jar:10.1.40]
	at org.apache.coyote.Response.action(Response.java:208) ~[tomcat-embed-core-10.1.40.jar:10.1.40]
	at org.apache.catalina.connector.OutputBuffer.doFlush(OutputBuffer.java:300) ~[tomcat-embed-core-10.1.40.jar:10.1.40]
	at org.apache.catalina.connector.OutputBuffer.flush(OutputBuffer.java:266) ~[tomcat-embed-core-10.1.40.jar:10.1.40]
	at org.apache.catalina.connector.CoyoteOutputStream.flush(CoyoteOutputStream.java:133) ~[tomcat-embed-core-10.1.40.jar:10.1.40]
	at org.springframework.web.context.request.async.StandardServletAsyncWebRequest$LifecycleServletOutputStream.flush(StandardServletAsyncWebRequest.java:415) ~[spring-web-6.2.6.jar:6.2.6]
	at java.base/java.io.FilterOutputStream.flush(FilterOutputStream.java:155) ~[?:?]
	at com.fasterxml.jackson.core.json.UTF8JsonGenerator.flush(UTF8JsonGenerator.java:1205) ~[jackson-core-2.18.3.jar:2.18.3]
	at com.fasterxml.jackson.databind.ObjectWriter.writeValue(ObjectWriter.java:1063) ~[jackson-databind-2.18.3.jar:2.18.3]
	at org.springframework.http.converter.json.AbstractJackson2HttpMessageConverter.writeInternal(AbstractJackson2HttpMessageConverter.java:486) ~[spring-web-6.2.6.jar:6.2.6]
	at org.springframework.http.converter.AbstractGenericHttpMessageConverter.writeInternal(AbstractGenericHttpMessageConverter.java:135) ~[spring-web-6.2.6.jar:6.2.6]
	at org.springframework.http.converter.AbstractHttpMessageConverter.write(AbstractHttpMessageConverter.java:235) ~[spring-web-6.2.6.jar:6.2.6]
	at org.springframework.web.servlet.mvc.method.annotation.ResponseBodyEmitterReturnValueHandler$DefaultSseEmitterHandler.sendInternal(ResponseBodyEmitterReturnValueHandler.java:310) ~[spring-webmvc-6.2.6.jar:6.2.6]
	at org.springframework.web.servlet.mvc.method.annotation.ResponseBodyEmitterReturnValueHandler$DefaultSseEmitterHandler.send(ResponseBodyEmitterReturnValueHandler.java:297) ~[spring-webmvc-6.2.6.jar:6.2.6]
	at org.springframework.web.servlet.mvc.method.annotation.ResponseBodyEmitter.sendInternal(ResponseBodyEmitter.java:226) ~[spring-webmvc-6.2.6.jar:6.2.6]
	at org.springframework.web.servlet.mvc.method.annotation.ResponseBodyEmitter.send(ResponseBodyEmitter.java:217) ~[spring-webmvc-6.2.6.jar:6.2.6]
	at org.springframework.web.servlet.mvc.method.annotation.SseEmitter.send(SseEmitter.java:135) ~[spring-webmvc-6.2.6.jar:6.2.6]
	at org.springframework.web.servlet.mvc.method.annotation.SseEmitter.send(SseEmitter.java:118) ~[spring-webmvc-6.2.6.jar:6.2.6]
	at org.springframework.web.servlet.mvc.method.annotation.ReactiveTypeHandler$SseEmitterSubscriber.send(ReactiveTypeHandler.java:440) ~[spring-webmvc-6.2.6.jar:6.2.6]
	at org.springframework.web.servlet.mvc.method.annotation.ReactiveTypeHandler$AbstractEmitterSubscriber.run(ReactiveTypeHandler.java:359) ~[spring-webmvc-6.2.6.jar:6.2.6]
	at io.micrometer.context.ContextSnapshot.lambda$wrap$0(ContextSnapshot.java:91) ~[context-propagation-1.1.3.jar:1.1.3]
	at java.base/java.lang.Thread.run(Thread.java:1583) [?:?]
2026-02-14 14:18:08.972 [http-nio-8080-exec-2] ERROR org.apache.catalina.core.ContainerBase.[Tomcat].[localhost].[/].[dispatcherServlet] - Servlet.service() for servlet [dispatcherServlet] in context with path [] threw exception
java.io.IOException: 你的主机中的软件中止了一个已建立的连接。
	at java.base/sun.nio.ch.SocketDispatcher.write0(Native Method) ~[?:?]
	at java.base/sun.nio.ch.SocketDispatcher.write(SocketDispatcher.java:54) ~[?:?]
	at java.base/sun.nio.ch.IOUtil.writeFromNativeBuffer(IOUtil.java:137) ~[?:?]
	at java.base/sun.nio.ch.IOUtil.write(IOUtil.java:102) ~[?:?]
	at java.base/sun.nio.ch.IOUtil.write(IOUtil.java:58) ~[?:?]
	at java.base/sun.nio.ch.SocketChannelImpl.write(SocketChannelImpl.java:542) ~[?:?]
	at org.apache.tomcat.util.net.NioChannel.write(NioChannel.java:122) ~[tomcat-embed-core-10.1.40.jar:10.1.40]
	at org.apache.tomcat.util.net.NioEndpoint$NioSocketWrapper.doWrite(NioEndpoint.java:1380) ~[tomcat-embed-core-10.1.40.jar:10.1.40]
	at org.apache.tomcat.util.net.SocketWrapperBase.doWrite(SocketWrapperBase.java:764) ~[tomcat-embed-core-10.1.40.jar:10.1.40]
	at org.apache.tomcat.util.net.SocketWrapperBase.flushBlocking(SocketWrapperBase.java:728) ~[tomcat-embed-core-10.1.40.jar:10.1.40]
	at org.apache.tomcat.util.net.SocketWrapperBase.flush(SocketWrapperBase.java:712) ~[tomcat-embed-core-10.1.40.jar:10.1.40]
	at org.apache.coyote.http11.Http11OutputBuffer$SocketOutputBuffer.flush(Http11OutputBuffer.java:574) ~[tomcat-embed-core-10.1.40.jar:10.1.40]
	at org.apache.coyote.http11.filters.ChunkedOutputFilter.flush(ChunkedOutputFilter.java:156) ~[tomcat-embed-core-10.1.40.jar:10.1.40]
	at org.apache.coyote.http11.Http11OutputBuffer.flush(Http11OutputBuffer.java:216) ~[tomcat-embed-core-10.1.40.jar:10.1.40]
	at org.apache.coyote.http11.Http11Processor.flush(Http11Processor.java:1271) ~[tomcat-embed-core-10.1.40.jar:10.1.40]
	at org.apache.coyote.AbstractProcessor.action(AbstractProcessor.java:408) ~[tomcat-embed-core-10.1.40.jar:10.1.40]
	at org.apache.coyote.Response.action(Response.java:208) ~[tomcat-embed-core-10.1.40.jar:10.1.40]
	at org.apache.catalina.connector.OutputBuffer.doFlush(OutputBuffer.java:300) ~[tomcat-embed-core-10.1.40.jar:10.1.40]
	at org.apache.catalina.connector.OutputBuffer.flush(OutputBuffer.java:266) ~[tomcat-embed-core-10.1.40.jar:10.1.40]
	at org.apache.catalina.connector.CoyoteOutputStream.flush(CoyoteOutputStream.java:133) ~[tomcat-embed-core-10.1.40.jar:10.1.40]
	at org.springframework.web.context.request.async.StandardServletAsyncWebRequest$LifecycleServletOutputStream.flush(StandardServletAsyncWebRequest.java:415) ~[spring-web-6.2.6.jar:6.2.6]
	at java.base/java.io.FilterOutputStream.flush(FilterOutputStream.java:155) ~[?:?]
	at com.fasterxml.jackson.core.json.UTF8JsonGenerator.flush(UTF8JsonGenerator.java:1205) ~[jackson-core-2.18.3.jar:2.18.3]
	at com.fasterxml.jackson.databind.ObjectWriter.writeValue(ObjectWriter.java:1063) ~[jackson-databind-2.18.3.jar:2.18.3]
	at org.springframework.http.converter.json.AbstractJackson2HttpMessageConverter.writeInternal(AbstractJackson2HttpMessageConverter.java:486) ~[spring-web-6.2.6.jar:6.2.6]
	at org.springframework.http.converter.AbstractGenericHttpMessageConverter.writeInternal(AbstractGenericHttpMessageConverter.java:135) ~[spring-web-6.2.6.jar:6.2.6]
	at org.springframework.http.converter.AbstractHttpMessageConverter.write(AbstractHttpMessageConverter.java:235) ~[spring-web-6.2.6.jar:6.2.6]
	at org.springframework.web.servlet.mvc.method.annotation.ResponseBodyEmitterReturnValueHandler$DefaultSseEmitterHandler.sendInternal(ResponseBodyEmitterReturnValueHandler.java:310) ~[spring-webmvc-6.2.6.jar:6.2.6]
	at org.springframework.web.servlet.mvc.method.annotation.ResponseBodyEmitterReturnValueHandler$DefaultSseEmitterHandler.send(ResponseBodyEmitterReturnValueHandler.java:297) ~[spring-webmvc-6.2.6.jar:6.2.6]
	at org.springframework.web.servlet.mvc.method.annotation.ResponseBodyEmitter.sendInternal(ResponseBodyEmitter.java:226) ~[spring-webmvc-6.2.6.jar:6.2.6]
	at org.springframework.web.servlet.mvc.method.annotation.ResponseBodyEmitter.send(ResponseBodyEmitter.java:217) ~[spring-webmvc-6.2.6.jar:6.2.6]
	at org.springframework.web.servlet.mvc.method.annotation.SseEmitter.send(SseEmitter.java:135) ~[spring-webmvc-6.2.6.jar:6.2.6]
	at org.springframework.web.servlet.mvc.method.annotation.SseEmitter.send(SseEmitter.java:118) ~[spring-webmvc-6.2.6.jar:6.2.6]
	at org.springframework.web.servlet.mvc.method.annotation.ReactiveTypeHandler$SseEmitterSubscriber.send(ReactiveTypeHandler.java:440) ~[spring-webmvc-6.2.6.jar:6.2.6]
	at org.springframework.web.servlet.mvc.method.annotation.ReactiveTypeHandler$AbstractEmitterSubscriber.run(ReactiveTypeHandler.java:359) ~[spring-webmvc-6.2.6.jar:6.2.6]
	at io.micrometer.context.ContextSnapshot.lambda$wrap$0(ContextSnapshot.java:91) ~[context-propagation-1.1.3.jar:1.1.3]
	at java.base/java.lang.Thread.run(Thread.java:1583) [?:?]
2026-02-14 14:18:37.802 [http-nio-8080-exec-3] ERROR com.bit.ai.robot.exception.GlobalExceptionHandler - /chat/completion request error, 
java.io.IOException: 你的主机中的软件中止了一个已建立的连接。
	at java.base/sun.nio.ch.SocketDispatcher.write0(Native Method) ~[?:?]
	at java.base/sun.nio.ch.SocketDispatcher.write(SocketDispatcher.java:54) ~[?:?]
	at java.base/sun.nio.ch.IOUtil.writeFromNativeBuffer(IOUtil.java:137) ~[?:?]
	at java.base/sun.nio.ch.IOUtil.write(IOUtil.java:102) ~[?:?]
	at java.base/sun.nio.ch.IOUtil.write(IOUtil.java:58) ~[?:?]
	at java.base/sun.nio.ch.SocketChannelImpl.write(SocketChannelImpl.java:542) ~[?:?]
	at org.apache.tomcat.util.net.NioChannel.write(NioChannel.java:122) ~[tomcat-embed-core-10.1.40.jar:10.1.40]
	at org.apache.tomcat.util.net.NioEndpoint$NioSocketWrapper.doWrite(NioEndpoint.java:1380) ~[tomcat-embed-core-10.1.40.jar:10.1.40]
	at org.apache.tomcat.util.net.SocketWrapperBase.doWrite(SocketWrapperBase.java:764) ~[tomcat-embed-core-10.1.40.jar:10.1.40]
	at org.apache.tomcat.util.net.SocketWrapperBase.flushBlocking(SocketWrapperBase.java:728) ~[tomcat-embed-core-10.1.40.jar:10.1.40]
	at org.apache.tomcat.util.net.SocketWrapperBase.flush(SocketWrapperBase.java:712) ~[tomcat-embed-core-10.1.40.jar:10.1.40]
	at org.apache.coyote.http11.Http11OutputBuffer$SocketOutputBuffer.flush(Http11OutputBuffer.java:574) ~[tomcat-embed-core-10.1.40.jar:10.1.40]
	at org.apache.coyote.http11.filters.ChunkedOutputFilter.flush(ChunkedOutputFilter.java:156) ~[tomcat-embed-core-10.1.40.jar:10.1.40]
	at org.apache.coyote.http11.Http11OutputBuffer.flush(Http11OutputBuffer.java:216) ~[tomcat-embed-core-10.1.40.jar:10.1.40]
	at org.apache.coyote.http11.Http11Processor.flush(Http11Processor.java:1271) ~[tomcat-embed-core-10.1.40.jar:10.1.40]
	at org.apache.coyote.AbstractProcessor.action(AbstractProcessor.java:408) ~[tomcat-embed-core-10.1.40.jar:10.1.40]
	at org.apache.coyote.Response.action(Response.java:208) ~[tomcat-embed-core-10.1.40.jar:10.1.40]
	at org.apache.catalina.connector.OutputBuffer.doFlush(OutputBuffer.java:300) ~[tomcat-embed-core-10.1.40.jar:10.1.40]
	at org.apache.catalina.connector.OutputBuffer.flush(OutputBuffer.java:266) ~[tomcat-embed-core-10.1.40.jar:10.1.40]
	at org.apache.catalina.connector.CoyoteOutputStream.flush(CoyoteOutputStream.java:133) ~[tomcat-embed-core-10.1.40.jar:10.1.40]
	at org.springframework.web.context.request.async.StandardServletAsyncWebRequest$LifecycleServletOutputStream.flush(StandardServletAsyncWebRequest.java:415) ~[spring-web-6.2.6.jar:6.2.6]
	at java.base/java.io.FilterOutputStream.flush(FilterOutputStream.java:155) ~[?:?]
	at com.fasterxml.jackson.core.json.UTF8JsonGenerator.flush(UTF8JsonGenerator.java:1205) ~[jackson-core-2.18.3.jar:2.18.3]
	at com.fasterxml.jackson.databind.ObjectWriter.writeValue(ObjectWriter.java:1063) ~[jackson-databind-2.18.3.jar:2.18.3]
	at org.springframework.http.converter.json.AbstractJackson2HttpMessageConverter.writeInternal(AbstractJackson2HttpMessageConverter.java:486) ~[spring-web-6.2.6.jar:6.2.6]
	at org.springframework.http.converter.AbstractGenericHttpMessageConverter.writeInternal(AbstractGenericHttpMessageConverter.java:135) ~[spring-web-6.2.6.jar:6.2.6]
	at org.springframework.http.converter.AbstractHttpMessageConverter.write(AbstractHttpMessageConverter.java:235) ~[spring-web-6.2.6.jar:6.2.6]
	at org.springframework.web.servlet.mvc.method.annotation.ResponseBodyEmitterReturnValueHandler$DefaultSseEmitterHandler.sendInternal(ResponseBodyEmitterReturnValueHandler.java:310) ~[spring-webmvc-6.2.6.jar:6.2.6]
	at org.springframework.web.servlet.mvc.method.annotation.ResponseBodyEmitterReturnValueHandler$DefaultSseEmitterHandler.send(ResponseBodyEmitterReturnValueHandler.java:297) ~[spring-webmvc-6.2.6.jar:6.2.6]
	at org.springframework.web.servlet.mvc.method.annotation.ResponseBodyEmitter.sendInternal(ResponseBodyEmitter.java:226) ~[spring-webmvc-6.2.6.jar:6.2.6]
	at org.springframework.web.servlet.mvc.method.annotation.ResponseBodyEmitter.send(ResponseBodyEmitter.java:217) ~[spring-webmvc-6.2.6.jar:6.2.6]
	at org.springframework.web.servlet.mvc.method.annotation.SseEmitter.send(SseEmitter.java:135) ~[spring-webmvc-6.2.6.jar:6.2.6]
	at org.springframework.web.servlet.mvc.method.annotation.SseEmitter.send(SseEmitter.java:118) ~[spring-webmvc-6.2.6.jar:6.2.6]
	at org.springframework.web.servlet.mvc.method.annotation.ReactiveTypeHandler$SseEmitterSubscriber.send(ReactiveTypeHandler.java:440) ~[spring-webmvc-6.2.6.jar:6.2.6]
	at org.springframework.web.servlet.mvc.method.annotation.ReactiveTypeHandler$AbstractEmitterSubscriber.run(ReactiveTypeHandler.java:359) ~[spring-webmvc-6.2.6.jar:6.2.6]
	at io.micrometer.context.ContextSnapshot.lambda$wrap$0(ContextSnapshot.java:91) ~[context-propagation-1.1.3.jar:1.1.3]
	at java.base/java.lang.Thread.run(Thread.java:1583) [?:?]
2026-02-14 14:18:37.803 [http-nio-8080-exec-3] ERROR org.apache.catalina.core.ContainerBase.[Tomcat].[localhost].[/].[dispatcherServlet] - Servlet.service() for servlet [dispatcherServlet] threw exception
java.io.IOException: 你的主机中的软件中止了一个已建立的连接。
	at java.base/sun.nio.ch.SocketDispatcher.write0(Native Method) ~[?:?]
	at java.base/sun.nio.ch.SocketDispatcher.write(SocketDispatcher.java:54) ~[?:?]
	at java.base/sun.nio.ch.IOUtil.writeFromNativeBuffer(IOUtil.java:137) ~[?:?]
	at java.base/sun.nio.ch.IOUtil.write(IOUtil.java:102) ~[?:?]
	at java.base/sun.nio.ch.IOUtil.write(IOUtil.java:58) ~[?:?]
	at java.base/sun.nio.ch.SocketChannelImpl.write(SocketChannelImpl.java:542) ~[?:?]
	at org.apache.tomcat.util.net.NioChannel.write(NioChannel.java:122) ~[tomcat-embed-core-10.1.40.jar:10.1.40]
	at org.apache.tomcat.util.net.NioEndpoint$NioSocketWrapper.doWrite(NioEndpoint.java:1380) ~[tomcat-embed-core-10.1.40.jar:10.1.40]
	at org.apache.tomcat.util.net.SocketWrapperBase.doWrite(SocketWrapperBase.java:764) ~[tomcat-embed-core-10.1.40.jar:10.1.40]
	at org.apache.tomcat.util.net.SocketWrapperBase.flushBlocking(SocketWrapperBase.java:728) ~[tomcat-embed-core-10.1.40.jar:10.1.40]
	at org.apache.tomcat.util.net.SocketWrapperBase.flush(SocketWrapperBase.java:712) ~[tomcat-embed-core-10.1.40.jar:10.1.40]
	at org.apache.coyote.http11.Http11OutputBuffer$SocketOutputBuffer.flush(Http11OutputBuffer.java:574) ~[tomcat-embed-core-10.1.40.jar:10.1.40]
	at org.apache.coyote.http11.filters.ChunkedOutputFilter.flush(ChunkedOutputFilter.java:156) ~[tomcat-embed-core-10.1.40.jar:10.1.40]
	at org.apache.coyote.http11.Http11OutputBuffer.flush(Http11OutputBuffer.java:216) ~[tomcat-embed-core-10.1.40.jar:10.1.40]
	at org.apache.coyote.http11.Http11Processor.flush(Http11Processor.java:1271) ~[tomcat-embed-core-10.1.40.jar:10.1.40]
	at org.apache.coyote.AbstractProcessor.action(AbstractProcessor.java:408) ~[tomcat-embed-core-10.1.40.jar:10.1.40]
	at org.apache.coyote.Response.action(Response.java:208) ~[tomcat-embed-core-10.1.40.jar:10.1.40]
	at org.apache.catalina.connector.OutputBuffer.doFlush(OutputBuffer.java:300) ~[tomcat-embed-core-10.1.40.jar:10.1.40]
	at org.apache.catalina.connector.OutputBuffer.flush(OutputBuffer.java:266) ~[tomcat-embed-core-10.1.40.jar:10.1.40]
	at org.apache.catalina.connector.CoyoteOutputStream.flush(CoyoteOutputStream.java:133) ~[tomcat-embed-core-10.1.40.jar:10.1.40]
	at org.springframework.web.context.request.async.StandardServletAsyncWebRequest$LifecycleServletOutputStream.flush(StandardServletAsyncWebRequest.java:415) ~[spring-web-6.2.6.jar:6.2.6]
	at java.base/java.io.FilterOutputStream.flush(FilterOutputStream.java:155) ~[?:?]
	at com.fasterxml.jackson.core.json.UTF8JsonGenerator.flush(UTF8JsonGenerator.java:1205) ~[jackson-core-2.18.3.jar:2.18.3]
	at com.fasterxml.jackson.databind.ObjectWriter.writeValue(ObjectWriter.java:1063) ~[jackson-databind-2.18.3.jar:2.18.3]
	at org.springframework.http.converter.json.AbstractJackson2HttpMessageConverter.writeInternal(AbstractJackson2HttpMessageConverter.java:486) ~[spring-web-6.2.6.jar:6.2.6]
	at org.springframework.http.converter.AbstractGenericHttpMessageConverter.writeInternal(AbstractGenericHttpMessageConverter.java:135) ~[spring-web-6.2.6.jar:6.2.6]
	at org.springframework.http.converter.AbstractHttpMessageConverter.write(AbstractHttpMessageConverter.java:235) ~[spring-web-6.2.6.jar:6.2.6]
	at org.springframework.web.servlet.mvc.method.annotation.ResponseBodyEmitterReturnValueHandler$DefaultSseEmitterHandler.sendInternal(ResponseBodyEmitterReturnValueHandler.java:310) ~[spring-webmvc-6.2.6.jar:6.2.6]
	at org.springframework.web.servlet.mvc.method.annotation.ResponseBodyEmitterReturnValueHandler$DefaultSseEmitterHandler.send(ResponseBodyEmitterReturnValueHandler.java:297) ~[spring-webmvc-6.2.6.jar:6.2.6]
	at org.springframework.web.servlet.mvc.method.annotation.ResponseBodyEmitter.sendInternal(ResponseBodyEmitter.java:226) ~[spring-webmvc-6.2.6.jar:6.2.6]
	at org.springframework.web.servlet.mvc.method.annotation.ResponseBodyEmitter.send(ResponseBodyEmitter.java:217) ~[spring-webmvc-6.2.6.jar:6.2.6]
	at org.springframework.web.servlet.mvc.method.annotation.SseEmitter.send(SseEmitter.java:135) ~[spring-webmvc-6.2.6.jar:6.2.6]
	at org.springframework.web.servlet.mvc.method.annotation.SseEmitter.send(SseEmitter.java:118) ~[spring-webmvc-6.2.6.jar:6.2.6]
	at org.springframework.web.servlet.mvc.method.annotation.ReactiveTypeHandler$SseEmitterSubscriber.send(ReactiveTypeHandler.java:440) ~[spring-webmvc-6.2.6.jar:6.2.6]
	at org.springframework.web.servlet.mvc.method.annotation.ReactiveTypeHandler$AbstractEmitterSubscriber.run(ReactiveTypeHandler.java:359) ~[spring-webmvc-6.2.6.jar:6.2.6]
	at io.micrometer.context.ContextSnapshot.lambda$wrap$0(ContextSnapshot.java:91) ~[context-propagation-1.1.3.jar:1.1.3]
	at java.base/java.lang.Thread.run(Thread.java:1583) [?:?]
2026-02-14 14:18:37.803 [http-nio-8080-exec-3] ERROR org.apache.catalina.core.ContainerBase.[Tomcat].[localhost].[/].[dispatcherServlet] - Servlet.service() for servlet [dispatcherServlet] in context with path [] threw exception
java.io.IOException: 你的主机中的软件中止了一个已建立的连接。
	at java.base/sun.nio.ch.SocketDispatcher.write0(Native Method) ~[?:?]
	at java.base/sun.nio.ch.SocketDispatcher.write(SocketDispatcher.java:54) ~[?:?]
	at java.base/sun.nio.ch.IOUtil.writeFromNativeBuffer(IOUtil.java:137) ~[?:?]
	at java.base/sun.nio.ch.IOUtil.write(IOUtil.java:102) ~[?:?]
	at java.base/sun.nio.ch.IOUtil.write(IOUtil.java:58) ~[?:?]
	at java.base/sun.nio.ch.SocketChannelImpl.write(SocketChannelImpl.java:542) ~[?:?]
	at org.apache.tomcat.util.net.NioChannel.write(NioChannel.java:122) ~[tomcat-embed-core-10.1.40.jar:10.1.40]
	at org.apache.tomcat.util.net.NioEndpoint$NioSocketWrapper.doWrite(NioEndpoint.java:1380) ~[tomcat-embed-core-10.1.40.jar:10.1.40]
	at org.apache.tomcat.util.net.SocketWrapperBase.doWrite(SocketWrapperBase.java:764) ~[tomcat-embed-core-10.1.40.jar:10.1.40]
	at org.apache.tomcat.util.net.SocketWrapperBase.flushBlocking(SocketWrapperBase.java:728) ~[tomcat-embed-core-10.1.40.jar:10.1.40]
	at org.apache.tomcat.util.net.SocketWrapperBase.flush(SocketWrapperBase.java:712) ~[tomcat-embed-core-10.1.40.jar:10.1.40]
	at org.apache.coyote.http11.Http11OutputBuffer$SocketOutputBuffer.flush(Http11OutputBuffer.java:574) ~[tomcat-embed-core-10.1.40.jar:10.1.40]
	at org.apache.coyote.http11.filters.ChunkedOutputFilter.flush(ChunkedOutputFilter.java:156) ~[tomcat-embed-core-10.1.40.jar:10.1.40]
	at org.apache.coyote.http11.Http11OutputBuffer.flush(Http11OutputBuffer.java:216) ~[tomcat-embed-core-10.1.40.jar:10.1.40]
	at org.apache.coyote.http11.Http11Processor.flush(Http11Processor.java:1271) ~[tomcat-embed-core-10.1.40.jar:10.1.40]
	at org.apache.coyote.AbstractProcessor.action(AbstractProcessor.java:408) ~[tomcat-embed-core-10.1.40.jar:10.1.40]
	at org.apache.coyote.Response.action(Response.java:208) ~[tomcat-embed-core-10.1.40.jar:10.1.40]
	at org.apache.catalina.connector.OutputBuffer.doFlush(OutputBuffer.java:300) ~[tomcat-embed-core-10.1.40.jar:10.1.40]
	at org.apache.catalina.connector.OutputBuffer.flush(OutputBuffer.java:266) ~[tomcat-embed-core-10.1.40.jar:10.1.40]
	at org.apache.catalina.connector.CoyoteOutputStream.flush(CoyoteOutputStream.java:133) ~[tomcat-embed-core-10.1.40.jar:10.1.40]
	at org.springframework.web.context.request.async.StandardServletAsyncWebRequest$LifecycleServletOutputStream.flush(StandardServletAsyncWebRequest.java:415) ~[spring-web-6.2.6.jar:6.2.6]
	at java.base/java.io.FilterOutputStream.flush(FilterOutputStream.java:155) ~[?:?]
	at com.fasterxml.jackson.core.json.UTF8JsonGenerator.flush(UTF8JsonGenerator.java:1205) ~[jackson-core-2.18.3.jar:2.18.3]
	at com.fasterxml.jackson.databind.ObjectWriter.writeValue(ObjectWriter.java:1063) ~[jackson-databind-2.18.3.jar:2.18.3]
	at org.springframework.http.converter.json.AbstractJackson2HttpMessageConverter.writeInternal(AbstractJackson2HttpMessageConverter.java:486) ~[spring-web-6.2.6.jar:6.2.6]
	at org.springframework.http.converter.AbstractGenericHttpMessageConverter.writeInternal(AbstractGenericHttpMessageConverter.java:135) ~[spring-web-6.2.6.jar:6.2.6]
	at org.springframework.http.converter.AbstractHttpMessageConverter.write(AbstractHttpMessageConverter.java:235) ~[spring-web-6.2.6.jar:6.2.6]
	at org.springframework.web.servlet.mvc.method.annotation.ResponseBodyEmitterReturnValueHandler$DefaultSseEmitterHandler.sendInternal(ResponseBodyEmitterReturnValueHandler.java:310) ~[spring-webmvc-6.2.6.jar:6.2.6]
	at org.springframework.web.servlet.mvc.method.annotation.ResponseBodyEmitterReturnValueHandler$DefaultSseEmitterHandler.send(ResponseBodyEmitterReturnValueHandler.java:297) ~[spring-webmvc-6.2.6.jar:6.2.6]
	at org.springframework.web.servlet.mvc.method.annotation.ResponseBodyEmitter.sendInternal(ResponseBodyEmitter.java:226) ~[spring-webmvc-6.2.6.jar:6.2.6]
	at org.springframework.web.servlet.mvc.method.annotation.ResponseBodyEmitter.send(ResponseBodyEmitter.java:217) ~[spring-webmvc-6.2.6.jar:6.2.6]
	at org.springframework.web.servlet.mvc.method.annotation.SseEmitter.send(SseEmitter.java:135) ~[spring-webmvc-6.2.6.jar:6.2.6]
	at org.springframework.web.servlet.mvc.method.annotation.SseEmitter.send(SseEmitter.java:118) ~[spring-webmvc-6.2.6.jar:6.2.6]
	at org.springframework.web.servlet.mvc.method.annotation.ReactiveTypeHandler$SseEmitterSubscriber.send(ReactiveTypeHandler.java:440) ~[spring-webmvc-6.2.6.jar:6.2.6]
	at org.springframework.web.servlet.mvc.method.annotation.ReactiveTypeHandler$AbstractEmitterSubscriber.run(ReactiveTypeHandler.java:359) ~[spring-webmvc-6.2.6.jar:6.2.6]
	at io.micrometer.context.ContextSnapshot.lambda$wrap$0(ContextSnapshot.java:91) ~[context-propagation-1.1.3.jar:1.1.3]
	at java.base/java.lang.Thread.run(Thread.java:1583) [?:?]
2026-02-14 14:20:56.934 [http-nio-8080-exec-4] ERROR com.bit.ai.robot.exception.GlobalExceptionHandler - /chat/completion request error, 
java.io.IOException: 你的主机中的软件中止了一个已建立的连接。
	at java.base/sun.nio.ch.SocketDispatcher.write0(Native Method) ~[?:?]
	at java.base/sun.nio.ch.SocketDispatcher.write(SocketDispatcher.java:54) ~[?:?]
	at java.base/sun.nio.ch.IOUtil.writeFromNativeBuffer(IOUtil.java:137) ~[?:?]
	at java.base/sun.nio.ch.IOUtil.write(IOUtil.java:102) ~[?:?]
	at java.base/sun.nio.ch.IOUtil.write(IOUtil.java:58) ~[?:?]
	at java.base/sun.nio.ch.SocketChannelImpl.write(SocketChannelImpl.java:542) ~[?:?]
	at org.apache.tomcat.util.net.NioChannel.write(NioChannel.java:122) ~[tomcat-embed-core-10.1.40.jar:10.1.40]
	at org.apache.tomcat.util.net.NioEndpoint$NioSocketWrapper.doWrite(NioEndpoint.java:1380) ~[tomcat-embed-core-10.1.40.jar:10.1.40]
	at org.apache.tomcat.util.net.SocketWrapperBase.doWrite(SocketWrapperBase.java:764) ~[tomcat-embed-core-10.1.40.jar:10.1.40]
	at org.apache.tomcat.util.net.SocketWrapperBase.flushBlocking(SocketWrapperBase.java:728) ~[tomcat-embed-core-10.1.40.jar:10.1.40]
	at org.apache.tomcat.util.net.SocketWrapperBase.flush(SocketWrapperBase.java:712) ~[tomcat-embed-core-10.1.40.jar:10.1.40]
	at org.apache.coyote.http11.Http11OutputBuffer$SocketOutputBuffer.flush(Http11OutputBuffer.java:574) ~[tomcat-embed-core-10.1.40.jar:10.1.40]
	at org.apache.coyote.http11.filters.ChunkedOutputFilter.flush(ChunkedOutputFilter.java:156) ~[tomcat-embed-core-10.1.40.jar:10.1.40]
	at org.apache.coyote.http11.Http11OutputBuffer.flush(Http11OutputBuffer.java:216) ~[tomcat-embed-core-10.1.40.jar:10.1.40]
	at org.apache.coyote.http11.Http11Processor.flush(Http11Processor.java:1271) ~[tomcat-embed-core-10.1.40.jar:10.1.40]
	at org.apache.coyote.AbstractProcessor.action(AbstractProcessor.java:408) ~[tomcat-embed-core-10.1.40.jar:10.1.40]
	at org.apache.coyote.Response.action(Response.java:208) ~[tomcat-embed-core-10.1.40.jar:10.1.40]
	at org.apache.catalina.connector.OutputBuffer.doFlush(OutputBuffer.java:300) ~[tomcat-embed-core-10.1.40.jar:10.1.40]
	at org.apache.catalina.connector.OutputBuffer.flush(OutputBuffer.java:266) ~[tomcat-embed-core-10.1.40.jar:10.1.40]
	at org.apache.catalina.connector.CoyoteOutputStream.flush(CoyoteOutputStream.java:133) ~[tomcat-embed-core-10.1.40.jar:10.1.40]
	at org.springframework.web.context.request.async.StandardServletAsyncWebRequest$LifecycleServletOutputStream.flush(StandardServletAsyncWebRequest.java:415) ~[spring-web-6.2.6.jar:6.2.6]
	at java.base/java.io.FilterOutputStream.flush(FilterOutputStream.java:155) ~[?:?]
	at com.fasterxml.jackson.core.json.UTF8JsonGenerator.flush(UTF8JsonGenerator.java:1205) ~[jackson-core-2.18.3.jar:2.18.3]
	at com.fasterxml.jackson.databind.ObjectWriter.writeValue(ObjectWriter.java:1063) ~[jackson-databind-2.18.3.jar:2.18.3]
	at org.springframework.http.converter.json.AbstractJackson2HttpMessageConverter.writeInternal(AbstractJackson2HttpMessageConverter.java:486) ~[spring-web-6.2.6.jar:6.2.6]
	at org.springframework.http.converter.AbstractGenericHttpMessageConverter.writeInternal(AbstractGenericHttpMessageConverter.java:135) ~[spring-web-6.2.6.jar:6.2.6]
	at org.springframework.http.converter.AbstractHttpMessageConverter.write(AbstractHttpMessageConverter.java:235) ~[spring-web-6.2.6.jar:6.2.6]
	at org.springframework.web.servlet.mvc.method.annotation.ResponseBodyEmitterReturnValueHandler$DefaultSseEmitterHandler.sendInternal(ResponseBodyEmitterReturnValueHandler.java:310) ~[spring-webmvc-6.2.6.jar:6.2.6]
	at org.springframework.web.servlet.mvc.method.annotation.ResponseBodyEmitterReturnValueHandler$DefaultSseEmitterHandler.send(ResponseBodyEmitterReturnValueHandler.java:297) ~[spring-webmvc-6.2.6.jar:6.2.6]
	at org.springframework.web.servlet.mvc.method.annotation.ResponseBodyEmitter.sendInternal(ResponseBodyEmitter.java:226) ~[spring-webmvc-6.2.6.jar:6.2.6]
	at org.springframework.web.servlet.mvc.method.annotation.ResponseBodyEmitter.send(ResponseBodyEmitter.java:217) ~[spring-webmvc-6.2.6.jar:6.2.6]
	at org.springframework.web.servlet.mvc.method.annotation.SseEmitter.send(SseEmitter.java:135) ~[spring-webmvc-6.2.6.jar:6.2.6]
	at org.springframework.web.servlet.mvc.method.annotation.SseEmitter.send(SseEmitter.java:118) ~[spring-webmvc-6.2.6.jar:6.2.6]
	at org.springframework.web.servlet.mvc.method.annotation.ReactiveTypeHandler$SseEmitterSubscriber.send(ReactiveTypeHandler.java:440) ~[spring-webmvc-6.2.6.jar:6.2.6]
	at org.springframework.web.servlet.mvc.method.annotation.ReactiveTypeHandler$AbstractEmitterSubscriber.run(ReactiveTypeHandler.java:359) ~[spring-webmvc-6.2.6.jar:6.2.6]
	at io.micrometer.context.ContextSnapshot.lambda$wrap$0(ContextSnapshot.java:91) ~[context-propagation-1.1.3.jar:1.1.3]
	at java.base/java.lang.Thread.run(Thread.java:1583) [?:?]
2026-02-14 14:20:56.939 [http-nio-8080-exec-4] ERROR org.apache.catalina.core.ContainerBase.[Tomcat].[localhost].[/].[dispatcherServlet] - Servlet.service() for servlet [dispatcherServlet] threw exception
java.io.IOException: 你的主机中的软件中止了一个已建立的连接。
	at java.base/sun.nio.ch.SocketDispatcher.write0(Native Method) ~[?:?]
	at java.base/sun.nio.ch.SocketDispatcher.write(SocketDispatcher.java:54) ~[?:?]
	at java.base/sun.nio.ch.IOUtil.writeFromNativeBuffer(IOUtil.java:137) ~[?:?]
	at java.base/sun.nio.ch.IOUtil.write(IOUtil.java:102) ~[?:?]
	at java.base/sun.nio.ch.IOUtil.write(IOUtil.java:58) ~[?:?]
	at java.base/sun.nio.ch.SocketChannelImpl.write(SocketChannelImpl.java:542) ~[?:?]
	at org.apache.tomcat.util.net.NioChannel.write(NioChannel.java:122) ~[tomcat-embed-core-10.1.40.jar:10.1.40]
	at org.apache.tomcat.util.net.NioEndpoint$NioSocketWrapper.doWrite(NioEndpoint.java:1380) ~[tomcat-embed-core-10.1.40.jar:10.1.40]
	at org.apache.tomcat.util.net.SocketWrapperBase.doWrite(SocketWrapperBase.java:764) ~[tomcat-embed-core-10.1.40.jar:10.1.40]
	at org.apache.tomcat.util.net.SocketWrapperBase.flushBlocking(SocketWrapperBase.java:728) ~[tomcat-embed-core-10.1.40.jar:10.1.40]
	at org.apache.tomcat.util.net.SocketWrapperBase.flush(SocketWrapperBase.java:712) ~[tomcat-embed-core-10.1.40.jar:10.1.40]
	at org.apache.coyote.http11.Http11OutputBuffer$SocketOutputBuffer.flush(Http11OutputBuffer.java:574) ~[tomcat-embed-core-10.1.40.jar:10.1.40]
	at org.apache.coyote.http11.filters.ChunkedOutputFilter.flush(ChunkedOutputFilter.java:156) ~[tomcat-embed-core-10.1.40.jar:10.1.40]
	at org.apache.coyote.http11.Http11OutputBuffer.flush(Http11OutputBuffer.java:216) ~[tomcat-embed-core-10.1.40.jar:10.1.40]
	at org.apache.coyote.http11.Http11Processor.flush(Http11Processor.java:1271) ~[tomcat-embed-core-10.1.40.jar:10.1.40]
	at org.apache.coyote.AbstractProcessor.action(AbstractProcessor.java:408) ~[tomcat-embed-core-10.1.40.jar:10.1.40]
	at org.apache.coyote.Response.action(Response.java:208) ~[tomcat-embed-core-10.1.40.jar:10.1.40]
	at org.apache.catalina.connector.OutputBuffer.doFlush(OutputBuffer.java:300) ~[tomcat-embed-core-10.1.40.jar:10.1.40]
	at org.apache.catalina.connector.OutputBuffer.flush(OutputBuffer.java:266) ~[tomcat-embed-core-10.1.40.jar:10.1.40]
	at org.apache.catalina.connector.CoyoteOutputStream.flush(CoyoteOutputStream.java:133) ~[tomcat-embed-core-10.1.40.jar:10.1.40]
	at org.springframework.web.context.request.async.StandardServletAsyncWebRequest$LifecycleServletOutputStream.flush(StandardServletAsyncWebRequest.java:415) ~[spring-web-6.2.6.jar:6.2.6]
	at java.base/java.io.FilterOutputStream.flush(FilterOutputStream.java:155) ~[?:?]
	at com.fasterxml.jackson.core.json.UTF8JsonGenerator.flush(UTF8JsonGenerator.java:1205) ~[jackson-core-2.18.3.jar:2.18.3]
	at com.fasterxml.jackson.databind.ObjectWriter.writeValue(ObjectWriter.java:1063) ~[jackson-databind-2.18.3.jar:2.18.3]
	at org.springframework.http.converter.json.AbstractJackson2HttpMessageConverter.writeInternal(AbstractJackson2HttpMessageConverter.java:486) ~[spring-web-6.2.6.jar:6.2.6]
	at org.springframework.http.converter.AbstractGenericHttpMessageConverter.writeInternal(AbstractGenericHttpMessageConverter.java:135) ~[spring-web-6.2.6.jar:6.2.6]
	at org.springframework.http.converter.AbstractHttpMessageConverter.write(AbstractHttpMessageConverter.java:235) ~[spring-web-6.2.6.jar:6.2.6]
	at org.springframework.web.servlet.mvc.method.annotation.ResponseBodyEmitterReturnValueHandler$DefaultSseEmitterHandler.sendInternal(ResponseBodyEmitterReturnValueHandler.java:310) ~[spring-webmvc-6.2.6.jar:6.2.6]
	at org.springframework.web.servlet.mvc.method.annotation.ResponseBodyEmitterReturnValueHandler$DefaultSseEmitterHandler.send(ResponseBodyEmitterReturnValueHandler.java:297) ~[spring-webmvc-6.2.6.jar:6.2.6]
	at org.springframework.web.servlet.mvc.method.annotation.ResponseBodyEmitter.sendInternal(ResponseBodyEmitter.java:226) ~[spring-webmvc-6.2.6.jar:6.2.6]
	at org.springframework.web.servlet.mvc.method.annotation.ResponseBodyEmitter.send(ResponseBodyEmitter.java:217) ~[spring-webmvc-6.2.6.jar:6.2.6]
	at org.springframework.web.servlet.mvc.method.annotation.SseEmitter.send(SseEmitter.java:135) ~[spring-webmvc-6.2.6.jar:6.2.6]
	at org.springframework.web.servlet.mvc.method.annotation.SseEmitter.send(SseEmitter.java:118) ~[spring-webmvc-6.2.6.jar:6.2.6]
	at org.springframework.web.servlet.mvc.method.annotation.ReactiveTypeHandler$SseEmitterSubscriber.send(ReactiveTypeHandler.java:440) ~[spring-webmvc-6.2.6.jar:6.2.6]
	at org.springframework.web.servlet.mvc.method.annotation.ReactiveTypeHandler$AbstractEmitterSubscriber.run(ReactiveTypeHandler.java:359) ~[spring-webmvc-6.2.6.jar:6.2.6]
	at io.micrometer.context.ContextSnapshot.lambda$wrap$0(ContextSnapshot.java:91) ~[context-propagation-1.1.3.jar:1.1.3]
	at java.base/java.lang.Thread.run(Thread.java:1583) [?:?]
2026-02-14 14:20:56.940 [http-nio-8080-exec-4] ERROR org.apache.catalina.core.ContainerBase.[Tomcat].[localhost].[/].[dispatcherServlet] - Servlet.service() for servlet [dispatcherServlet] in context with path [] threw exception
java.io.IOException: 你的主机中的软件中止了一个已建立的连接。
	at java.base/sun.nio.ch.SocketDispatcher.write0(Native Method) ~[?:?]
	at java.base/sun.nio.ch.SocketDispatcher.write(SocketDispatcher.java:54) ~[?:?]
	at java.base/sun.nio.ch.IOUtil.writeFromNativeBuffer(IOUtil.java:137) ~[?:?]
	at java.base/sun.nio.ch.IOUtil.write(IOUtil.java:102) ~[?:?]
	at java.base/sun.nio.ch.IOUtil.write(IOUtil.java:58) ~[?:?]
	at java.base/sun.nio.ch.SocketChannelImpl.write(SocketChannelImpl.java:542) ~[?:?]
	at org.apache.tomcat.util.net.NioChannel.write(NioChannel.java:122) ~[tomcat-embed-core-10.1.40.jar:10.1.40]
	at org.apache.tomcat.util.net.NioEndpoint$NioSocketWrapper.doWrite(NioEndpoint.java:1380) ~[tomcat-embed-core-10.1.40.jar:10.1.40]
	at org.apache.tomcat.util.net.SocketWrapperBase.doWrite(SocketWrapperBase.java:764) ~[tomcat-embed-core-10.1.40.jar:10.1.40]
	at org.apache.tomcat.util.net.SocketWrapperBase.flushBlocking(SocketWrapperBase.java:728) ~[tomcat-embed-core-10.1.40.jar:10.1.40]
	at org.apache.tomcat.util.net.SocketWrapperBase.flush(SocketWrapperBase.java:712) ~[tomcat-embed-core-10.1.40.jar:10.1.40]
	at org.apache.coyote.http11.Http11OutputBuffer$SocketOutputBuffer.flush(Http11OutputBuffer.java:574) ~[tomcat-embed-core-10.1.40.jar:10.1.40]
	at org.apache.coyote.http11.filters.ChunkedOutputFilter.flush(ChunkedOutputFilter.java:156) ~[tomcat-embed-core-10.1.40.jar:10.1.40]
	at org.apache.coyote.http11.Http11OutputBuffer.flush(Http11OutputBuffer.java:216) ~[tomcat-embed-core-10.1.40.jar:10.1.40]
	at org.apache.coyote.http11.Http11Processor.flush(Http11Processor.java:1271) ~[tomcat-embed-core-10.1.40.jar:10.1.40]
	at org.apache.coyote.AbstractProcessor.action(AbstractProcessor.java:408) ~[tomcat-embed-core-10.1.40.jar:10.1.40]
	at org.apache.coyote.Response.action(Response.java:208) ~[tomcat-embed-core-10.1.40.jar:10.1.40]
	at org.apache.catalina.connector.OutputBuffer.doFlush(OutputBuffer.java:300) ~[tomcat-embed-core-10.1.40.jar:10.1.40]
	at org.apache.catalina.connector.OutputBuffer.flush(OutputBuffer.java:266) ~[tomcat-embed-core-10.1.40.jar:10.1.40]
	at org.apache.catalina.connector.CoyoteOutputStream.flush(CoyoteOutputStream.java:133) ~[tomcat-embed-core-10.1.40.jar:10.1.40]
	at org.springframework.web.context.request.async.StandardServletAsyncWebRequest$LifecycleServletOutputStream.flush(StandardServletAsyncWebRequest.java:415) ~[spring-web-6.2.6.jar:6.2.6]
	at java.base/java.io.FilterOutputStream.flush(FilterOutputStream.java:155) ~[?:?]
	at com.fasterxml.jackson.core.json.UTF8JsonGenerator.flush(UTF8JsonGenerator.java:1205) ~[jackson-core-2.18.3.jar:2.18.3]
	at com.fasterxml.jackson.databind.ObjectWriter.writeValue(ObjectWriter.java:1063) ~[jackson-databind-2.18.3.jar:2.18.3]
	at org.springframework.http.converter.json.AbstractJackson2HttpMessageConverter.writeInternal(AbstractJackson2HttpMessageConverter.java:486) ~[spring-web-6.2.6.jar:6.2.6]
	at org.springframework.http.converter.AbstractGenericHttpMessageConverter.writeInternal(AbstractGenericHttpMessageConverter.java:135) ~[spring-web-6.2.6.jar:6.2.6]
	at org.springframework.http.converter.AbstractHttpMessageConverter.write(AbstractHttpMessageConverter.java:235) ~[spring-web-6.2.6.jar:6.2.6]
	at org.springframework.web.servlet.mvc.method.annotation.ResponseBodyEmitterReturnValueHandler$DefaultSseEmitterHandler.sendInternal(ResponseBodyEmitterReturnValueHandler.java:310) ~[spring-webmvc-6.2.6.jar:6.2.6]
	at org.springframework.web.servlet.mvc.method.annotation.ResponseBodyEmitterReturnValueHandler$DefaultSseEmitterHandler.send(ResponseBodyEmitterReturnValueHandler.java:297) ~[spring-webmvc-6.2.6.jar:6.2.6]
	at org.springframework.web.servlet.mvc.method.annotation.ResponseBodyEmitter.sendInternal(ResponseBodyEmitter.java:226) ~[spring-webmvc-6.2.6.jar:6.2.6]
	at org.springframework.web.servlet.mvc.method.annotation.ResponseBodyEmitter.send(ResponseBodyEmitter.java:217) ~[spring-webmvc-6.2.6.jar:6.2.6]
	at org.springframework.web.servlet.mvc.method.annotation.SseEmitter.send(SseEmitter.java:135) ~[spring-webmvc-6.2.6.jar:6.2.6]
	at org.springframework.web.servlet.mvc.method.annotation.SseEmitter.send(SseEmitter.java:118) ~[spring-webmvc-6.2.6.jar:6.2.6]
	at org.springframework.web.servlet.mvc.method.annotation.ReactiveTypeHandler$SseEmitterSubscriber.send(ReactiveTypeHandler.java:440) ~[spring-webmvc-6.2.6.jar:6.2.6]
	at org.springframework.web.servlet.mvc.method.annotation.ReactiveTypeHandler$AbstractEmitterSubscriber.run(ReactiveTypeHandler.java:359) ~[spring-webmvc-6.2.6.jar:6.2.6]
	at io.micrometer.context.ContextSnapshot.lambda$wrap$0(ContextSnapshot.java:91) ~[context-propagation-1.1.3.jar:1.1.3]
	at java.base/java.lang.Thread.run(Thread.java:1583) [?:?]
2026-02-14 14:21:25.905 [http-nio-8080-exec-9] ERROR com.bit.ai.robot.exception.GlobalExceptionHandler - /chat/completion request error, 
org.springframework.web.context.request.async.AsyncRequestNotUsableException: ServletOutputStream failed to flush: java.io.IOException: 你的主机中的软件中止了一个已建立的连接。
	at org.springframework.web.context.request.async.StandardServletAsyncWebRequest$LifecycleHttpServletResponse.handleIOException(StandardServletAsyncWebRequest.java:346) ~[spring-web-6.2.6.jar:6.2.6]
	at org.springframework.web.context.request.async.StandardServletAsyncWebRequest$LifecycleServletOutputStream.flush(StandardServletAsyncWebRequest.java:418) ~[spring-web-6.2.6.jar:6.2.6]
	at java.base/java.io.FilterOutputStream.flush(FilterOutputStream.java:155) ~[?:?]
	at com.fasterxml.jackson.core.json.UTF8JsonGenerator.flush(UTF8JsonGenerator.java:1205) ~[jackson-core-2.18.3.jar:2.18.3]
	at com.fasterxml.jackson.databind.ObjectWriter.writeValue(ObjectWriter.java:1063) ~[jackson-databind-2.18.3.jar:2.18.3]
	at org.springframework.http.converter.json.AbstractJackson2HttpMessageConverter.writeInternal(AbstractJackson2HttpMessageConverter.java:486) ~[spring-web-6.2.6.jar:6.2.6]
	at org.springframework.http.converter.AbstractGenericHttpMessageConverter.writeInternal(AbstractGenericHttpMessageConverter.java:135) ~[spring-web-6.2.6.jar:6.2.6]
	at org.springframework.http.converter.AbstractHttpMessageConverter.write(AbstractHttpMessageConverter.java:235) ~[spring-web-6.2.6.jar:6.2.6]
	at org.springframework.web.servlet.mvc.method.annotation.ResponseBodyEmitterReturnValueHandler$DefaultSseEmitterHandler.sendInternal(ResponseBodyEmitterReturnValueHandler.java:310) ~[spring-webmvc-6.2.6.jar:6.2.6]
	at org.springframework.web.servlet.mvc.method.annotation.ResponseBodyEmitterReturnValueHandler$DefaultSseEmitterHandler.send(ResponseBodyEmitterReturnValueHandler.java:297) ~[spring-webmvc-6.2.6.jar:6.2.6]
	at org.springframework.web.servlet.mvc.method.annotation.ResponseBodyEmitter.sendInternal(ResponseBodyEmitter.java:226) ~[spring-webmvc-6.2.6.jar:6.2.6]
	at org.springframework.web.servlet.mvc.method.annotation.ResponseBodyEmitter.send(ResponseBodyEmitter.java:217) ~[spring-webmvc-6.2.6.jar:6.2.6]
	at org.springframework.web.servlet.mvc.method.annotation.SseEmitter.send(SseEmitter.java:135) ~[spring-webmvc-6.2.6.jar:6.2.6]
	at org.springframework.web.servlet.mvc.method.annotation.SseEmitter.send(SseEmitter.java:118) ~[spring-webmvc-6.2.6.jar:6.2.6]
	at org.springframework.web.servlet.mvc.method.annotation.ReactiveTypeHandler$SseEmitterSubscriber.send(ReactiveTypeHandler.java:440) ~[spring-webmvc-6.2.6.jar:6.2.6]
	at org.springframework.web.servlet.mvc.method.annotation.ReactiveTypeHandler$AbstractEmitterSubscriber.run(ReactiveTypeHandler.java:359) ~[spring-webmvc-6.2.6.jar:6.2.6]
	at io.micrometer.context.ContextSnapshot.lambda$wrap$0(ContextSnapshot.java:91) ~[context-propagation-1.1.3.jar:1.1.3]
	at java.base/java.lang.Thread.run(Thread.java:1583) [?:?]
Caused by: org.apache.catalina.connector.ClientAbortException: java.io.IOException: 你的主机中的软件中止了一个已建立的连接。
	at org.apache.catalina.connector.OutputBuffer.doFlush(OutputBuffer.java:304) ~[tomcat-embed-core-10.1.40.jar:10.1.40]
	at org.apache.catalina.connector.OutputBuffer.flush(OutputBuffer.java:266) ~[tomcat-embed-core-10.1.40.jar:10.1.40]
	at org.apache.catalina.connector.CoyoteOutputStream.flush(CoyoteOutputStream.java:133) ~[tomcat-embed-core-10.1.40.jar:10.1.40]
	at org.springframework.web.context.request.async.StandardServletAsyncWebRequest$LifecycleServletOutputStream.flush(StandardServletAsyncWebRequest.java:415) ~[spring-web-6.2.6.jar:6.2.6]
	... 16 more
Caused by: java.io.IOException: 你的主机中的软件中止了一个已建立的连接。
	at java.base/sun.nio.ch.SocketDispatcher.write0(Native Method) ~[?:?]
	at java.base/sun.nio.ch.SocketDispatcher.write(SocketDispatcher.java:54) ~[?:?]
	at java.base/sun.nio.ch.IOUtil.writeFromNativeBuffer(IOUtil.java:137) ~[?:?]
	at java.base/sun.nio.ch.IOUtil.write(IOUtil.java:102) ~[?:?]
	at java.base/sun.nio.ch.IOUtil.write(IOUtil.java:58) ~[?:?]
	at java.base/sun.nio.ch.SocketChannelImpl.write(SocketChannelImpl.java:542) ~[?:?]
	at org.apache.tomcat.util.net.NioChannel.write(NioChannel.java:122) ~[tomcat-embed-core-10.1.40.jar:10.1.40]
	at org.apache.tomcat.util.net.NioEndpoint$NioSocketWrapper.doWrite(NioEndpoint.java:1380) ~[tomcat-embed-core-10.1.40.jar:10.1.40]
	at org.apache.tomcat.util.net.SocketWrapperBase.doWrite(SocketWrapperBase.java:764) ~[tomcat-embed-core-10.1.40.jar:10.1.40]
	at org.apache.tomcat.util.net.SocketWrapperBase.flushBlocking(SocketWrapperBase.java:728) ~[tomcat-embed-core-10.1.40.jar:10.1.40]
	at org.apache.tomcat.util.net.SocketWrapperBase.flush(SocketWrapperBase.java:712) ~[tomcat-embed-core-10.1.40.jar:10.1.40]
	at org.apache.coyote.http11.Http11OutputBuffer$SocketOutputBuffer.flush(Http11OutputBuffer.java:574) ~[tomcat-embed-core-10.1.40.jar:10.1.40]
	at org.apache.coyote.http11.filters.ChunkedOutputFilter.flush(ChunkedOutputFilter.java:156) ~[tomcat-embed-core-10.1.40.jar:10.1.40]
	at org.apache.coyote.http11.Http11OutputBuffer.flush(Http11OutputBuffer.java:216) ~[tomcat-embed-core-10.1.40.jar:10.1.40]
	at org.apache.coyote.http11.Http11Processor.flush(Http11Processor.java:1271) ~[tomcat-embed-core-10.1.40.jar:10.1.40]
	at org.apache.coyote.AbstractProcessor.action(AbstractProcessor.java:408) ~[tomcat-embed-core-10.1.40.jar:10.1.40]
	at org.apache.coyote.Response.action(Response.java:208) ~[tomcat-embed-core-10.1.40.jar:10.1.40]
	at org.apache.catalina.connector.OutputBuffer.doFlush(OutputBuffer.java:300) ~[tomcat-embed-core-10.1.40.jar:10.1.40]
	at org.apache.catalina.connector.OutputBuffer.flush(OutputBuffer.java:266) ~[tomcat-embed-core-10.1.40.jar:10.1.40]
	at org.apache.catalina.connector.CoyoteOutputStream.flush(CoyoteOutputStream.java:133) ~[tomcat-embed-core-10.1.40.jar:10.1.40]
	at org.springframework.web.context.request.async.StandardServletAsyncWebRequest$LifecycleServletOutputStream.flush(StandardServletAsyncWebRequest.java:415) ~[spring-web-6.2.6.jar:6.2.6]
	... 16 more
2026-02-14 14:21:35.137 [http-nio-8080-exec-3] ERROR com.bit.ai.robot.exception.GlobalExceptionHandler - /chat/completion request error, 
org.springframework.web.context.request.async.AsyncRequestNotUsableException: ServletOutputStream failed to flush: java.io.IOException: 你的主机中的软件中止了一个已建立的连接。
	at org.springframework.web.context.request.async.StandardServletAsyncWebRequest$LifecycleHttpServletResponse.handleIOException(StandardServletAsyncWebRequest.java:346) ~[spring-web-6.2.6.jar:6.2.6]
	at org.springframework.web.context.request.async.StandardServletAsyncWebRequest$LifecycleServletOutputStream.flush(StandardServletAsyncWebRequest.java:418) ~[spring-web-6.2.6.jar:6.2.6]
	at java.base/java.io.FilterOutputStream.flush(FilterOutputStream.java:155) ~[?:?]
	at com.fasterxml.jackson.core.json.UTF8JsonGenerator.flush(UTF8JsonGenerator.java:1205) ~[jackson-core-2.18.3.jar:2.18.3]
	at com.fasterxml.jackson.databind.ObjectWriter.writeValue(ObjectWriter.java:1063) ~[jackson-databind-2.18.3.jar:2.18.3]
	at org.springframework.http.converter.json.AbstractJackson2HttpMessageConverter.writeInternal(AbstractJackson2HttpMessageConverter.java:486) ~[spring-web-6.2.6.jar:6.2.6]
	at org.springframework.http.converter.AbstractGenericHttpMessageConverter.writeInternal(AbstractGenericHttpMessageConverter.java:135) ~[spring-web-6.2.6.jar:6.2.6]
	at org.springframework.http.converter.AbstractHttpMessageConverter.write(AbstractHttpMessageConverter.java:235) ~[spring-web-6.2.6.jar:6.2.6]
	at org.springframework.web.servlet.mvc.method.annotation.ResponseBodyEmitterReturnValueHandler$DefaultSseEmitterHandler.sendInternal(ResponseBodyEmitterReturnValueHandler.java:310) ~[spring-webmvc-6.2.6.jar:6.2.6]
	at org.springframework.web.servlet.mvc.method.annotation.ResponseBodyEmitterReturnValueHandler$DefaultSseEmitterHandler.send(ResponseBodyEmitterReturnValueHandler.java:297) ~[spring-webmvc-6.2.6.jar:6.2.6]
	at org.springframework.web.servlet.mvc.method.annotation.ResponseBodyEmitter.sendInternal(ResponseBodyEmitter.java:226) ~[spring-webmvc-6.2.6.jar:6.2.6]
	at org.springframework.web.servlet.mvc.method.annotation.ResponseBodyEmitter.send(ResponseBodyEmitter.java:217) ~[spring-webmvc-6.2.6.jar:6.2.6]
	at org.springframework.web.servlet.mvc.method.annotation.SseEmitter.send(SseEmitter.java:135) ~[spring-webmvc-6.2.6.jar:6.2.6]
	at org.springframework.web.servlet.mvc.method.annotation.SseEmitter.send(SseEmitter.java:118) ~[spring-webmvc-6.2.6.jar:6.2.6]
	at org.springframework.web.servlet.mvc.method.annotation.ReactiveTypeHandler$SseEmitterSubscriber.send(ReactiveTypeHandler.java:440) ~[spring-webmvc-6.2.6.jar:6.2.6]
	at org.springframework.web.servlet.mvc.method.annotation.ReactiveTypeHandler$AbstractEmitterSubscriber.run(ReactiveTypeHandler.java:359) ~[spring-webmvc-6.2.6.jar:6.2.6]
	at io.micrometer.context.ContextSnapshot.lambda$wrap$0(ContextSnapshot.java:91) ~[context-propagation-1.1.3.jar:1.1.3]
	at java.base/java.lang.Thread.run(Thread.java:1583) [?:?]
Caused by: org.apache.catalina.connector.ClientAbortException: java.io.IOException: 你的主机中的软件中止了一个已建立的连接。
	at org.apache.catalina.connector.OutputBuffer.doFlush(OutputBuffer.java:304) ~[tomcat-embed-core-10.1.40.jar:10.1.40]
	at org.apache.catalina.connector.OutputBuffer.flush(OutputBuffer.java:266) ~[tomcat-embed-core-10.1.40.jar:10.1.40]
	at org.apache.catalina.connector.CoyoteOutputStream.flush(CoyoteOutputStream.java:133) ~[tomcat-embed-core-10.1.40.jar:10.1.40]
	at org.springframework.web.context.request.async.StandardServletAsyncWebRequest$LifecycleServletOutputStream.flush(StandardServletAsyncWebRequest.java:415) ~[spring-web-6.2.6.jar:6.2.6]
	... 16 more
Caused by: java.io.IOException: 你的主机中的软件中止了一个已建立的连接。
	at java.base/sun.nio.ch.SocketDispatcher.write0(Native Method) ~[?:?]
	at java.base/sun.nio.ch.SocketDispatcher.write(SocketDispatcher.java:54) ~[?:?]
	at java.base/sun.nio.ch.IOUtil.writeFromNativeBuffer(IOUtil.java:137) ~[?:?]
	at java.base/sun.nio.ch.IOUtil.write(IOUtil.java:102) ~[?:?]
	at java.base/sun.nio.ch.IOUtil.write(IOUtil.java:58) ~[?:?]
	at java.base/sun.nio.ch.SocketChannelImpl.write(SocketChannelImpl.java:542) ~[?:?]
	at org.apache.tomcat.util.net.NioChannel.write(NioChannel.java:122) ~[tomcat-embed-core-10.1.40.jar:10.1.40]
	at org.apache.tomcat.util.net.NioEndpoint$NioSocketWrapper.doWrite(NioEndpoint.java:1380) ~[tomcat-embed-core-10.1.40.jar:10.1.40]
	at org.apache.tomcat.util.net.SocketWrapperBase.doWrite(SocketWrapperBase.java:764) ~[tomcat-embed-core-10.1.40.jar:10.1.40]
	at org.apache.tomcat.util.net.SocketWrapperBase.flushBlocking(SocketWrapperBase.java:728) ~[tomcat-embed-core-10.1.40.jar:10.1.40]
	at org.apache.tomcat.util.net.SocketWrapperBase.flush(SocketWrapperBase.java:712) ~[tomcat-embed-core-10.1.40.jar:10.1.40]
	at org.apache.coyote.http11.Http11OutputBuffer$SocketOutputBuffer.flush(Http11OutputBuffer.java:574) ~[tomcat-embed-core-10.1.40.jar:10.1.40]
	at org.apache.coyote.http11.filters.ChunkedOutputFilter.flush(ChunkedOutputFilter.java:156) ~[tomcat-embed-core-10.1.40.jar:10.1.40]
	at org.apache.coyote.http11.Http11OutputBuffer.flush(Http11OutputBuffer.java:216) ~[tomcat-embed-core-10.1.40.jar:10.1.40]
	at org.apache.coyote.http11.Http11Processor.flush(Http11Processor.java:1271) ~[tomcat-embed-core-10.1.40.jar:10.1.40]
	at org.apache.coyote.AbstractProcessor.action(AbstractProcessor.java:408) ~[tomcat-embed-core-10.1.40.jar:10.1.40]
	at org.apache.coyote.Response.action(Response.java:208) ~[tomcat-embed-core-10.1.40.jar:10.1.40]
	at org.apache.catalina.connector.OutputBuffer.doFlush(OutputBuffer.java:300) ~[tomcat-embed-core-10.1.40.jar:10.1.40]
	at org.apache.catalina.connector.OutputBuffer.flush(OutputBuffer.java:266) ~[tomcat-embed-core-10.1.40.jar:10.1.40]
	at org.apache.catalina.connector.CoyoteOutputStream.flush(CoyoteOutputStream.java:133) ~[tomcat-embed-core-10.1.40.jar:10.1.40]
	at org.springframework.web.context.request.async.StandardServletAsyncWebRequest$LifecycleServletOutputStream.flush(StandardServletAsyncWebRequest.java:415) ~[spring-web-6.2.6.jar:6.2.6]
	... 16 more
2026-02-14 14:21:40.464 [http-nio-8080-exec-1] ERROR com.bit.ai.robot.exception.GlobalExceptionHandler - /chat/completion request error, 
org.springframework.web.context.request.async.AsyncRequestNotUsableException: ServletOutputStream failed to flush: java.io.IOException: 你的主机中的软件中止了一个已建立的连接。
	at org.springframework.web.context.request.async.StandardServletAsyncWebRequest$LifecycleHttpServletResponse.handleIOException(StandardServletAsyncWebRequest.java:346) ~[spring-web-6.2.6.jar:6.2.6]
	at org.springframework.web.context.request.async.StandardServletAsyncWebRequest$LifecycleServletOutputStream.flush(StandardServletAsyncWebRequest.java:418) ~[spring-web-6.2.6.jar:6.2.6]
	at java.base/java.io.FilterOutputStream.flush(FilterOutputStream.java:155) ~[?:?]
	at com.fasterxml.jackson.core.json.UTF8JsonGenerator.flush(UTF8JsonGenerator.java:1205) ~[jackson-core-2.18.3.jar:2.18.3]
	at com.fasterxml.jackson.databind.ObjectWriter.writeValue(ObjectWriter.java:1063) ~[jackson-databind-2.18.3.jar:2.18.3]
	at org.springframework.http.converter.json.AbstractJackson2HttpMessageConverter.writeInternal(AbstractJackson2HttpMessageConverter.java:486) ~[spring-web-6.2.6.jar:6.2.6]
	at org.springframework.http.converter.AbstractGenericHttpMessageConverter.writeInternal(AbstractGenericHttpMessageConverter.java:135) ~[spring-web-6.2.6.jar:6.2.6]
	at org.springframework.http.converter.AbstractHttpMessageConverter.write(AbstractHttpMessageConverter.java:235) ~[spring-web-6.2.6.jar:6.2.6]
	at org.springframework.web.servlet.mvc.method.annotation.ResponseBodyEmitterReturnValueHandler$DefaultSseEmitterHandler.sendInternal(ResponseBodyEmitterReturnValueHandler.java:310) ~[spring-webmvc-6.2.6.jar:6.2.6]
	at org.springframework.web.servlet.mvc.method.annotation.ResponseBodyEmitterReturnValueHandler$DefaultSseEmitterHandler.send(ResponseBodyEmitterReturnValueHandler.java:297) ~[spring-webmvc-6.2.6.jar:6.2.6]
	at org.springframework.web.servlet.mvc.method.annotation.ResponseBodyEmitter.sendInternal(ResponseBodyEmitter.java:226) ~[spring-webmvc-6.2.6.jar:6.2.6]
	at org.springframework.web.servlet.mvc.method.annotation.ResponseBodyEmitter.send(ResponseBodyEmitter.java:217) ~[spring-webmvc-6.2.6.jar:6.2.6]
	at org.springframework.web.servlet.mvc.method.annotation.SseEmitter.send(SseEmitter.java:135) ~[spring-webmvc-6.2.6.jar:6.2.6]
	at org.springframework.web.servlet.mvc.method.annotation.SseEmitter.send(SseEmitter.java:118) ~[spring-webmvc-6.2.6.jar:6.2.6]
	at org.springframework.web.servlet.mvc.method.annotation.ReactiveTypeHandler$SseEmitterSubscriber.send(ReactiveTypeHandler.java:440) ~[spring-webmvc-6.2.6.jar:6.2.6]
	at org.springframework.web.servlet.mvc.method.annotation.ReactiveTypeHandler$AbstractEmitterSubscriber.run(ReactiveTypeHandler.java:359) ~[spring-webmvc-6.2.6.jar:6.2.6]
	at io.micrometer.context.ContextSnapshot.lambda$wrap$0(ContextSnapshot.java:91) ~[context-propagation-1.1.3.jar:1.1.3]
	at java.base/java.lang.Thread.run(Thread.java:1583) [?:?]
Caused by: org.apache.catalina.connector.ClientAbortException: java.io.IOException: 你的主机中的软件中止了一个已建立的连接。
	at org.apache.catalina.connector.OutputBuffer.doFlush(OutputBuffer.java:304) ~[tomcat-embed-core-10.1.40.jar:10.1.40]
	at org.apache.catalina.connector.OutputBuffer.flush(OutputBuffer.java:266) ~[tomcat-embed-core-10.1.40.jar:10.1.40]
	at org.apache.catalina.connector.CoyoteOutputStream.flush(CoyoteOutputStream.java:133) ~[tomcat-embed-core-10.1.40.jar:10.1.40]
	at org.springframework.web.context.request.async.StandardServletAsyncWebRequest$LifecycleServletOutputStream.flush(StandardServletAsyncWebRequest.java:415) ~[spring-web-6.2.6.jar:6.2.6]
	... 16 more
Caused by: java.io.IOException: 你的主机中的软件中止了一个已建立的连接。
	at java.base/sun.nio.ch.SocketDispatcher.write0(Native Method) ~[?:?]
	at java.base/sun.nio.ch.SocketDispatcher.write(SocketDispatcher.java:54) ~[?:?]
	at java.base/sun.nio.ch.IOUtil.writeFromNativeBuffer(IOUtil.java:137) ~[?:?]
	at java.base/sun.nio.ch.IOUtil.write(IOUtil.java:102) ~[?:?]
	at java.base/sun.nio.ch.IOUtil.write(IOUtil.java:58) ~[?:?]
	at java.base/sun.nio.ch.SocketChannelImpl.write(SocketChannelImpl.java:542) ~[?:?]
	at org.apache.tomcat.util.net.NioChannel.write(NioChannel.java:122) ~[tomcat-embed-core-10.1.40.jar:10.1.40]
	at org.apache.tomcat.util.net.NioEndpoint$NioSocketWrapper.doWrite(NioEndpoint.java:1380) ~[tomcat-embed-core-10.1.40.jar:10.1.40]
	at org.apache.tomcat.util.net.SocketWrapperBase.doWrite(SocketWrapperBase.java:764) ~[tomcat-embed-core-10.1.40.jar:10.1.40]
	at org.apache.tomcat.util.net.SocketWrapperBase.flushBlocking(SocketWrapperBase.java:728) ~[tomcat-embed-core-10.1.40.jar:10.1.40]
	at org.apache.tomcat.util.net.SocketWrapperBase.flush(SocketWrapperBase.java:712) ~[tomcat-embed-core-10.1.40.jar:10.1.40]
	at org.apache.coyote.http11.Http11OutputBuffer$SocketOutputBuffer.flush(Http11OutputBuffer.java:574) ~[tomcat-embed-core-10.1.40.jar:10.1.40]
	at org.apache.coyote.http11.filters.ChunkedOutputFilter.flush(ChunkedOutputFilter.java:156) ~[tomcat-embed-core-10.1.40.jar:10.1.40]
	at org.apache.coyote.http11.Http11OutputBuffer.flush(Http11OutputBuffer.java:216) ~[tomcat-embed-core-10.1.40.jar:10.1.40]
	at org.apache.coyote.http11.Http11Processor.flush(Http11Processor.java:1271) ~[tomcat-embed-core-10.1.40.jar:10.1.40]
	at org.apache.coyote.AbstractProcessor.action(AbstractProcessor.java:408) ~[tomcat-embed-core-10.1.40.jar:10.1.40]
	at org.apache.coyote.Response.action(Response.java:208) ~[tomcat-embed-core-10.1.40.jar:10.1.40]
	at org.apache.catalina.connector.OutputBuffer.doFlush(OutputBuffer.java:300) ~[tomcat-embed-core-10.1.40.jar:10.1.40]
	at org.apache.catalina.connector.OutputBuffer.flush(OutputBuffer.java:266) ~[tomcat-embed-core-10.1.40.jar:10.1.40]
	at org.apache.catalina.connector.CoyoteOutputStream.flush(CoyoteOutputStream.java:133) ~[tomcat-embed-core-10.1.40.jar:10.1.40]
	at org.springframework.web.context.request.async.StandardServletAsyncWebRequest$LifecycleServletOutputStream.flush(StandardServletAsyncWebRequest.java:415) ~[spring-web-6.2.6.jar:6.2.6]
	... 16 more
2026-02-14 14:22:20.830 [http-nio-8080-exec-2] ERROR com.bit.ai.robot.exception.GlobalExceptionHandler - /chat/completion request error, 
org.springframework.web.context.request.async.AsyncRequestNotUsableException: ServletOutputStream failed to flush: java.io.IOException: 你的主机中的软件中止了一个已建立的连接。
	at org.springframework.web.context.request.async.StandardServletAsyncWebRequest$LifecycleHttpServletResponse.handleIOException(StandardServletAsyncWebRequest.java:346) ~[spring-web-6.2.6.jar:6.2.6]
	at org.springframework.web.context.request.async.StandardServletAsyncWebRequest$LifecycleServletOutputStream.flush(StandardServletAsyncWebRequest.java:418) ~[spring-web-6.2.6.jar:6.2.6]
	at java.base/java.io.FilterOutputStream.flush(FilterOutputStream.java:155) ~[?:?]
	at com.fasterxml.jackson.core.json.UTF8JsonGenerator.flush(UTF8JsonGenerator.java:1205) ~[jackson-core-2.18.3.jar:2.18.3]
	at com.fasterxml.jackson.databind.ObjectWriter.writeValue(ObjectWriter.java:1063) ~[jackson-databind-2.18.3.jar:2.18.3]
	at org.springframework.http.converter.json.AbstractJackson2HttpMessageConverter.writeInternal(AbstractJackson2HttpMessageConverter.java:486) ~[spring-web-6.2.6.jar:6.2.6]
	at org.springframework.http.converter.AbstractGenericHttpMessageConverter.writeInternal(AbstractGenericHttpMessageConverter.java:135) ~[spring-web-6.2.6.jar:6.2.6]
	at org.springframework.http.converter.AbstractHttpMessageConverter.write(AbstractHttpMessageConverter.java:235) ~[spring-web-6.2.6.jar:6.2.6]
	at org.springframework.web.servlet.mvc.method.annotation.ResponseBodyEmitterReturnValueHandler$DefaultSseEmitterHandler.sendInternal(ResponseBodyEmitterReturnValueHandler.java:310) ~[spring-webmvc-6.2.6.jar:6.2.6]
	at org.springframework.web.servlet.mvc.method.annotation.ResponseBodyEmitterReturnValueHandler$DefaultSseEmitterHandler.send(ResponseBodyEmitterReturnValueHandler.java:297) ~[spring-webmvc-6.2.6.jar:6.2.6]
	at org.springframework.web.servlet.mvc.method.annotation.ResponseBodyEmitter.sendInternal(ResponseBodyEmitter.java:226) ~[spring-webmvc-6.2.6.jar:6.2.6]
	at org.springframework.web.servlet.mvc.method.annotation.ResponseBodyEmitter.send(ResponseBodyEmitter.java:217) ~[spring-webmvc-6.2.6.jar:6.2.6]
	at org.springframework.web.servlet.mvc.method.annotation.SseEmitter.send(SseEmitter.java:135) ~[spring-webmvc-6.2.6.jar:6.2.6]
	at org.springframework.web.servlet.mvc.method.annotation.SseEmitter.send(SseEmitter.java:118) ~[spring-webmvc-6.2.6.jar:6.2.6]
	at org.springframework.web.servlet.mvc.method.annotation.ReactiveTypeHandler$SseEmitterSubscriber.send(ReactiveTypeHandler.java:440) ~[spring-webmvc-6.2.6.jar:6.2.6]
	at org.springframework.web.servlet.mvc.method.annotation.ReactiveTypeHandler$AbstractEmitterSubscriber.run(ReactiveTypeHandler.java:359) ~[spring-webmvc-6.2.6.jar:6.2.6]
	at io.micrometer.context.ContextSnapshot.lambda$wrap$0(ContextSnapshot.java:91) ~[context-propagation-1.1.3.jar:1.1.3]
	at java.base/java.lang.Thread.run(Thread.java:1583) [?:?]
Caused by: org.apache.catalina.connector.ClientAbortException: java.io.IOException: 你的主机中的软件中止了一个已建立的连接。
	at org.apache.catalina.connector.OutputBuffer.doFlush(OutputBuffer.java:304) ~[tomcat-embed-core-10.1.40.jar:10.1.40]
	at org.apache.catalina.connector.OutputBuffer.flush(OutputBuffer.java:266) ~[tomcat-embed-core-10.1.40.jar:10.1.40]
	at org.apache.catalina.connector.CoyoteOutputStream.flush(CoyoteOutputStream.java:133) ~[tomcat-embed-core-10.1.40.jar:10.1.40]
	at org.springframework.web.context.request.async.StandardServletAsyncWebRequest$LifecycleServletOutputStream.flush(StandardServletAsyncWebRequest.java:415) ~[spring-web-6.2.6.jar:6.2.6]
	... 16 more
Caused by: java.io.IOException: 你的主机中的软件中止了一个已建立的连接。
	at java.base/sun.nio.ch.SocketDispatcher.write0(Native Method) ~[?:?]
	at java.base/sun.nio.ch.SocketDispatcher.write(SocketDispatcher.java:54) ~[?:?]
	at java.base/sun.nio.ch.IOUtil.writeFromNativeBuffer(IOUtil.java:137) ~[?:?]
	at java.base/sun.nio.ch.IOUtil.write(IOUtil.java:102) ~[?:?]
	at java.base/sun.nio.ch.IOUtil.write(IOUtil.java:58) ~[?:?]
	at java.base/sun.nio.ch.SocketChannelImpl.write(SocketChannelImpl.java:542) ~[?:?]
	at org.apache.tomcat.util.net.NioChannel.write(NioChannel.java:122) ~[tomcat-embed-core-10.1.40.jar:10.1.40]
	at org.apache.tomcat.util.net.NioEndpoint$NioSocketWrapper.doWrite(NioEndpoint.java:1380) ~[tomcat-embed-core-10.1.40.jar:10.1.40]
	at org.apache.tomcat.util.net.SocketWrapperBase.doWrite(SocketWrapperBase.java:764) ~[tomcat-embed-core-10.1.40.jar:10.1.40]
	at org.apache.tomcat.util.net.SocketWrapperBase.flushBlocking(SocketWrapperBase.java:728) ~[tomcat-embed-core-10.1.40.jar:10.1.40]
	at org.apache.tomcat.util.net.SocketWrapperBase.flush(SocketWrapperBase.java:712) ~[tomcat-embed-core-10.1.40.jar:10.1.40]
	at org.apache.coyote.http11.Http11OutputBuffer$SocketOutputBuffer.flush(Http11OutputBuffer.java:574) ~[tomcat-embed-core-10.1.40.jar:10.1.40]
	at org.apache.coyote.http11.filters.ChunkedOutputFilter.flush(ChunkedOutputFilter.java:156) ~[tomcat-embed-core-10.1.40.jar:10.1.40]
	at org.apache.coyote.http11.Http11OutputBuffer.flush(Http11OutputBuffer.java:216) ~[tomcat-embed-core-10.1.40.jar:10.1.40]
	at org.apache.coyote.http11.Http11Processor.flush(Http11Processor.java:1271) ~[tomcat-embed-core-10.1.40.jar:10.1.40]
	at org.apache.coyote.AbstractProcessor.action(AbstractProcessor.java:408) ~[tomcat-embed-core-10.1.40.jar:10.1.40]
	at org.apache.coyote.Response.action(Response.java:208) ~[tomcat-embed-core-10.1.40.jar:10.1.40]
	at org.apache.catalina.connector.OutputBuffer.doFlush(OutputBuffer.java:300) ~[tomcat-embed-core-10.1.40.jar:10.1.40]
	at org.apache.catalina.connector.OutputBuffer.flush(OutputBuffer.java:266) ~[tomcat-embed-core-10.1.40.jar:10.1.40]
	at org.apache.catalina.connector.CoyoteOutputStream.flush(CoyoteOutputStream.java:133) ~[tomcat-embed-core-10.1.40.jar:10.1.40]
	at org.springframework.web.context.request.async.StandardServletAsyncWebRequest$LifecycleServletOutputStream.flush(StandardServletAsyncWebRequest.java:415) ~[spring-web-6.2.6.jar:6.2.6]
	... 16 more
2026-02-14 14:22:54.296 [http-nio-8080-exec-9] ERROR com.bit.ai.robot.exception.GlobalExceptionHandler - /chat/completion request error, 
org.springframework.web.context.request.async.AsyncRequestNotUsableException: ServletOutputStream failed to flush: java.io.IOException: 你的主机中的软件中止了一个已建立的连接。
	at org.springframework.web.context.request.async.StandardServletAsyncWebRequest$LifecycleHttpServletResponse.handleIOException(StandardServletAsyncWebRequest.java:346) ~[spring-web-6.2.6.jar:6.2.6]
	at org.springframework.web.context.request.async.StandardServletAsyncWebRequest$LifecycleServletOutputStream.flush(StandardServletAsyncWebRequest.java:418) ~[spring-web-6.2.6.jar:6.2.6]
	at java.base/java.io.FilterOutputStream.flush(FilterOutputStream.java:155) ~[?:?]
	at com.fasterxml.jackson.core.json.UTF8JsonGenerator.flush(UTF8JsonGenerator.java:1205) ~[jackson-core-2.18.3.jar:2.18.3]
	at com.fasterxml.jackson.databind.ObjectWriter.writeValue(ObjectWriter.java:1063) ~[jackson-databind-2.18.3.jar:2.18.3]
	at org.springframework.http.converter.json.AbstractJackson2HttpMessageConverter.writeInternal(AbstractJackson2HttpMessageConverter.java:486) ~[spring-web-6.2.6.jar:6.2.6]
	at org.springframework.http.converter.AbstractGenericHttpMessageConverter.writeInternal(AbstractGenericHttpMessageConverter.java:135) ~[spring-web-6.2.6.jar:6.2.6]
	at org.springframework.http.converter.AbstractHttpMessageConverter.write(AbstractHttpMessageConverter.java:235) ~[spring-web-6.2.6.jar:6.2.6]
	at org.springframework.web.servlet.mvc.method.annotation.ResponseBodyEmitterReturnValueHandler$DefaultSseEmitterHandler.sendInternal(ResponseBodyEmitterReturnValueHandler.java:310) ~[spring-webmvc-6.2.6.jar:6.2.6]
	at org.springframework.web.servlet.mvc.method.annotation.ResponseBodyEmitterReturnValueHandler$DefaultSseEmitterHandler.send(ResponseBodyEmitterReturnValueHandler.java:297) ~[spring-webmvc-6.2.6.jar:6.2.6]
	at org.springframework.web.servlet.mvc.method.annotation.ResponseBodyEmitter.sendInternal(ResponseBodyEmitter.java:226) ~[spring-webmvc-6.2.6.jar:6.2.6]
	at org.springframework.web.servlet.mvc.method.annotation.ResponseBodyEmitter.send(ResponseBodyEmitter.java:217) ~[spring-webmvc-6.2.6.jar:6.2.6]
	at org.springframework.web.servlet.mvc.method.annotation.SseEmitter.send(SseEmitter.java:135) ~[spring-webmvc-6.2.6.jar:6.2.6]
	at org.springframework.web.servlet.mvc.method.annotation.SseEmitter.send(SseEmitter.java:118) ~[spring-webmvc-6.2.6.jar:6.2.6]
	at org.springframework.web.servlet.mvc.method.annotation.ReactiveTypeHandler$SseEmitterSubscriber.send(ReactiveTypeHandler.java:440) ~[spring-webmvc-6.2.6.jar:6.2.6]
	at org.springframework.web.servlet.mvc.method.annotation.ReactiveTypeHandler$AbstractEmitterSubscriber.run(ReactiveTypeHandler.java:359) ~[spring-webmvc-6.2.6.jar:6.2.6]
	at io.micrometer.context.ContextSnapshot.lambda$wrap$0(ContextSnapshot.java:91) ~[context-propagation-1.1.3.jar:1.1.3]
	at java.base/java.lang.Thread.run(Thread.java:1583) [?:?]
Caused by: org.apache.catalina.connector.ClientAbortException: java.io.IOException: 你的主机中的软件中止了一个已建立的连接。
	at org.apache.catalina.connector.OutputBuffer.doFlush(OutputBuffer.java:304) ~[tomcat-embed-core-10.1.40.jar:10.1.40]
	at org.apache.catalina.connector.OutputBuffer.flush(OutputBuffer.java:266) ~[tomcat-embed-core-10.1.40.jar:10.1.40]
	at org.apache.catalina.connector.CoyoteOutputStream.flush(CoyoteOutputStream.java:133) ~[tomcat-embed-core-10.1.40.jar:10.1.40]
	at org.springframework.web.context.request.async.StandardServletAsyncWebRequest$LifecycleServletOutputStream.flush(StandardServletAsyncWebRequest.java:415) ~[spring-web-6.2.6.jar:6.2.6]
	... 16 more
Caused by: java.io.IOException: 你的主机中的软件中止了一个已建立的连接。
	at java.base/sun.nio.ch.SocketDispatcher.write0(Native Method) ~[?:?]
	at java.base/sun.nio.ch.SocketDispatcher.write(SocketDispatcher.java:54) ~[?:?]
	at java.base/sun.nio.ch.IOUtil.writeFromNativeBuffer(IOUtil.java:137) ~[?:?]
	at java.base/sun.nio.ch.IOUtil.write(IOUtil.java:102) ~[?:?]
	at java.base/sun.nio.ch.IOUtil.write(IOUtil.java:58) ~[?:?]
	at java.base/sun.nio.ch.SocketChannelImpl.write(SocketChannelImpl.java:542) ~[?:?]
	at org.apache.tomcat.util.net.NioChannel.write(NioChannel.java:122) ~[tomcat-embed-core-10.1.40.jar:10.1.40]
	at org.apache.tomcat.util.net.NioEndpoint$NioSocketWrapper.doWrite(NioEndpoint.java:1380) ~[tomcat-embed-core-10.1.40.jar:10.1.40]
	at org.apache.tomcat.util.net.SocketWrapperBase.doWrite(SocketWrapperBase.java:764) ~[tomcat-embed-core-10.1.40.jar:10.1.40]
	at org.apache.tomcat.util.net.SocketWrapperBase.flushBlocking(SocketWrapperBase.java:728) ~[tomcat-embed-core-10.1.40.jar:10.1.40]
	at org.apache.tomcat.util.net.SocketWrapperBase.flush(SocketWrapperBase.java:712) ~[tomcat-embed-core-10.1.40.jar:10.1.40]
	at org.apache.coyote.http11.Http11OutputBuffer$SocketOutputBuffer.flush(Http11OutputBuffer.java:574) ~[tomcat-embed-core-10.1.40.jar:10.1.40]
	at org.apache.coyote.http11.filters.ChunkedOutputFilter.flush(ChunkedOutputFilter.java:156) ~[tomcat-embed-core-10.1.40.jar:10.1.40]
	at org.apache.coyote.http11.Http11OutputBuffer.flush(Http11OutputBuffer.java:216) ~[tomcat-embed-core-10.1.40.jar:10.1.40]
	at org.apache.coyote.http11.Http11Processor.flush(Http11Processor.java:1271) ~[tomcat-embed-core-10.1.40.jar:10.1.40]
	at org.apache.coyote.AbstractProcessor.action(AbstractProcessor.java:408) ~[tomcat-embed-core-10.1.40.jar:10.1.40]
	at org.apache.coyote.Response.action(Response.java:208) ~[tomcat-embed-core-10.1.40.jar:10.1.40]
	at org.apache.catalina.connector.OutputBuffer.doFlush(OutputBuffer.java:300) ~[tomcat-embed-core-10.1.40.jar:10.1.40]
	at org.apache.catalina.connector.OutputBuffer.flush(OutputBuffer.java:266) ~[tomcat-embed-core-10.1.40.jar:10.1.40]
	at org.apache.catalina.connector.CoyoteOutputStream.flush(CoyoteOutputStream.java:133) ~[tomcat-embed-core-10.1.40.jar:10.1.40]
	at org.springframework.web.context.request.async.StandardServletAsyncWebRequest$LifecycleServletOutputStream.flush(StandardServletAsyncWebRequest.java:415) ~[spring-web-6.2.6.jar:6.2.6]
	... 16 more
2026-02-14 14:23:18.780 [http-nio-8080-exec-10] ERROR com.bit.ai.robot.exception.GlobalExceptionHandler - /chat/completion request error, 
java.io.IOException: 你的主机中的软件中止了一个已建立的连接。
	at java.base/sun.nio.ch.SocketDispatcher.write0(Native Method) ~[?:?]
	at java.base/sun.nio.ch.SocketDispatcher.write(SocketDispatcher.java:54) ~[?:?]
	at java.base/sun.nio.ch.IOUtil.writeFromNativeBuffer(IOUtil.java:137) ~[?:?]
	at java.base/sun.nio.ch.IOUtil.write(IOUtil.java:102) ~[?:?]
	at java.base/sun.nio.ch.IOUtil.write(IOUtil.java:58) ~[?:?]
	at java.base/sun.nio.ch.SocketChannelImpl.write(SocketChannelImpl.java:542) ~[?:?]
	at org.apache.tomcat.util.net.NioChannel.write(NioChannel.java:122) ~[tomcat-embed-core-10.1.40.jar:10.1.40]
	at org.apache.tomcat.util.net.NioEndpoint$NioSocketWrapper.doWrite(NioEndpoint.java:1380) ~[tomcat-embed-core-10.1.40.jar:10.1.40]
	at org.apache.tomcat.util.net.SocketWrapperBase.doWrite(SocketWrapperBase.java:764) ~[tomcat-embed-core-10.1.40.jar:10.1.40]
	at org.apache.tomcat.util.net.SocketWrapperBase.flushBlocking(SocketWrapperBase.java:728) ~[tomcat-embed-core-10.1.40.jar:10.1.40]
	at org.apache.tomcat.util.net.SocketWrapperBase.flush(SocketWrapperBase.java:712) ~[tomcat-embed-core-10.1.40.jar:10.1.40]
	at org.apache.coyote.http11.Http11OutputBuffer$SocketOutputBuffer.flush(Http11OutputBuffer.java:574) ~[tomcat-embed-core-10.1.40.jar:10.1.40]
	at org.apache.coyote.http11.filters.ChunkedOutputFilter.flush(ChunkedOutputFilter.java:156) ~[tomcat-embed-core-10.1.40.jar:10.1.40]
	at org.apache.coyote.http11.Http11OutputBuffer.flush(Http11OutputBuffer.java:216) ~[tomcat-embed-core-10.1.40.jar:10.1.40]
	at org.apache.coyote.http11.Http11Processor.flush(Http11Processor.java:1271) ~[tomcat-embed-core-10.1.40.jar:10.1.40]
	at org.apache.coyote.AbstractProcessor.action(AbstractProcessor.java:408) ~[tomcat-embed-core-10.1.40.jar:10.1.40]
	at org.apache.coyote.Response.action(Response.java:208) ~[tomcat-embed-core-10.1.40.jar:10.1.40]
	at org.apache.catalina.connector.OutputBuffer.doFlush(OutputBuffer.java:300) ~[tomcat-embed-core-10.1.40.jar:10.1.40]
	at org.apache.catalina.connector.OutputBuffer.flush(OutputBuffer.java:266) ~[tomcat-embed-core-10.1.40.jar:10.1.40]
	at org.apache.catalina.connector.CoyoteOutputStream.flush(CoyoteOutputStream.java:133) ~[tomcat-embed-core-10.1.40.jar:10.1.40]
	at org.springframework.web.context.request.async.StandardServletAsyncWebRequest$LifecycleServletOutputStream.flush(StandardServletAsyncWebRequest.java:415) ~[spring-web-6.2.6.jar:6.2.6]
	at java.base/java.io.FilterOutputStream.flush(FilterOutputStream.java:155) ~[?:?]
	at com.fasterxml.jackson.core.json.UTF8JsonGenerator.flush(UTF8JsonGenerator.java:1205) ~[jackson-core-2.18.3.jar:2.18.3]
	at com.fasterxml.jackson.databind.ObjectWriter.writeValue(ObjectWriter.java:1063) ~[jackson-databind-2.18.3.jar:2.18.3]
	at org.springframework.http.converter.json.AbstractJackson2HttpMessageConverter.writeInternal(AbstractJackson2HttpMessageConverter.java:486) ~[spring-web-6.2.6.jar:6.2.6]
	at org.springframework.http.converter.AbstractGenericHttpMessageConverter.writeInternal(AbstractGenericHttpMessageConverter.java:135) ~[spring-web-6.2.6.jar:6.2.6]
	at org.springframework.http.converter.AbstractHttpMessageConverter.write(AbstractHttpMessageConverter.java:235) ~[spring-web-6.2.6.jar:6.2.6]
	at org.springframework.web.servlet.mvc.method.annotation.ResponseBodyEmitterReturnValueHandler$DefaultSseEmitterHandler.sendInternal(ResponseBodyEmitterReturnValueHandler.java:310) ~[spring-webmvc-6.2.6.jar:6.2.6]
	at org.springframework.web.servlet.mvc.method.annotation.ResponseBodyEmitterReturnValueHandler$DefaultSseEmitterHandler.send(ResponseBodyEmitterReturnValueHandler.java:297) ~[spring-webmvc-6.2.6.jar:6.2.6]
	at org.springframework.web.servlet.mvc.method.annotation.ResponseBodyEmitter.sendInternal(ResponseBodyEmitter.java:226) ~[spring-webmvc-6.2.6.jar:6.2.6]
	at org.springframework.web.servlet.mvc.method.annotation.ResponseBodyEmitter.send(ResponseBodyEmitter.java:217) ~[spring-webmvc-6.2.6.jar:6.2.6]
	at org.springframework.web.servlet.mvc.method.annotation.SseEmitter.send(SseEmitter.java:135) ~[spring-webmvc-6.2.6.jar:6.2.6]
	at org.springframework.web.servlet.mvc.method.annotation.SseEmitter.send(SseEmitter.java:118) ~[spring-webmvc-6.2.6.jar:6.2.6]
	at org.springframework.web.servlet.mvc.method.annotation.ReactiveTypeHandler$SseEmitterSubscriber.send(ReactiveTypeHandler.java:440) ~[spring-webmvc-6.2.6.jar:6.2.6]
	at org.springframework.web.servlet.mvc.method.annotation.ReactiveTypeHandler$AbstractEmitterSubscriber.run(ReactiveTypeHandler.java:359) ~[spring-webmvc-6.2.6.jar:6.2.6]
	at io.micrometer.context.ContextSnapshot.lambda$wrap$0(ContextSnapshot.java:91) ~[context-propagation-1.1.3.jar:1.1.3]
	at java.base/java.lang.Thread.run(Thread.java:1583) [?:?]
2026-02-14 14:23:18.781 [http-nio-8080-exec-10] ERROR org.apache.catalina.core.ContainerBase.[Tomcat].[localhost].[/].[dispatcherServlet] - Servlet.service() for servlet [dispatcherServlet] threw exception
java.io.IOException: 你的主机中的软件中止了一个已建立的连接。
	at java.base/sun.nio.ch.SocketDispatcher.write0(Native Method) ~[?:?]
	at java.base/sun.nio.ch.SocketDispatcher.write(SocketDispatcher.java:54) ~[?:?]
	at java.base/sun.nio.ch.IOUtil.writeFromNativeBuffer(IOUtil.java:137) ~[?:?]
	at java.base/sun.nio.ch.IOUtil.write(IOUtil.java:102) ~[?:?]
	at java.base/sun.nio.ch.IOUtil.write(IOUtil.java:58) ~[?:?]
	at java.base/sun.nio.ch.SocketChannelImpl.write(SocketChannelImpl.java:542) ~[?:?]
	at org.apache.tomcat.util.net.NioChannel.write(NioChannel.java:122) ~[tomcat-embed-core-10.1.40.jar:10.1.40]
	at org.apache.tomcat.util.net.NioEndpoint$NioSocketWrapper.doWrite(NioEndpoint.java:1380) ~[tomcat-embed-core-10.1.40.jar:10.1.40]
	at org.apache.tomcat.util.net.SocketWrapperBase.doWrite(SocketWrapperBase.java:764) ~[tomcat-embed-core-10.1.40.jar:10.1.40]
	at org.apache.tomcat.util.net.SocketWrapperBase.flushBlocking(SocketWrapperBase.java:728) ~[tomcat-embed-core-10.1.40.jar:10.1.40]
	at org.apache.tomcat.util.net.SocketWrapperBase.flush(SocketWrapperBase.java:712) ~[tomcat-embed-core-10.1.40.jar:10.1.40]
	at org.apache.coyote.http11.Http11OutputBuffer$SocketOutputBuffer.flush(Http11OutputBuffer.java:574) ~[tomcat-embed-core-10.1.40.jar:10.1.40]
	at org.apache.coyote.http11.filters.ChunkedOutputFilter.flush(ChunkedOutputFilter.java:156) ~[tomcat-embed-core-10.1.40.jar:10.1.40]
	at org.apache.coyote.http11.Http11OutputBuffer.flush(Http11OutputBuffer.java:216) ~[tomcat-embed-core-10.1.40.jar:10.1.40]
	at org.apache.coyote.http11.Http11Processor.flush(Http11Processor.java:1271) ~[tomcat-embed-core-10.1.40.jar:10.1.40]
	at org.apache.coyote.AbstractProcessor.action(AbstractProcessor.java:408) ~[tomcat-embed-core-10.1.40.jar:10.1.40]
	at org.apache.coyote.Response.action(Response.java:208) ~[tomcat-embed-core-10.1.40.jar:10.1.40]
	at org.apache.catalina.connector.OutputBuffer.doFlush(OutputBuffer.java:300) ~[tomcat-embed-core-10.1.40.jar:10.1.40]
	at org.apache.catalina.connector.OutputBuffer.flush(OutputBuffer.java:266) ~[tomcat-embed-core-10.1.40.jar:10.1.40]
	at org.apache.catalina.connector.CoyoteOutputStream.flush(CoyoteOutputStream.java:133) ~[tomcat-embed-core-10.1.40.jar:10.1.40]
	at org.springframework.web.context.request.async.StandardServletAsyncWebRequest$LifecycleServletOutputStream.flush(StandardServletAsyncWebRequest.java:415) ~[spring-web-6.2.6.jar:6.2.6]
	at java.base/java.io.FilterOutputStream.flush(FilterOutputStream.java:155) ~[?:?]
	at com.fasterxml.jackson.core.json.UTF8JsonGenerator.flush(UTF8JsonGenerator.java:1205) ~[jackson-core-2.18.3.jar:2.18.3]
	at com.fasterxml.jackson.databind.ObjectWriter.writeValue(ObjectWriter.java:1063) ~[jackson-databind-2.18.3.jar:2.18.3]
	at org.springframework.http.converter.json.AbstractJackson2HttpMessageConverter.writeInternal(AbstractJackson2HttpMessageConverter.java:486) ~[spring-web-6.2.6.jar:6.2.6]
	at org.springframework.http.converter.AbstractGenericHttpMessageConverter.writeInternal(AbstractGenericHttpMessageConverter.java:135) ~[spring-web-6.2.6.jar:6.2.6]
	at org.springframework.http.converter.AbstractHttpMessageConverter.write(AbstractHttpMessageConverter.java:235) ~[spring-web-6.2.6.jar:6.2.6]
	at org.springframework.web.servlet.mvc.method.annotation.ResponseBodyEmitterReturnValueHandler$DefaultSseEmitterHandler.sendInternal(ResponseBodyEmitterReturnValueHandler.java:310) ~[spring-webmvc-6.2.6.jar:6.2.6]
	at org.springframework.web.servlet.mvc.method.annotation.ResponseBodyEmitterReturnValueHandler$DefaultSseEmitterHandler.send(ResponseBodyEmitterReturnValueHandler.java:297) ~[spring-webmvc-6.2.6.jar:6.2.6]
	at org.springframework.web.servlet.mvc.method.annotation.ResponseBodyEmitter.sendInternal(ResponseBodyEmitter.java:226) ~[spring-webmvc-6.2.6.jar:6.2.6]
	at org.springframework.web.servlet.mvc.method.annotation.ResponseBodyEmitter.send(ResponseBodyEmitter.java:217) ~[spring-webmvc-6.2.6.jar:6.2.6]
	at org.springframework.web.servlet.mvc.method.annotation.SseEmitter.send(SseEmitter.java:135) ~[spring-webmvc-6.2.6.jar:6.2.6]
	at org.springframework.web.servlet.mvc.method.annotation.SseEmitter.send(SseEmitter.java:118) ~[spring-webmvc-6.2.6.jar:6.2.6]
	at org.springframework.web.servlet.mvc.method.annotation.ReactiveTypeHandler$SseEmitterSubscriber.send(ReactiveTypeHandler.java:440) ~[spring-webmvc-6.2.6.jar:6.2.6]
	at org.springframework.web.servlet.mvc.method.annotation.ReactiveTypeHandler$AbstractEmitterSubscriber.run(ReactiveTypeHandler.java:359) ~[spring-webmvc-6.2.6.jar:6.2.6]
	at io.micrometer.context.ContextSnapshot.lambda$wrap$0(ContextSnapshot.java:91) ~[context-propagation-1.1.3.jar:1.1.3]
	at java.base/java.lang.Thread.run(Thread.java:1583) [?:?]
2026-02-14 14:23:18.781 [http-nio-8080-exec-10] ERROR org.apache.catalina.core.ContainerBase.[Tomcat].[localhost].[/].[dispatcherServlet] - Servlet.service() for servlet [dispatcherServlet] in context with path [] threw exception
java.io.IOException: 你的主机中的软件中止了一个已建立的连接。
	at java.base/sun.nio.ch.SocketDispatcher.write0(Native Method) ~[?:?]
	at java.base/sun.nio.ch.SocketDispatcher.write(SocketDispatcher.java:54) ~[?:?]
	at java.base/sun.nio.ch.IOUtil.writeFromNativeBuffer(IOUtil.java:137) ~[?:?]
	at java.base/sun.nio.ch.IOUtil.write(IOUtil.java:102) ~[?:?]
	at java.base/sun.nio.ch.IOUtil.write(IOUtil.java:58) ~[?:?]
	at java.base/sun.nio.ch.SocketChannelImpl.write(SocketChannelImpl.java:542) ~[?:?]
	at org.apache.tomcat.util.net.NioChannel.write(NioChannel.java:122) ~[tomcat-embed-core-10.1.40.jar:10.1.40]
	at org.apache.tomcat.util.net.NioEndpoint$NioSocketWrapper.doWrite(NioEndpoint.java:1380) ~[tomcat-embed-core-10.1.40.jar:10.1.40]
	at org.apache.tomcat.util.net.SocketWrapperBase.doWrite(SocketWrapperBase.java:764) ~[tomcat-embed-core-10.1.40.jar:10.1.40]
	at org.apache.tomcat.util.net.SocketWrapperBase.flushBlocking(SocketWrapperBase.java:728) ~[tomcat-embed-core-10.1.40.jar:10.1.40]
	at org.apache.tomcat.util.net.SocketWrapperBase.flush(SocketWrapperBase.java:712) ~[tomcat-embed-core-10.1.40.jar:10.1.40]
	at org.apache.coyote.http11.Http11OutputBuffer$SocketOutputBuffer.flush(Http11OutputBuffer.java:574) ~[tomcat-embed-core-10.1.40.jar:10.1.40]
	at org.apache.coyote.http11.filters.ChunkedOutputFilter.flush(ChunkedOutputFilter.java:156) ~[tomcat-embed-core-10.1.40.jar:10.1.40]
	at org.apache.coyote.http11.Http11OutputBuffer.flush(Http11OutputBuffer.java:216) ~[tomcat-embed-core-10.1.40.jar:10.1.40]
	at org.apache.coyote.http11.Http11Processor.flush(Http11Processor.java:1271) ~[tomcat-embed-core-10.1.40.jar:10.1.40]
	at org.apache.coyote.AbstractProcessor.action(AbstractProcessor.java:408) ~[tomcat-embed-core-10.1.40.jar:10.1.40]
	at org.apache.coyote.Response.action(Response.java:208) ~[tomcat-embed-core-10.1.40.jar:10.1.40]
	at org.apache.catalina.connector.OutputBuffer.doFlush(OutputBuffer.java:300) ~[tomcat-embed-core-10.1.40.jar:10.1.40]
	at org.apache.catalina.connector.OutputBuffer.flush(OutputBuffer.java:266) ~[tomcat-embed-core-10.1.40.jar:10.1.40]
	at org.apache.catalina.connector.CoyoteOutputStream.flush(CoyoteOutputStream.java:133) ~[tomcat-embed-core-10.1.40.jar:10.1.40]
	at org.springframework.web.context.request.async.StandardServletAsyncWebRequest$LifecycleServletOutputStream.flush(StandardServletAsyncWebRequest.java:415) ~[spring-web-6.2.6.jar:6.2.6]
	at java.base/java.io.FilterOutputStream.flush(FilterOutputStream.java:155) ~[?:?]
	at com.fasterxml.jackson.core.json.UTF8JsonGenerator.flush(UTF8JsonGenerator.java:1205) ~[jackson-core-2.18.3.jar:2.18.3]
	at com.fasterxml.jackson.databind.ObjectWriter.writeValue(ObjectWriter.java:1063) ~[jackson-databind-2.18.3.jar:2.18.3]
	at org.springframework.http.converter.json.AbstractJackson2HttpMessageConverter.writeInternal(AbstractJackson2HttpMessageConverter.java:486) ~[spring-web-6.2.6.jar:6.2.6]
	at org.springframework.http.converter.AbstractGenericHttpMessageConverter.writeInternal(AbstractGenericHttpMessageConverter.java:135) ~[spring-web-6.2.6.jar:6.2.6]
	at org.springframework.http.converter.AbstractHttpMessageConverter.write(AbstractHttpMessageConverter.java:235) ~[spring-web-6.2.6.jar:6.2.6]
	at org.springframework.web.servlet.mvc.method.annotation.ResponseBodyEmitterReturnValueHandler$DefaultSseEmitterHandler.sendInternal(ResponseBodyEmitterReturnValueHandler.java:310) ~[spring-webmvc-6.2.6.jar:6.2.6]
	at org.springframework.web.servlet.mvc.method.annotation.ResponseBodyEmitterReturnValueHandler$DefaultSseEmitterHandler.send(ResponseBodyEmitterReturnValueHandler.java:297) ~[spring-webmvc-6.2.6.jar:6.2.6]
	at org.springframework.web.servlet.mvc.method.annotation.ResponseBodyEmitter.sendInternal(ResponseBodyEmitter.java:226) ~[spring-webmvc-6.2.6.jar:6.2.6]
	at org.springframework.web.servlet.mvc.method.annotation.ResponseBodyEmitter.send(ResponseBodyEmitter.java:217) ~[spring-webmvc-6.2.6.jar:6.2.6]
	at org.springframework.web.servlet.mvc.method.annotation.SseEmitter.send(SseEmitter.java:135) ~[spring-webmvc-6.2.6.jar:6.2.6]
	at org.springframework.web.servlet.mvc.method.annotation.SseEmitter.send(SseEmitter.java:118) ~[spring-webmvc-6.2.6.jar:6.2.6]
	at org.springframework.web.servlet.mvc.method.annotation.ReactiveTypeHandler$SseEmitterSubscriber.send(ReactiveTypeHandler.java:440) ~[spring-webmvc-6.2.6.jar:6.2.6]
	at org.springframework.web.servlet.mvc.method.annotation.ReactiveTypeHandler$AbstractEmitterSubscriber.run(ReactiveTypeHandler.java:359) ~[spring-webmvc-6.2.6.jar:6.2.6]
	at io.micrometer.context.ContextSnapshot.lambda$wrap$0(ContextSnapshot.java:91) ~[context-propagation-1.1.3.jar:1.1.3]
	at java.base/java.lang.Thread.run(Thread.java:1583) [?:?]
2026-02-14 14:23:23.564 [http-nio-8080-exec-2] ERROR com.bit.ai.robot.exception.GlobalExceptionHandler - /chat/completion request error, 
org.springframework.web.context.request.async.AsyncRequestNotUsableException: ServletOutputStream failed to flush: java.io.IOException: 你的主机中的软件中止了一个已建立的连接。
	at org.springframework.web.context.request.async.StandardServletAsyncWebRequest$LifecycleHttpServletResponse.handleIOException(StandardServletAsyncWebRequest.java:346) ~[spring-web-6.2.6.jar:6.2.6]
	at org.springframework.web.context.request.async.StandardServletAsyncWebRequest$LifecycleServletOutputStream.flush(StandardServletAsyncWebRequest.java:418) ~[spring-web-6.2.6.jar:6.2.6]
	at java.base/java.io.FilterOutputStream.flush(FilterOutputStream.java:155) ~[?:?]
	at com.fasterxml.jackson.core.json.UTF8JsonGenerator.flush(UTF8JsonGenerator.java:1205) ~[jackson-core-2.18.3.jar:2.18.3]
	at com.fasterxml.jackson.databind.ObjectWriter.writeValue(ObjectWriter.java:1063) ~[jackson-databind-2.18.3.jar:2.18.3]
	at org.springframework.http.converter.json.AbstractJackson2HttpMessageConverter.writeInternal(AbstractJackson2HttpMessageConverter.java:486) ~[spring-web-6.2.6.jar:6.2.6]
	at org.springframework.http.converter.AbstractGenericHttpMessageConverter.writeInternal(AbstractGenericHttpMessageConverter.java:135) ~[spring-web-6.2.6.jar:6.2.6]
	at org.springframework.http.converter.AbstractHttpMessageConverter.write(AbstractHttpMessageConverter.java:235) ~[spring-web-6.2.6.jar:6.2.6]
	at org.springframework.web.servlet.mvc.method.annotation.ResponseBodyEmitterReturnValueHandler$DefaultSseEmitterHandler.sendInternal(ResponseBodyEmitterReturnValueHandler.java:310) ~[spring-webmvc-6.2.6.jar:6.2.6]
	at org.springframework.web.servlet.mvc.method.annotation.ResponseBodyEmitterReturnValueHandler$DefaultSseEmitterHandler.send(ResponseBodyEmitterReturnValueHandler.java:297) ~[spring-webmvc-6.2.6.jar:6.2.6]
	at org.springframework.web.servlet.mvc.method.annotation.ResponseBodyEmitter.sendInternal(ResponseBodyEmitter.java:226) ~[spring-webmvc-6.2.6.jar:6.2.6]
	at org.springframework.web.servlet.mvc.method.annotation.ResponseBodyEmitter.send(ResponseBodyEmitter.java:217) ~[spring-webmvc-6.2.6.jar:6.2.6]
	at org.springframework.web.servlet.mvc.method.annotation.SseEmitter.send(SseEmitter.java:135) ~[spring-webmvc-6.2.6.jar:6.2.6]
	at org.springframework.web.servlet.mvc.method.annotation.SseEmitter.send(SseEmitter.java:118) ~[spring-webmvc-6.2.6.jar:6.2.6]
	at org.springframework.web.servlet.mvc.method.annotation.ReactiveTypeHandler$SseEmitterSubscriber.send(ReactiveTypeHandler.java:440) ~[spring-webmvc-6.2.6.jar:6.2.6]
	at org.springframework.web.servlet.mvc.method.annotation.ReactiveTypeHandler$AbstractEmitterSubscriber.run(ReactiveTypeHandler.java:359) ~[spring-webmvc-6.2.6.jar:6.2.6]
	at io.micrometer.context.ContextSnapshot.lambda$wrap$0(ContextSnapshot.java:91) ~[context-propagation-1.1.3.jar:1.1.3]
	at java.base/java.lang.Thread.run(Thread.java:1583) [?:?]
Caused by: org.apache.catalina.connector.ClientAbortException: java.io.IOException: 你的主机中的软件中止了一个已建立的连接。
	at org.apache.catalina.connector.OutputBuffer.doFlush(OutputBuffer.java:304) ~[tomcat-embed-core-10.1.40.jar:10.1.40]
	at org.apache.catalina.connector.OutputBuffer.flush(OutputBuffer.java:266) ~[tomcat-embed-core-10.1.40.jar:10.1.40]
	at org.apache.catalina.connector.CoyoteOutputStream.flush(CoyoteOutputStream.java:133) ~[tomcat-embed-core-10.1.40.jar:10.1.40]
	at org.springframework.web.context.request.async.StandardServletAsyncWebRequest$LifecycleServletOutputStream.flush(StandardServletAsyncWebRequest.java:415) ~[spring-web-6.2.6.jar:6.2.6]
	... 16 more
Caused by: java.io.IOException: 你的主机中的软件中止了一个已建立的连接。
	at java.base/sun.nio.ch.SocketDispatcher.write0(Native Method) ~[?:?]
	at java.base/sun.nio.ch.SocketDispatcher.write(SocketDispatcher.java:54) ~[?:?]
	at java.base/sun.nio.ch.IOUtil.writeFromNativeBuffer(IOUtil.java:137) ~[?:?]
	at java.base/sun.nio.ch.IOUtil.write(IOUtil.java:102) ~[?:?]
	at java.base/sun.nio.ch.IOUtil.write(IOUtil.java:58) ~[?:?]
	at java.base/sun.nio.ch.SocketChannelImpl.write(SocketChannelImpl.java:542) ~[?:?]
	at org.apache.tomcat.util.net.NioChannel.write(NioChannel.java:122) ~[tomcat-embed-core-10.1.40.jar:10.1.40]
	at org.apache.tomcat.util.net.NioEndpoint$NioSocketWrapper.doWrite(NioEndpoint.java:1380) ~[tomcat-embed-core-10.1.40.jar:10.1.40]
	at org.apache.tomcat.util.net.SocketWrapperBase.doWrite(SocketWrapperBase.java:764) ~[tomcat-embed-core-10.1.40.jar:10.1.40]
	at org.apache.tomcat.util.net.SocketWrapperBase.flushBlocking(SocketWrapperBase.java:728) ~[tomcat-embed-core-10.1.40.jar:10.1.40]
	at org.apache.tomcat.util.net.SocketWrapperBase.flush(SocketWrapperBase.java:712) ~[tomcat-embed-core-10.1.40.jar:10.1.40]
	at org.apache.coyote.http11.Http11OutputBuffer$SocketOutputBuffer.flush(Http11OutputBuffer.java:574) ~[tomcat-embed-core-10.1.40.jar:10.1.40]
	at org.apache.coyote.http11.filters.ChunkedOutputFilter.flush(ChunkedOutputFilter.java:156) ~[tomcat-embed-core-10.1.40.jar:10.1.40]
	at org.apache.coyote.http11.Http11OutputBuffer.flush(Http11OutputBuffer.java:216) ~[tomcat-embed-core-10.1.40.jar:10.1.40]
	at org.apache.coyote.http11.Http11Processor.flush(Http11Processor.java:1271) ~[tomcat-embed-core-10.1.40.jar:10.1.40]
	at org.apache.coyote.AbstractProcessor.action(AbstractProcessor.java:408) ~[tomcat-embed-core-10.1.40.jar:10.1.40]
	at org.apache.coyote.Response.action(Response.java:208) ~[tomcat-embed-core-10.1.40.jar:10.1.40]
	at org.apache.catalina.connector.OutputBuffer.doFlush(OutputBuffer.java:300) ~[tomcat-embed-core-10.1.40.jar:10.1.40]
	at org.apache.catalina.connector.OutputBuffer.flush(OutputBuffer.java:266) ~[tomcat-embed-core-10.1.40.jar:10.1.40]
	at org.apache.catalina.connector.CoyoteOutputStream.flush(CoyoteOutputStream.java:133) ~[tomcat-embed-core-10.1.40.jar:10.1.40]
	at org.springframework.web.context.request.async.StandardServletAsyncWebRequest$LifecycleServletOutputStream.flush(StandardServletAsyncWebRequest.java:415) ~[spring-web-6.2.6.jar:6.2.6]
	... 16 more
2026-02-14 14:23:34.331 [http-nio-8080-exec-6] ERROR com.bit.ai.robot.exception.GlobalExceptionHandler - /chat/completion request error, 
java.io.IOException: 你的主机中的软件中止了一个已建立的连接。
	at java.base/sun.nio.ch.SocketDispatcher.write0(Native Method) ~[?:?]
	at java.base/sun.nio.ch.SocketDispatcher.write(SocketDispatcher.java:54) ~[?:?]
	at java.base/sun.nio.ch.IOUtil.writeFromNativeBuffer(IOUtil.java:137) ~[?:?]
	at java.base/sun.nio.ch.IOUtil.write(IOUtil.java:102) ~[?:?]
	at java.base/sun.nio.ch.IOUtil.write(IOUtil.java:58) ~[?:?]
	at java.base/sun.nio.ch.SocketChannelImpl.write(SocketChannelImpl.java:542) ~[?:?]
	at org.apache.tomcat.util.net.NioChannel.write(NioChannel.java:122) ~[tomcat-embed-core-10.1.40.jar:10.1.40]
	at org.apache.tomcat.util.net.NioEndpoint$NioSocketWrapper.doWrite(NioEndpoint.java:1380) ~[tomcat-embed-core-10.1.40.jar:10.1.40]
	at org.apache.tomcat.util.net.SocketWrapperBase.doWrite(SocketWrapperBase.java:764) ~[tomcat-embed-core-10.1.40.jar:10.1.40]
	at org.apache.tomcat.util.net.SocketWrapperBase.flushBlocking(SocketWrapperBase.java:728) ~[tomcat-embed-core-10.1.40.jar:10.1.40]
	at org.apache.tomcat.util.net.SocketWrapperBase.flush(SocketWrapperBase.java:712) ~[tomcat-embed-core-10.1.40.jar:10.1.40]
	at org.apache.coyote.http11.Http11OutputBuffer$SocketOutputBuffer.flush(Http11OutputBuffer.java:574) ~[tomcat-embed-core-10.1.40.jar:10.1.40]
	at org.apache.coyote.http11.filters.ChunkedOutputFilter.flush(ChunkedOutputFilter.java:156) ~[tomcat-embed-core-10.1.40.jar:10.1.40]
	at org.apache.coyote.http11.Http11OutputBuffer.flush(Http11OutputBuffer.java:216) ~[tomcat-embed-core-10.1.40.jar:10.1.40]
	at org.apache.coyote.http11.Http11Processor.flush(Http11Processor.java:1271) ~[tomcat-embed-core-10.1.40.jar:10.1.40]
	at org.apache.coyote.AbstractProcessor.action(AbstractProcessor.java:408) ~[tomcat-embed-core-10.1.40.jar:10.1.40]
	at org.apache.coyote.Response.action(Response.java:208) ~[tomcat-embed-core-10.1.40.jar:10.1.40]
	at org.apache.catalina.connector.OutputBuffer.doFlush(OutputBuffer.java:300) ~[tomcat-embed-core-10.1.40.jar:10.1.40]
	at org.apache.catalina.connector.OutputBuffer.flush(OutputBuffer.java:266) ~[tomcat-embed-core-10.1.40.jar:10.1.40]
	at org.apache.catalina.connector.CoyoteOutputStream.flush(CoyoteOutputStream.java:133) ~[tomcat-embed-core-10.1.40.jar:10.1.40]
	at org.springframework.web.context.request.async.StandardServletAsyncWebRequest$LifecycleServletOutputStream.flush(StandardServletAsyncWebRequest.java:415) ~[spring-web-6.2.6.jar:6.2.6]
	at java.base/java.io.FilterOutputStream.flush(FilterOutputStream.java:155) ~[?:?]
	at com.fasterxml.jackson.core.json.UTF8JsonGenerator.flush(UTF8JsonGenerator.java:1205) ~[jackson-core-2.18.3.jar:2.18.3]
	at com.fasterxml.jackson.databind.ObjectWriter.writeValue(ObjectWriter.java:1063) ~[jackson-databind-2.18.3.jar:2.18.3]
	at org.springframework.http.converter.json.AbstractJackson2HttpMessageConverter.writeInternal(AbstractJackson2HttpMessageConverter.java:486) ~[spring-web-6.2.6.jar:6.2.6]
	at org.springframework.http.converter.AbstractGenericHttpMessageConverter.writeInternal(AbstractGenericHttpMessageConverter.java:135) ~[spring-web-6.2.6.jar:6.2.6]
	at org.springframework.http.converter.AbstractHttpMessageConverter.write(AbstractHttpMessageConverter.java:235) ~[spring-web-6.2.6.jar:6.2.6]
	at org.springframework.web.servlet.mvc.method.annotation.ResponseBodyEmitterReturnValueHandler$DefaultSseEmitterHandler.sendInternal(ResponseBodyEmitterReturnValueHandler.java:310) ~[spring-webmvc-6.2.6.jar:6.2.6]
	at org.springframework.web.servlet.mvc.method.annotation.ResponseBodyEmitterReturnValueHandler$DefaultSseEmitterHandler.send(ResponseBodyEmitterReturnValueHandler.java:297) ~[spring-webmvc-6.2.6.jar:6.2.6]
	at org.springframework.web.servlet.mvc.method.annotation.ResponseBodyEmitter.sendInternal(ResponseBodyEmitter.java:226) ~[spring-webmvc-6.2.6.jar:6.2.6]
	at org.springframework.web.servlet.mvc.method.annotation.ResponseBodyEmitter.send(ResponseBodyEmitter.java:217) ~[spring-webmvc-6.2.6.jar:6.2.6]
	at org.springframework.web.servlet.mvc.method.annotation.SseEmitter.send(SseEmitter.java:135) ~[spring-webmvc-6.2.6.jar:6.2.6]
	at org.springframework.web.servlet.mvc.method.annotation.SseEmitter.send(SseEmitter.java:118) ~[spring-webmvc-6.2.6.jar:6.2.6]
	at org.springframework.web.servlet.mvc.method.annotation.ReactiveTypeHandler$SseEmitterSubscriber.send(ReactiveTypeHandler.java:440) ~[spring-webmvc-6.2.6.jar:6.2.6]
	at org.springframework.web.servlet.mvc.method.annotation.ReactiveTypeHandler$AbstractEmitterSubscriber.run(ReactiveTypeHandler.java:359) ~[spring-webmvc-6.2.6.jar:6.2.6]
	at io.micrometer.context.ContextSnapshot.lambda$wrap$0(ContextSnapshot.java:91) ~[context-propagation-1.1.3.jar:1.1.3]
	at java.base/java.lang.Thread.run(Thread.java:1583) [?:?]
2026-02-14 14:23:34.332 [http-nio-8080-exec-6] ERROR org.apache.catalina.core.ContainerBase.[Tomcat].[localhost].[/].[dispatcherServlet] - Servlet.service() for servlet [dispatcherServlet] threw exception
java.io.IOException: 你的主机中的软件中止了一个已建立的连接。
	at java.base/sun.nio.ch.SocketDispatcher.write0(Native Method) ~[?:?]
	at java.base/sun.nio.ch.SocketDispatcher.write(SocketDispatcher.java:54) ~[?:?]
	at java.base/sun.nio.ch.IOUtil.writeFromNativeBuffer(IOUtil.java:137) ~[?:?]
	at java.base/sun.nio.ch.IOUtil.write(IOUtil.java:102) ~[?:?]
	at java.base/sun.nio.ch.IOUtil.write(IOUtil.java:58) ~[?:?]
	at java.base/sun.nio.ch.SocketChannelImpl.write(SocketChannelImpl.java:542) ~[?:?]
	at org.apache.tomcat.util.net.NioChannel.write(NioChannel.java:122) ~[tomcat-embed-core-10.1.40.jar:10.1.40]
	at org.apache.tomcat.util.net.NioEndpoint$NioSocketWrapper.doWrite(NioEndpoint.java:1380) ~[tomcat-embed-core-10.1.40.jar:10.1.40]
	at org.apache.tomcat.util.net.SocketWrapperBase.doWrite(SocketWrapperBase.java:764) ~[tomcat-embed-core-10.1.40.jar:10.1.40]
	at org.apache.tomcat.util.net.SocketWrapperBase.flushBlocking(SocketWrapperBase.java:728) ~[tomcat-embed-core-10.1.40.jar:10.1.40]
	at org.apache.tomcat.util.net.SocketWrapperBase.flush(SocketWrapperBase.java:712) ~[tomcat-embed-core-10.1.40.jar:10.1.40]
	at org.apache.coyote.http11.Http11OutputBuffer$SocketOutputBuffer.flush(Http11OutputBuffer.java:574) ~[tomcat-embed-core-10.1.40.jar:10.1.40]
	at org.apache.coyote.http11.filters.ChunkedOutputFilter.flush(ChunkedOutputFilter.java:156) ~[tomcat-embed-core-10.1.40.jar:10.1.40]
	at org.apache.coyote.http11.Http11OutputBuffer.flush(Http11OutputBuffer.java:216) ~[tomcat-embed-core-10.1.40.jar:10.1.40]
	at org.apache.coyote.http11.Http11Processor.flush(Http11Processor.java:1271) ~[tomcat-embed-core-10.1.40.jar:10.1.40]
	at org.apache.coyote.AbstractProcessor.action(AbstractProcessor.java:408) ~[tomcat-embed-core-10.1.40.jar:10.1.40]
	at org.apache.coyote.Response.action(Response.java:208) ~[tomcat-embed-core-10.1.40.jar:10.1.40]
	at org.apache.catalina.connector.OutputBuffer.doFlush(OutputBuffer.java:300) ~[tomcat-embed-core-10.1.40.jar:10.1.40]
	at org.apache.catalina.connector.OutputBuffer.flush(OutputBuffer.java:266) ~[tomcat-embed-core-10.1.40.jar:10.1.40]
	at org.apache.catalina.connector.CoyoteOutputStream.flush(CoyoteOutputStream.java:133) ~[tomcat-embed-core-10.1.40.jar:10.1.40]
	at org.springframework.web.context.request.async.StandardServletAsyncWebRequest$LifecycleServletOutputStream.flush(StandardServletAsyncWebRequest.java:415) ~[spring-web-6.2.6.jar:6.2.6]
	at java.base/java.io.FilterOutputStream.flush(FilterOutputStream.java:155) ~[?:?]
	at com.fasterxml.jackson.core.json.UTF8JsonGenerator.flush(UTF8JsonGenerator.java:1205) ~[jackson-core-2.18.3.jar:2.18.3]
	at com.fasterxml.jackson.databind.ObjectWriter.writeValue(ObjectWriter.java:1063) ~[jackson-databind-2.18.3.jar:2.18.3]
	at org.springframework.http.converter.json.AbstractJackson2HttpMessageConverter.writeInternal(AbstractJackson2HttpMessageConverter.java:486) ~[spring-web-6.2.6.jar:6.2.6]
	at org.springframework.http.converter.AbstractGenericHttpMessageConverter.writeInternal(AbstractGenericHttpMessageConverter.java:135) ~[spring-web-6.2.6.jar:6.2.6]
	at org.springframework.http.converter.AbstractHttpMessageConverter.write(AbstractHttpMessageConverter.java:235) ~[spring-web-6.2.6.jar:6.2.6]
	at org.springframework.web.servlet.mvc.method.annotation.ResponseBodyEmitterReturnValueHandler$DefaultSseEmitterHandler.sendInternal(ResponseBodyEmitterReturnValueHandler.java:310) ~[spring-webmvc-6.2.6.jar:6.2.6]
	at org.springframework.web.servlet.mvc.method.annotation.ResponseBodyEmitterReturnValueHandler$DefaultSseEmitterHandler.send(ResponseBodyEmitterReturnValueHandler.java:297) ~[spring-webmvc-6.2.6.jar:6.2.6]
	at org.springframework.web.servlet.mvc.method.annotation.ResponseBodyEmitter.sendInternal(ResponseBodyEmitter.java:226) ~[spring-webmvc-6.2.6.jar:6.2.6]
	at org.springframework.web.servlet.mvc.method.annotation.ResponseBodyEmitter.send(ResponseBodyEmitter.java:217) ~[spring-webmvc-6.2.6.jar:6.2.6]
	at org.springframework.web.servlet.mvc.method.annotation.SseEmitter.send(SseEmitter.java:135) ~[spring-webmvc-6.2.6.jar:6.2.6]
	at org.springframework.web.servlet.mvc.method.annotation.SseEmitter.send(SseEmitter.java:118) ~[spring-webmvc-6.2.6.jar:6.2.6]
	at org.springframework.web.servlet.mvc.method.annotation.ReactiveTypeHandler$SseEmitterSubscriber.send(ReactiveTypeHandler.java:440) ~[spring-webmvc-6.2.6.jar:6.2.6]
	at org.springframework.web.servlet.mvc.method.annotation.ReactiveTypeHandler$AbstractEmitterSubscriber.run(ReactiveTypeHandler.java:359) ~[spring-webmvc-6.2.6.jar:6.2.6]
	at io.micrometer.context.ContextSnapshot.lambda$wrap$0(ContextSnapshot.java:91) ~[context-propagation-1.1.3.jar:1.1.3]
	at java.base/java.lang.Thread.run(Thread.java:1583) [?:?]
2026-02-14 14:23:34.332 [http-nio-8080-exec-6] ERROR org.apache.catalina.core.ContainerBase.[Tomcat].[localhost].[/].[dispatcherServlet] - Servlet.service() for servlet [dispatcherServlet] in context with path [] threw exception
java.io.IOException: 你的主机中的软件中止了一个已建立的连接。
	at java.base/sun.nio.ch.SocketDispatcher.write0(Native Method) ~[?:?]
	at java.base/sun.nio.ch.SocketDispatcher.write(SocketDispatcher.java:54) ~[?:?]
	at java.base/sun.nio.ch.IOUtil.writeFromNativeBuffer(IOUtil.java:137) ~[?:?]
	at java.base/sun.nio.ch.IOUtil.write(IOUtil.java:102) ~[?:?]
	at java.base/sun.nio.ch.IOUtil.write(IOUtil.java:58) ~[?:?]
	at java.base/sun.nio.ch.SocketChannelImpl.write(SocketChannelImpl.java:542) ~[?:?]
	at org.apache.tomcat.util.net.NioChannel.write(NioChannel.java:122) ~[tomcat-embed-core-10.1.40.jar:10.1.40]
	at org.apache.tomcat.util.net.NioEndpoint$NioSocketWrapper.doWrite(NioEndpoint.java:1380) ~[tomcat-embed-core-10.1.40.jar:10.1.40]
	at org.apache.tomcat.util.net.SocketWrapperBase.doWrite(SocketWrapperBase.java:764) ~[tomcat-embed-core-10.1.40.jar:10.1.40]
	at org.apache.tomcat.util.net.SocketWrapperBase.flushBlocking(SocketWrapperBase.java:728) ~[tomcat-embed-core-10.1.40.jar:10.1.40]
	at org.apache.tomcat.util.net.SocketWrapperBase.flush(SocketWrapperBase.java:712) ~[tomcat-embed-core-10.1.40.jar:10.1.40]
	at org.apache.coyote.http11.Http11OutputBuffer$SocketOutputBuffer.flush(Http11OutputBuffer.java:574) ~[tomcat-embed-core-10.1.40.jar:10.1.40]
	at org.apache.coyote.http11.filters.ChunkedOutputFilter.flush(ChunkedOutputFilter.java:156) ~[tomcat-embed-core-10.1.40.jar:10.1.40]
	at org.apache.coyote.http11.Http11OutputBuffer.flush(Http11OutputBuffer.java:216) ~[tomcat-embed-core-10.1.40.jar:10.1.40]
	at org.apache.coyote.http11.Http11Processor.flush(Http11Processor.java:1271) ~[tomcat-embed-core-10.1.40.jar:10.1.40]
	at org.apache.coyote.AbstractProcessor.action(AbstractProcessor.java:408) ~[tomcat-embed-core-10.1.40.jar:10.1.40]
	at org.apache.coyote.Response.action(Response.java:208) ~[tomcat-embed-core-10.1.40.jar:10.1.40]
	at org.apache.catalina.connector.OutputBuffer.doFlush(OutputBuffer.java:300) ~[tomcat-embed-core-10.1.40.jar:10.1.40]
	at org.apache.catalina.connector.OutputBuffer.flush(OutputBuffer.java:266) ~[tomcat-embed-core-10.1.40.jar:10.1.40]
	at org.apache.catalina.connector.CoyoteOutputStream.flush(CoyoteOutputStream.java:133) ~[tomcat-embed-core-10.1.40.jar:10.1.40]
	at org.springframework.web.context.request.async.StandardServletAsyncWebRequest$LifecycleServletOutputStream.flush(StandardServletAsyncWebRequest.java:415) ~[spring-web-6.2.6.jar:6.2.6]
	at java.base/java.io.FilterOutputStream.flush(FilterOutputStream.java:155) ~[?:?]
	at com.fasterxml.jackson.core.json.UTF8JsonGenerator.flush(UTF8JsonGenerator.java:1205) ~[jackson-core-2.18.3.jar:2.18.3]
	at com.fasterxml.jackson.databind.ObjectWriter.writeValue(ObjectWriter.java:1063) ~[jackson-databind-2.18.3.jar:2.18.3]
	at org.springframework.http.converter.json.AbstractJackson2HttpMessageConverter.writeInternal(AbstractJackson2HttpMessageConverter.java:486) ~[spring-web-6.2.6.jar:6.2.6]
	at org.springframework.http.converter.AbstractGenericHttpMessageConverter.writeInternal(AbstractGenericHttpMessageConverter.java:135) ~[spring-web-6.2.6.jar:6.2.6]
	at org.springframework.http.converter.AbstractHttpMessageConverter.write(AbstractHttpMessageConverter.java:235) ~[spring-web-6.2.6.jar:6.2.6]
	at org.springframework.web.servlet.mvc.method.annotation.ResponseBodyEmitterReturnValueHandler$DefaultSseEmitterHandler.sendInternal(ResponseBodyEmitterReturnValueHandler.java:310) ~[spring-webmvc-6.2.6.jar:6.2.6]
	at org.springframework.web.servlet.mvc.method.annotation.ResponseBodyEmitterReturnValueHandler$DefaultSseEmitterHandler.send(ResponseBodyEmitterReturnValueHandler.java:297) ~[spring-webmvc-6.2.6.jar:6.2.6]
	at org.springframework.web.servlet.mvc.method.annotation.ResponseBodyEmitter.sendInternal(ResponseBodyEmitter.java:226) ~[spring-webmvc-6.2.6.jar:6.2.6]
	at org.springframework.web.servlet.mvc.method.annotation.ResponseBodyEmitter.send(ResponseBodyEmitter.java:217) ~[spring-webmvc-6.2.6.jar:6.2.6]
	at org.springframework.web.servlet.mvc.method.annotation.SseEmitter.send(SseEmitter.java:135) ~[spring-webmvc-6.2.6.jar:6.2.6]
	at org.springframework.web.servlet.mvc.method.annotation.SseEmitter.send(SseEmitter.java:118) ~[spring-webmvc-6.2.6.jar:6.2.6]
	at org.springframework.web.servlet.mvc.method.annotation.ReactiveTypeHandler$SseEmitterSubscriber.send(ReactiveTypeHandler.java:440) ~[spring-webmvc-6.2.6.jar:6.2.6]
	at org.springframework.web.servlet.mvc.method.annotation.ReactiveTypeHandler$AbstractEmitterSubscriber.run(ReactiveTypeHandler.java:359) ~[spring-webmvc-6.2.6.jar:6.2.6]
	at io.micrometer.context.ContextSnapshot.lambda$wrap$0(ContextSnapshot.java:91) ~[context-propagation-1.1.3.jar:1.1.3]
	at java.base/java.lang.Thread.run(Thread.java:1583) [?:?]
2026-02-14 14:23:37.206 [http-nio-8080-exec-5] ERROR com.bit.ai.robot.exception.GlobalExceptionHandler - /chat/completion request error, 
org.springframework.web.context.request.async.AsyncRequestNotUsableException: ServletOutputStream failed to flush: java.io.IOException: 你的主机中的软件中止了一个已建立的连接。
	at org.springframework.web.context.request.async.StandardServletAsyncWebRequest$LifecycleHttpServletResponse.handleIOException(StandardServletAsyncWebRequest.java:346) ~[spring-web-6.2.6.jar:6.2.6]
	at org.springframework.web.context.request.async.StandardServletAsyncWebRequest$LifecycleServletOutputStream.flush(StandardServletAsyncWebRequest.java:418) ~[spring-web-6.2.6.jar:6.2.6]
	at java.base/java.io.FilterOutputStream.flush(FilterOutputStream.java:155) ~[?:?]
	at com.fasterxml.jackson.core.json.UTF8JsonGenerator.flush(UTF8JsonGenerator.java:1205) ~[jackson-core-2.18.3.jar:2.18.3]
	at com.fasterxml.jackson.databind.ObjectWriter.writeValue(ObjectWriter.java:1063) ~[jackson-databind-2.18.3.jar:2.18.3]
	at org.springframework.http.converter.json.AbstractJackson2HttpMessageConverter.writeInternal(AbstractJackson2HttpMessageConverter.java:486) ~[spring-web-6.2.6.jar:6.2.6]
	at org.springframework.http.converter.AbstractGenericHttpMessageConverter.writeInternal(AbstractGenericHttpMessageConverter.java:135) ~[spring-web-6.2.6.jar:6.2.6]
	at org.springframework.http.converter.AbstractHttpMessageConverter.write(AbstractHttpMessageConverter.java:235) ~[spring-web-6.2.6.jar:6.2.6]
	at org.springframework.web.servlet.mvc.method.annotation.ResponseBodyEmitterReturnValueHandler$DefaultSseEmitterHandler.sendInternal(ResponseBodyEmitterReturnValueHandler.java:310) ~[spring-webmvc-6.2.6.jar:6.2.6]
	at org.springframework.web.servlet.mvc.method.annotation.ResponseBodyEmitterReturnValueHandler$DefaultSseEmitterHandler.send(ResponseBodyEmitterReturnValueHandler.java:297) ~[spring-webmvc-6.2.6.jar:6.2.6]
	at org.springframework.web.servlet.mvc.method.annotation.ResponseBodyEmitter.sendInternal(ResponseBodyEmitter.java:226) ~[spring-webmvc-6.2.6.jar:6.2.6]
	at org.springframework.web.servlet.mvc.method.annotation.ResponseBodyEmitter.send(ResponseBodyEmitter.java:217) ~[spring-webmvc-6.2.6.jar:6.2.6]
	at org.springframework.web.servlet.mvc.method.annotation.SseEmitter.send(SseEmitter.java:135) ~[spring-webmvc-6.2.6.jar:6.2.6]
	at org.springframework.web.servlet.mvc.method.annotation.SseEmitter.send(SseEmitter.java:118) ~[spring-webmvc-6.2.6.jar:6.2.6]
	at org.springframework.web.servlet.mvc.method.annotation.ReactiveTypeHandler$SseEmitterSubscriber.send(ReactiveTypeHandler.java:440) ~[spring-webmvc-6.2.6.jar:6.2.6]
	at org.springframework.web.servlet.mvc.method.annotation.ReactiveTypeHandler$AbstractEmitterSubscriber.run(ReactiveTypeHandler.java:359) ~[spring-webmvc-6.2.6.jar:6.2.6]
	at io.micrometer.context.ContextSnapshot.lambda$wrap$0(ContextSnapshot.java:91) ~[context-propagation-1.1.3.jar:1.1.3]
	at java.base/java.lang.Thread.run(Thread.java:1583) [?:?]
Caused by: org.apache.catalina.connector.ClientAbortException: java.io.IOException: 你的主机中的软件中止了一个已建立的连接。
	at org.apache.catalina.connector.OutputBuffer.doFlush(OutputBuffer.java:304) ~[tomcat-embed-core-10.1.40.jar:10.1.40]
	at org.apache.catalina.connector.OutputBuffer.flush(OutputBuffer.java:266) ~[tomcat-embed-core-10.1.40.jar:10.1.40]
	at org.apache.catalina.connector.CoyoteOutputStream.flush(CoyoteOutputStream.java:133) ~[tomcat-embed-core-10.1.40.jar:10.1.40]
	at org.springframework.web.context.request.async.StandardServletAsyncWebRequest$LifecycleServletOutputStream.flush(StandardServletAsyncWebRequest.java:415) ~[spring-web-6.2.6.jar:6.2.6]
	... 16 more
Caused by: java.io.IOException: 你的主机中的软件中止了一个已建立的连接。
	at java.base/sun.nio.ch.SocketDispatcher.write0(Native Method) ~[?:?]
	at java.base/sun.nio.ch.SocketDispatcher.write(SocketDispatcher.java:54) ~[?:?]
	at java.base/sun.nio.ch.IOUtil.writeFromNativeBuffer(IOUtil.java:137) ~[?:?]
	at java.base/sun.nio.ch.IOUtil.write(IOUtil.java:102) ~[?:?]
	at java.base/sun.nio.ch.IOUtil.write(IOUtil.java:58) ~[?:?]
	at java.base/sun.nio.ch.SocketChannelImpl.write(SocketChannelImpl.java:542) ~[?:?]
	at org.apache.tomcat.util.net.NioChannel.write(NioChannel.java:122) ~[tomcat-embed-core-10.1.40.jar:10.1.40]
	at org.apache.tomcat.util.net.NioEndpoint$NioSocketWrapper.doWrite(NioEndpoint.java:1380) ~[tomcat-embed-core-10.1.40.jar:10.1.40]
	at org.apache.tomcat.util.net.SocketWrapperBase.doWrite(SocketWrapperBase.java:764) ~[tomcat-embed-core-10.1.40.jar:10.1.40]
	at org.apache.tomcat.util.net.SocketWrapperBase.flushBlocking(SocketWrapperBase.java:728) ~[tomcat-embed-core-10.1.40.jar:10.1.40]
	at org.apache.tomcat.util.net.SocketWrapperBase.flush(SocketWrapperBase.java:712) ~[tomcat-embed-core-10.1.40.jar:10.1.40]
	at org.apache.coyote.http11.Http11OutputBuffer$SocketOutputBuffer.flush(Http11OutputBuffer.java:574) ~[tomcat-embed-core-10.1.40.jar:10.1.40]
	at org.apache.coyote.http11.filters.ChunkedOutputFilter.flush(ChunkedOutputFilter.java:156) ~[tomcat-embed-core-10.1.40.jar:10.1.40]
	at org.apache.coyote.http11.Http11OutputBuffer.flush(Http11OutputBuffer.java:216) ~[tomcat-embed-core-10.1.40.jar:10.1.40]
	at org.apache.coyote.http11.Http11Processor.flush(Http11Processor.java:1271) ~[tomcat-embed-core-10.1.40.jar:10.1.40]
	at org.apache.coyote.AbstractProcessor.action(AbstractProcessor.java:408) ~[tomcat-embed-core-10.1.40.jar:10.1.40]
	at org.apache.coyote.Response.action(Response.java:208) ~[tomcat-embed-core-10.1.40.jar:10.1.40]
	at org.apache.catalina.connector.OutputBuffer.doFlush(OutputBuffer.java:300) ~[tomcat-embed-core-10.1.40.jar:10.1.40]
	at org.apache.catalina.connector.OutputBuffer.flush(OutputBuffer.java:266) ~[tomcat-embed-core-10.1.40.jar:10.1.40]
	at org.apache.catalina.connector.CoyoteOutputStream.flush(CoyoteOutputStream.java:133) ~[tomcat-embed-core-10.1.40.jar:10.1.40]
	at org.springframework.web.context.request.async.StandardServletAsyncWebRequest$LifecycleServletOutputStream.flush(StandardServletAsyncWebRequest.java:415) ~[spring-web-6.2.6.jar:6.2.6]
	... 16 more
2026-02-14 14:23:52.415 [http-nio-8080-exec-1] ERROR com.bit.ai.robot.exception.GlobalExceptionHandler - /chat/completion request error, 
java.io.IOException: 你的主机中的软件中止了一个已建立的连接。
	at java.base/sun.nio.ch.SocketDispatcher.write0(Native Method) ~[?:?]
	at java.base/sun.nio.ch.SocketDispatcher.write(SocketDispatcher.java:54) ~[?:?]
	at java.base/sun.nio.ch.IOUtil.writeFromNativeBuffer(IOUtil.java:137) ~[?:?]
	at java.base/sun.nio.ch.IOUtil.write(IOUtil.java:102) ~[?:?]
	at java.base/sun.nio.ch.IOUtil.write(IOUtil.java:58) ~[?:?]
	at java.base/sun.nio.ch.SocketChannelImpl.write(SocketChannelImpl.java:542) ~[?:?]
	at org.apache.tomcat.util.net.NioChannel.write(NioChannel.java:122) ~[tomcat-embed-core-10.1.40.jar:10.1.40]
	at org.apache.tomcat.util.net.NioEndpoint$NioSocketWrapper.doWrite(NioEndpoint.java:1380) ~[tomcat-embed-core-10.1.40.jar:10.1.40]
	at org.apache.tomcat.util.net.SocketWrapperBase.doWrite(SocketWrapperBase.java:764) ~[tomcat-embed-core-10.1.40.jar:10.1.40]
	at org.apache.tomcat.util.net.SocketWrapperBase.flushBlocking(SocketWrapperBase.java:728) ~[tomcat-embed-core-10.1.40.jar:10.1.40]
	at org.apache.tomcat.util.net.SocketWrapperBase.flush(SocketWrapperBase.java:712) ~[tomcat-embed-core-10.1.40.jar:10.1.40]
	at org.apache.coyote.http11.Http11OutputBuffer$SocketOutputBuffer.flush(Http11OutputBuffer.java:574) ~[tomcat-embed-core-10.1.40.jar:10.1.40]
	at org.apache.coyote.http11.filters.ChunkedOutputFilter.flush(ChunkedOutputFilter.java:156) ~[tomcat-embed-core-10.1.40.jar:10.1.40]
	at org.apache.coyote.http11.Http11OutputBuffer.flush(Http11OutputBuffer.java:216) ~[tomcat-embed-core-10.1.40.jar:10.1.40]
	at org.apache.coyote.http11.Http11Processor.flush(Http11Processor.java:1271) ~[tomcat-embed-core-10.1.40.jar:10.1.40]
	at org.apache.coyote.AbstractProcessor.action(AbstractProcessor.java:408) ~[tomcat-embed-core-10.1.40.jar:10.1.40]
	at org.apache.coyote.Response.action(Response.java:208) ~[tomcat-embed-core-10.1.40.jar:10.1.40]
	at org.apache.catalina.connector.OutputBuffer.doFlush(OutputBuffer.java:300) ~[tomcat-embed-core-10.1.40.jar:10.1.40]
	at org.apache.catalina.connector.OutputBuffer.flush(OutputBuffer.java:266) ~[tomcat-embed-core-10.1.40.jar:10.1.40]
	at org.apache.catalina.connector.CoyoteOutputStream.flush(CoyoteOutputStream.java:133) ~[tomcat-embed-core-10.1.40.jar:10.1.40]
	at org.springframework.web.context.request.async.StandardServletAsyncWebRequest$LifecycleServletOutputStream.flush(StandardServletAsyncWebRequest.java:415) ~[spring-web-6.2.6.jar:6.2.6]
	at java.base/java.io.FilterOutputStream.flush(FilterOutputStream.java:155) ~[?:?]
	at com.fasterxml.jackson.core.json.UTF8JsonGenerator.flush(UTF8JsonGenerator.java:1205) ~[jackson-core-2.18.3.jar:2.18.3]
	at com.fasterxml.jackson.databind.ObjectWriter.writeValue(ObjectWriter.java:1063) ~[jackson-databind-2.18.3.jar:2.18.3]
	at org.springframework.http.converter.json.AbstractJackson2HttpMessageConverter.writeInternal(AbstractJackson2HttpMessageConverter.java:486) ~[spring-web-6.2.6.jar:6.2.6]
	at org.springframework.http.converter.AbstractGenericHttpMessageConverter.writeInternal(AbstractGenericHttpMessageConverter.java:135) ~[spring-web-6.2.6.jar:6.2.6]
	at org.springframework.http.converter.AbstractHttpMessageConverter.write(AbstractHttpMessageConverter.java:235) ~[spring-web-6.2.6.jar:6.2.6]
	at org.springframework.web.servlet.mvc.method.annotation.ResponseBodyEmitterReturnValueHandler$DefaultSseEmitterHandler.sendInternal(ResponseBodyEmitterReturnValueHandler.java:310) ~[spring-webmvc-6.2.6.jar:6.2.6]
	at org.springframework.web.servlet.mvc.method.annotation.ResponseBodyEmitterReturnValueHandler$DefaultSseEmitterHandler.send(ResponseBodyEmitterReturnValueHandler.java:297) ~[spring-webmvc-6.2.6.jar:6.2.6]
	at org.springframework.web.servlet.mvc.method.annotation.ResponseBodyEmitter.sendInternal(ResponseBodyEmitter.java:226) ~[spring-webmvc-6.2.6.jar:6.2.6]
	at org.springframework.web.servlet.mvc.method.annotation.ResponseBodyEmitter.send(ResponseBodyEmitter.java:217) ~[spring-webmvc-6.2.6.jar:6.2.6]
	at org.springframework.web.servlet.mvc.method.annotation.SseEmitter.send(SseEmitter.java:135) ~[spring-webmvc-6.2.6.jar:6.2.6]
	at org.springframework.web.servlet.mvc.method.annotation.SseEmitter.send(SseEmitter.java:118) ~[spring-webmvc-6.2.6.jar:6.2.6]
	at org.springframework.web.servlet.mvc.method.annotation.ReactiveTypeHandler$SseEmitterSubscriber.send(ReactiveTypeHandler.java:440) ~[spring-webmvc-6.2.6.jar:6.2.6]
	at org.springframework.web.servlet.mvc.method.annotation.ReactiveTypeHandler$AbstractEmitterSubscriber.run(ReactiveTypeHandler.java:359) ~[spring-webmvc-6.2.6.jar:6.2.6]
	at io.micrometer.context.ContextSnapshot.lambda$wrap$0(ContextSnapshot.java:91) ~[context-propagation-1.1.3.jar:1.1.3]
	at java.base/java.lang.Thread.run(Thread.java:1583) [?:?]
2026-02-14 14:23:52.416 [http-nio-8080-exec-1] ERROR org.apache.catalina.core.ContainerBase.[Tomcat].[localhost].[/].[dispatcherServlet] - Servlet.service() for servlet [dispatcherServlet] threw exception
java.io.IOException: 你的主机中的软件中止了一个已建立的连接。
	at java.base/sun.nio.ch.SocketDispatcher.write0(Native Method) ~[?:?]
	at java.base/sun.nio.ch.SocketDispatcher.write(SocketDispatcher.java:54) ~[?:?]
	at java.base/sun.nio.ch.IOUtil.writeFromNativeBuffer(IOUtil.java:137) ~[?:?]
	at java.base/sun.nio.ch.IOUtil.write(IOUtil.java:102) ~[?:?]
	at java.base/sun.nio.ch.IOUtil.write(IOUtil.java:58) ~[?:?]
	at java.base/sun.nio.ch.SocketChannelImpl.write(SocketChannelImpl.java:542) ~[?:?]
	at org.apache.tomcat.util.net.NioChannel.write(NioChannel.java:122) ~[tomcat-embed-core-10.1.40.jar:10.1.40]
	at org.apache.tomcat.util.net.NioEndpoint$NioSocketWrapper.doWrite(NioEndpoint.java:1380) ~[tomcat-embed-core-10.1.40.jar:10.1.40]
	at org.apache.tomcat.util.net.SocketWrapperBase.doWrite(SocketWrapperBase.java:764) ~[tomcat-embed-core-10.1.40.jar:10.1.40]
	at org.apache.tomcat.util.net.SocketWrapperBase.flushBlocking(SocketWrapperBase.java:728) ~[tomcat-embed-core-10.1.40.jar:10.1.40]
	at org.apache.tomcat.util.net.SocketWrapperBase.flush(SocketWrapperBase.java:712) ~[tomcat-embed-core-10.1.40.jar:10.1.40]
	at org.apache.coyote.http11.Http11OutputBuffer$SocketOutputBuffer.flush(Http11OutputBuffer.java:574) ~[tomcat-embed-core-10.1.40.jar:10.1.40]
	at org.apache.coyote.http11.filters.ChunkedOutputFilter.flush(ChunkedOutputFilter.java:156) ~[tomcat-embed-core-10.1.40.jar:10.1.40]
	at org.apache.coyote.http11.Http11OutputBuffer.flush(Http11OutputBuffer.java:216) ~[tomcat-embed-core-10.1.40.jar:10.1.40]
	at org.apache.coyote.http11.Http11Processor.flush(Http11Processor.java:1271) ~[tomcat-embed-core-10.1.40.jar:10.1.40]
	at org.apache.coyote.AbstractProcessor.action(AbstractProcessor.java:408) ~[tomcat-embed-core-10.1.40.jar:10.1.40]
	at org.apache.coyote.Response.action(Response.java:208) ~[tomcat-embed-core-10.1.40.jar:10.1.40]
	at org.apache.catalina.connector.OutputBuffer.doFlush(OutputBuffer.java:300) ~[tomcat-embed-core-10.1.40.jar:10.1.40]
	at org.apache.catalina.connector.OutputBuffer.flush(OutputBuffer.java:266) ~[tomcat-embed-core-10.1.40.jar:10.1.40]
	at org.apache.catalina.connector.CoyoteOutputStream.flush(CoyoteOutputStream.java:133) ~[tomcat-embed-core-10.1.40.jar:10.1.40]
	at org.springframework.web.context.request.async.StandardServletAsyncWebRequest$LifecycleServletOutputStream.flush(StandardServletAsyncWebRequest.java:415) ~[spring-web-6.2.6.jar:6.2.6]
	at java.base/java.io.FilterOutputStream.flush(FilterOutputStream.java:155) ~[?:?]
	at com.fasterxml.jackson.core.json.UTF8JsonGenerator.flush(UTF8JsonGenerator.java:1205) ~[jackson-core-2.18.3.jar:2.18.3]
	at com.fasterxml.jackson.databind.ObjectWriter.writeValue(ObjectWriter.java:1063) ~[jackson-databind-2.18.3.jar:2.18.3]
	at org.springframework.http.converter.json.AbstractJackson2HttpMessageConverter.writeInternal(AbstractJackson2HttpMessageConverter.java:486) ~[spring-web-6.2.6.jar:6.2.6]
	at org.springframework.http.converter.AbstractGenericHttpMessageConverter.writeInternal(AbstractGenericHttpMessageConverter.java:135) ~[spring-web-6.2.6.jar:6.2.6]
	at org.springframework.http.converter.AbstractHttpMessageConverter.write(AbstractHttpMessageConverter.java:235) ~[spring-web-6.2.6.jar:6.2.6]
	at org.springframework.web.servlet.mvc.method.annotation.ResponseBodyEmitterReturnValueHandler$DefaultSseEmitterHandler.sendInternal(ResponseBodyEmitterReturnValueHandler.java:310) ~[spring-webmvc-6.2.6.jar:6.2.6]
	at org.springframework.web.servlet.mvc.method.annotation.ResponseBodyEmitterReturnValueHandler$DefaultSseEmitterHandler.send(ResponseBodyEmitterReturnValueHandler.java:297) ~[spring-webmvc-6.2.6.jar:6.2.6]
	at org.springframework.web.servlet.mvc.method.annotation.ResponseBodyEmitter.sendInternal(ResponseBodyEmitter.java:226) ~[spring-webmvc-6.2.6.jar:6.2.6]
	at org.springframework.web.servlet.mvc.method.annotation.ResponseBodyEmitter.send(ResponseBodyEmitter.java:217) ~[spring-webmvc-6.2.6.jar:6.2.6]
	at org.springframework.web.servlet.mvc.method.annotation.SseEmitter.send(SseEmitter.java:135) ~[spring-webmvc-6.2.6.jar:6.2.6]
	at org.springframework.web.servlet.mvc.method.annotation.SseEmitter.send(SseEmitter.java:118) ~[spring-webmvc-6.2.6.jar:6.2.6]
	at org.springframework.web.servlet.mvc.method.annotation.ReactiveTypeHandler$SseEmitterSubscriber.send(ReactiveTypeHandler.java:440) ~[spring-webmvc-6.2.6.jar:6.2.6]
	at org.springframework.web.servlet.mvc.method.annotation.ReactiveTypeHandler$AbstractEmitterSubscriber.run(ReactiveTypeHandler.java:359) ~[spring-webmvc-6.2.6.jar:6.2.6]
	at io.micrometer.context.ContextSnapshot.lambda$wrap$0(ContextSnapshot.java:91) ~[context-propagation-1.1.3.jar:1.1.3]
	at java.base/java.lang.Thread.run(Thread.java:1583) [?:?]
2026-02-14 14:23:52.416 [http-nio-8080-exec-1] ERROR org.apache.catalina.core.ContainerBase.[Tomcat].[localhost].[/].[dispatcherServlet] - Servlet.service() for servlet [dispatcherServlet] in context with path [] threw exception
java.io.IOException: 你的主机中的软件中止了一个已建立的连接。
	at java.base/sun.nio.ch.SocketDispatcher.write0(Native Method) ~[?:?]
	at java.base/sun.nio.ch.SocketDispatcher.write(SocketDispatcher.java:54) ~[?:?]
	at java.base/sun.nio.ch.IOUtil.writeFromNativeBuffer(IOUtil.java:137) ~[?:?]
	at java.base/sun.nio.ch.IOUtil.write(IOUtil.java:102) ~[?:?]
	at java.base/sun.nio.ch.IOUtil.write(IOUtil.java:58) ~[?:?]
	at java.base/sun.nio.ch.SocketChannelImpl.write(SocketChannelImpl.java:542) ~[?:?]
	at org.apache.tomcat.util.net.NioChannel.write(NioChannel.java:122) ~[tomcat-embed-core-10.1.40.jar:10.1.40]
	at org.apache.tomcat.util.net.NioEndpoint$NioSocketWrapper.doWrite(NioEndpoint.java:1380) ~[tomcat-embed-core-10.1.40.jar:10.1.40]
	at org.apache.tomcat.util.net.SocketWrapperBase.doWrite(SocketWrapperBase.java:764) ~[tomcat-embed-core-10.1.40.jar:10.1.40]
	at org.apache.tomcat.util.net.SocketWrapperBase.flushBlocking(SocketWrapperBase.java:728) ~[tomcat-embed-core-10.1.40.jar:10.1.40]
	at org.apache.tomcat.util.net.SocketWrapperBase.flush(SocketWrapperBase.java:712) ~[tomcat-embed-core-10.1.40.jar:10.1.40]
	at org.apache.coyote.http11.Http11OutputBuffer$SocketOutputBuffer.flush(Http11OutputBuffer.java:574) ~[tomcat-embed-core-10.1.40.jar:10.1.40]
	at org.apache.coyote.http11.filters.ChunkedOutputFilter.flush(ChunkedOutputFilter.java:156) ~[tomcat-embed-core-10.1.40.jar:10.1.40]
	at org.apache.coyote.http11.Http11OutputBuffer.flush(Http11OutputBuffer.java:216) ~[tomcat-embed-core-10.1.40.jar:10.1.40]
	at org.apache.coyote.http11.Http11Processor.flush(Http11Processor.java:1271) ~[tomcat-embed-core-10.1.40.jar:10.1.40]
	at org.apache.coyote.AbstractProcessor.action(AbstractProcessor.java:408) ~[tomcat-embed-core-10.1.40.jar:10.1.40]
	at org.apache.coyote.Response.action(Response.java:208) ~[tomcat-embed-core-10.1.40.jar:10.1.40]
	at org.apache.catalina.connector.OutputBuffer.doFlush(OutputBuffer.java:300) ~[tomcat-embed-core-10.1.40.jar:10.1.40]
	at org.apache.catalina.connector.OutputBuffer.flush(OutputBuffer.java:266) ~[tomcat-embed-core-10.1.40.jar:10.1.40]
	at org.apache.catalina.connector.CoyoteOutputStream.flush(CoyoteOutputStream.java:133) ~[tomcat-embed-core-10.1.40.jar:10.1.40]
	at org.springframework.web.context.request.async.StandardServletAsyncWebRequest$LifecycleServletOutputStream.flush(StandardServletAsyncWebRequest.java:415) ~[spring-web-6.2.6.jar:6.2.6]
	at java.base/java.io.FilterOutputStream.flush(FilterOutputStream.java:155) ~[?:?]
	at com.fasterxml.jackson.core.json.UTF8JsonGenerator.flush(UTF8JsonGenerator.java:1205) ~[jackson-core-2.18.3.jar:2.18.3]
	at com.fasterxml.jackson.databind.ObjectWriter.writeValue(ObjectWriter.java:1063) ~[jackson-databind-2.18.3.jar:2.18.3]
	at org.springframework.http.converter.json.AbstractJackson2HttpMessageConverter.writeInternal(AbstractJackson2HttpMessageConverter.java:486) ~[spring-web-6.2.6.jar:6.2.6]
	at org.springframework.http.converter.AbstractGenericHttpMessageConverter.writeInternal(AbstractGenericHttpMessageConverter.java:135) ~[spring-web-6.2.6.jar:6.2.6]
	at org.springframework.http.converter.AbstractHttpMessageConverter.write(AbstractHttpMessageConverter.java:235) ~[spring-web-6.2.6.jar:6.2.6]
	at org.springframework.web.servlet.mvc.method.annotation.ResponseBodyEmitterReturnValueHandler$DefaultSseEmitterHandler.sendInternal(ResponseBodyEmitterReturnValueHandler.java:310) ~[spring-webmvc-6.2.6.jar:6.2.6]
	at org.springframework.web.servlet.mvc.method.annotation.ResponseBodyEmitterReturnValueHandler$DefaultSseEmitterHandler.send(ResponseBodyEmitterReturnValueHandler.java:297) ~[spring-webmvc-6.2.6.jar:6.2.6]
	at org.springframework.web.servlet.mvc.method.annotation.ResponseBodyEmitter.sendInternal(ResponseBodyEmitter.java:226) ~[spring-webmvc-6.2.6.jar:6.2.6]
	at org.springframework.web.servlet.mvc.method.annotation.ResponseBodyEmitter.send(ResponseBodyEmitter.java:217) ~[spring-webmvc-6.2.6.jar:6.2.6]
	at org.springframework.web.servlet.mvc.method.annotation.SseEmitter.send(SseEmitter.java:135) ~[spring-webmvc-6.2.6.jar:6.2.6]
	at org.springframework.web.servlet.mvc.method.annotation.SseEmitter.send(SseEmitter.java:118) ~[spring-webmvc-6.2.6.jar:6.2.6]
	at org.springframework.web.servlet.mvc.method.annotation.ReactiveTypeHandler$SseEmitterSubscriber.send(ReactiveTypeHandler.java:440) ~[spring-webmvc-6.2.6.jar:6.2.6]
	at org.springframework.web.servlet.mvc.method.annotation.ReactiveTypeHandler$AbstractEmitterSubscriber.run(ReactiveTypeHandler.java:359) ~[spring-webmvc-6.2.6.jar:6.2.6]
	at io.micrometer.context.ContextSnapshot.lambda$wrap$0(ContextSnapshot.java:91) ~[context-propagation-1.1.3.jar:1.1.3]
	at java.base/java.lang.Thread.run(Thread.java:1583) [?:?]
2026-02-14 14:23:54.439 [http-nio-8080-exec-5] ERROR com.bit.ai.robot.exception.GlobalExceptionHandler - /chat/completion request error, 
java.io.IOException: 你的主机中的软件中止了一个已建立的连接。
	at java.base/sun.nio.ch.SocketDispatcher.write0(Native Method) ~[?:?]
	at java.base/sun.nio.ch.SocketDispatcher.write(SocketDispatcher.java:54) ~[?:?]
	at java.base/sun.nio.ch.IOUtil.writeFromNativeBuffer(IOUtil.java:137) ~[?:?]
	at java.base/sun.nio.ch.IOUtil.write(IOUtil.java:102) ~[?:?]
	at java.base/sun.nio.ch.IOUtil.write(IOUtil.java:58) ~[?:?]
	at java.base/sun.nio.ch.SocketChannelImpl.write(SocketChannelImpl.java:542) ~[?:?]
	at org.apache.tomcat.util.net.NioChannel.write(NioChannel.java:122) ~[tomcat-embed-core-10.1.40.jar:10.1.40]
	at org.apache.tomcat.util.net.NioEndpoint$NioSocketWrapper.doWrite(NioEndpoint.java:1380) ~[tomcat-embed-core-10.1.40.jar:10.1.40]
	at org.apache.tomcat.util.net.SocketWrapperBase.doWrite(SocketWrapperBase.java:764) ~[tomcat-embed-core-10.1.40.jar:10.1.40]
	at org.apache.tomcat.util.net.SocketWrapperBase.flushBlocking(SocketWrapperBase.java:728) ~[tomcat-embed-core-10.1.40.jar:10.1.40]
	at org.apache.tomcat.util.net.SocketWrapperBase.flush(SocketWrapperBase.java:712) ~[tomcat-embed-core-10.1.40.jar:10.1.40]
	at org.apache.coyote.http11.Http11OutputBuffer$SocketOutputBuffer.flush(Http11OutputBuffer.java:574) ~[tomcat-embed-core-10.1.40.jar:10.1.40]
	at org.apache.coyote.http11.filters.ChunkedOutputFilter.flush(ChunkedOutputFilter.java:156) ~[tomcat-embed-core-10.1.40.jar:10.1.40]
	at org.apache.coyote.http11.Http11OutputBuffer.flush(Http11OutputBuffer.java:216) ~[tomcat-embed-core-10.1.40.jar:10.1.40]
	at org.apache.coyote.http11.Http11Processor.flush(Http11Processor.java:1271) ~[tomcat-embed-core-10.1.40.jar:10.1.40]
	at org.apache.coyote.AbstractProcessor.action(AbstractProcessor.java:408) ~[tomcat-embed-core-10.1.40.jar:10.1.40]
	at org.apache.coyote.Response.action(Response.java:208) ~[tomcat-embed-core-10.1.40.jar:10.1.40]
	at org.apache.catalina.connector.OutputBuffer.doFlush(OutputBuffer.java:300) ~[tomcat-embed-core-10.1.40.jar:10.1.40]
	at org.apache.catalina.connector.OutputBuffer.flush(OutputBuffer.java:266) ~[tomcat-embed-core-10.1.40.jar:10.1.40]
	at org.apache.catalina.connector.CoyoteOutputStream.flush(CoyoteOutputStream.java:133) ~[tomcat-embed-core-10.1.40.jar:10.1.40]
	at org.springframework.web.context.request.async.StandardServletAsyncWebRequest$LifecycleServletOutputStream.flush(StandardServletAsyncWebRequest.java:415) ~[spring-web-6.2.6.jar:6.2.6]
	at java.base/java.io.FilterOutputStream.flush(FilterOutputStream.java:155) ~[?:?]
	at com.fasterxml.jackson.core.json.UTF8JsonGenerator.flush(UTF8JsonGenerator.java:1205) ~[jackson-core-2.18.3.jar:2.18.3]
	at com.fasterxml.jackson.databind.ObjectWriter.writeValue(ObjectWriter.java:1063) ~[jackson-databind-2.18.3.jar:2.18.3]
	at org.springframework.http.converter.json.AbstractJackson2HttpMessageConverter.writeInternal(AbstractJackson2HttpMessageConverter.java:486) ~[spring-web-6.2.6.jar:6.2.6]
	at org.springframework.http.converter.AbstractGenericHttpMessageConverter.writeInternal(AbstractGenericHttpMessageConverter.java:135) ~[spring-web-6.2.6.jar:6.2.6]
	at org.springframework.http.converter.AbstractHttpMessageConverter.write(AbstractHttpMessageConverter.java:235) ~[spring-web-6.2.6.jar:6.2.6]
	at org.springframework.web.servlet.mvc.method.annotation.ResponseBodyEmitterReturnValueHandler$DefaultSseEmitterHandler.sendInternal(ResponseBodyEmitterReturnValueHandler.java:310) ~[spring-webmvc-6.2.6.jar:6.2.6]
	at org.springframework.web.servlet.mvc.method.annotation.ResponseBodyEmitterReturnValueHandler$DefaultSseEmitterHandler.send(ResponseBodyEmitterReturnValueHandler.java:297) ~[spring-webmvc-6.2.6.jar:6.2.6]
	at org.springframework.web.servlet.mvc.method.annotation.ResponseBodyEmitter.sendInternal(ResponseBodyEmitter.java:226) ~[spring-webmvc-6.2.6.jar:6.2.6]
	at org.springframework.web.servlet.mvc.method.annotation.ResponseBodyEmitter.send(ResponseBodyEmitter.java:217) ~[spring-webmvc-6.2.6.jar:6.2.6]
	at org.springframework.web.servlet.mvc.method.annotation.SseEmitter.send(SseEmitter.java:135) ~[spring-webmvc-6.2.6.jar:6.2.6]
	at org.springframework.web.servlet.mvc.method.annotation.SseEmitter.send(SseEmitter.java:118) ~[spring-webmvc-6.2.6.jar:6.2.6]
	at org.springframework.web.servlet.mvc.method.annotation.ReactiveTypeHandler$SseEmitterSubscriber.send(ReactiveTypeHandler.java:440) ~[spring-webmvc-6.2.6.jar:6.2.6]
	at org.springframework.web.servlet.mvc.method.annotation.ReactiveTypeHandler$AbstractEmitterSubscriber.run(ReactiveTypeHandler.java:359) ~[spring-webmvc-6.2.6.jar:6.2.6]
	at io.micrometer.context.ContextSnapshot.lambda$wrap$0(ContextSnapshot.java:91) ~[context-propagation-1.1.3.jar:1.1.3]
	at java.base/java.lang.Thread.run(Thread.java:1583) [?:?]
2026-02-14 14:23:54.441 [http-nio-8080-exec-5] ERROR org.apache.catalina.core.ContainerBase.[Tomcat].[localhost].[/].[dispatcherServlet] - Servlet.service() for servlet [dispatcherServlet] threw exception
java.io.IOException: 你的主机中的软件中止了一个已建立的连接。
	at java.base/sun.nio.ch.SocketDispatcher.write0(Native Method) ~[?:?]
	at java.base/sun.nio.ch.SocketDispatcher.write(SocketDispatcher.java:54) ~[?:?]
	at java.base/sun.nio.ch.IOUtil.writeFromNativeBuffer(IOUtil.java:137) ~[?:?]
	at java.base/sun.nio.ch.IOUtil.write(IOUtil.java:102) ~[?:?]
	at java.base/sun.nio.ch.IOUtil.write(IOUtil.java:58) ~[?:?]
	at java.base/sun.nio.ch.SocketChannelImpl.write(SocketChannelImpl.java:542) ~[?:?]
	at org.apache.tomcat.util.net.NioChannel.write(NioChannel.java:122) ~[tomcat-embed-core-10.1.40.jar:10.1.40]
	at org.apache.tomcat.util.net.NioEndpoint$NioSocketWrapper.doWrite(NioEndpoint.java:1380) ~[tomcat-embed-core-10.1.40.jar:10.1.40]
	at org.apache.tomcat.util.net.SocketWrapperBase.doWrite(SocketWrapperBase.java:764) ~[tomcat-embed-core-10.1.40.jar:10.1.40]
	at org.apache.tomcat.util.net.SocketWrapperBase.flushBlocking(SocketWrapperBase.java:728) ~[tomcat-embed-core-10.1.40.jar:10.1.40]
	at org.apache.tomcat.util.net.SocketWrapperBase.flush(SocketWrapperBase.java:712) ~[tomcat-embed-core-10.1.40.jar:10.1.40]
	at org.apache.coyote.http11.Http11OutputBuffer$SocketOutputBuffer.flush(Http11OutputBuffer.java:574) ~[tomcat-embed-core-10.1.40.jar:10.1.40]
	at org.apache.coyote.http11.filters.ChunkedOutputFilter.flush(ChunkedOutputFilter.java:156) ~[tomcat-embed-core-10.1.40.jar:10.1.40]
	at org.apache.coyote.http11.Http11OutputBuffer.flush(Http11OutputBuffer.java:216) ~[tomcat-embed-core-10.1.40.jar:10.1.40]
	at org.apache.coyote.http11.Http11Processor.flush(Http11Processor.java:1271) ~[tomcat-embed-core-10.1.40.jar:10.1.40]
	at org.apache.coyote.AbstractProcessor.action(AbstractProcessor.java:408) ~[tomcat-embed-core-10.1.40.jar:10.1.40]
	at org.apache.coyote.Response.action(Response.java:208) ~[tomcat-embed-core-10.1.40.jar:10.1.40]
	at org.apache.catalina.connector.OutputBuffer.doFlush(OutputBuffer.java:300) ~[tomcat-embed-core-10.1.40.jar:10.1.40]
	at org.apache.catalina.connector.OutputBuffer.flush(OutputBuffer.java:266) ~[tomcat-embed-core-10.1.40.jar:10.1.40]
	at org.apache.catalina.connector.CoyoteOutputStream.flush(CoyoteOutputStream.java:133) ~[tomcat-embed-core-10.1.40.jar:10.1.40]
	at org.springframework.web.context.request.async.StandardServletAsyncWebRequest$LifecycleServletOutputStream.flush(StandardServletAsyncWebRequest.java:415) ~[spring-web-6.2.6.jar:6.2.6]
	at java.base/java.io.FilterOutputStream.flush(FilterOutputStream.java:155) ~[?:?]
	at com.fasterxml.jackson.core.json.UTF8JsonGenerator.flush(UTF8JsonGenerator.java:1205) ~[jackson-core-2.18.3.jar:2.18.3]
	at com.fasterxml.jackson.databind.ObjectWriter.writeValue(ObjectWriter.java:1063) ~[jackson-databind-2.18.3.jar:2.18.3]
	at org.springframework.http.converter.json.AbstractJackson2HttpMessageConverter.writeInternal(AbstractJackson2HttpMessageConverter.java:486) ~[spring-web-6.2.6.jar:6.2.6]
	at org.springframework.http.converter.AbstractGenericHttpMessageConverter.writeInternal(AbstractGenericHttpMessageConverter.java:135) ~[spring-web-6.2.6.jar:6.2.6]
	at org.springframework.http.converter.AbstractHttpMessageConverter.write(AbstractHttpMessageConverter.java:235) ~[spring-web-6.2.6.jar:6.2.6]
	at org.springframework.web.servlet.mvc.method.annotation.ResponseBodyEmitterReturnValueHandler$DefaultSseEmitterHandler.sendInternal(ResponseBodyEmitterReturnValueHandler.java:310) ~[spring-webmvc-6.2.6.jar:6.2.6]
	at org.springframework.web.servlet.mvc.method.annotation.ResponseBodyEmitterReturnValueHandler$DefaultSseEmitterHandler.send(ResponseBodyEmitterReturnValueHandler.java:297) ~[spring-webmvc-6.2.6.jar:6.2.6]
	at org.springframework.web.servlet.mvc.method.annotation.ResponseBodyEmitter.sendInternal(ResponseBodyEmitter.java:226) ~[spring-webmvc-6.2.6.jar:6.2.6]
	at org.springframework.web.servlet.mvc.method.annotation.ResponseBodyEmitter.send(ResponseBodyEmitter.java:217) ~[spring-webmvc-6.2.6.jar:6.2.6]
	at org.springframework.web.servlet.mvc.method.annotation.SseEmitter.send(SseEmitter.java:135) ~[spring-webmvc-6.2.6.jar:6.2.6]
	at org.springframework.web.servlet.mvc.method.annotation.SseEmitter.send(SseEmitter.java:118) ~[spring-webmvc-6.2.6.jar:6.2.6]
	at org.springframework.web.servlet.mvc.method.annotation.ReactiveTypeHandler$SseEmitterSubscriber.send(ReactiveTypeHandler.java:440) ~[spring-webmvc-6.2.6.jar:6.2.6]
	at org.springframework.web.servlet.mvc.method.annotation.ReactiveTypeHandler$AbstractEmitterSubscriber.run(ReactiveTypeHandler.java:359) ~[spring-webmvc-6.2.6.jar:6.2.6]
	at io.micrometer.context.ContextSnapshot.lambda$wrap$0(ContextSnapshot.java:91) ~[context-propagation-1.1.3.jar:1.1.3]
	at java.base/java.lang.Thread.run(Thread.java:1583) [?:?]
2026-02-14 14:23:54.441 [http-nio-8080-exec-5] ERROR org.apache.catalina.core.ContainerBase.[Tomcat].[localhost].[/].[dispatcherServlet] - Servlet.service() for servlet [dispatcherServlet] in context with path [] threw exception
java.io.IOException: 你的主机中的软件中止了一个已建立的连接。
	at java.base/sun.nio.ch.SocketDispatcher.write0(Native Method) ~[?:?]
	at java.base/sun.nio.ch.SocketDispatcher.write(SocketDispatcher.java:54) ~[?:?]
	at java.base/sun.nio.ch.IOUtil.writeFromNativeBuffer(IOUtil.java:137) ~[?:?]
	at java.base/sun.nio.ch.IOUtil.write(IOUtil.java:102) ~[?:?]
	at java.base/sun.nio.ch.IOUtil.write(IOUtil.java:58) ~[?:?]
	at java.base/sun.nio.ch.SocketChannelImpl.write(SocketChannelImpl.java:542) ~[?:?]
	at org.apache.tomcat.util.net.NioChannel.write(NioChannel.java:122) ~[tomcat-embed-core-10.1.40.jar:10.1.40]
	at org.apache.tomcat.util.net.NioEndpoint$NioSocketWrapper.doWrite(NioEndpoint.java:1380) ~[tomcat-embed-core-10.1.40.jar:10.1.40]
	at org.apache.tomcat.util.net.SocketWrapperBase.doWrite(SocketWrapperBase.java:764) ~[tomcat-embed-core-10.1.40.jar:10.1.40]
	at org.apache.tomcat.util.net.SocketWrapperBase.flushBlocking(SocketWrapperBase.java:728) ~[tomcat-embed-core-10.1.40.jar:10.1.40]
	at org.apache.tomcat.util.net.SocketWrapperBase.flush(SocketWrapperBase.java:712) ~[tomcat-embed-core-10.1.40.jar:10.1.40]
	at org.apache.coyote.http11.Http11OutputBuffer$SocketOutputBuffer.flush(Http11OutputBuffer.java:574) ~[tomcat-embed-core-10.1.40.jar:10.1.40]
	at org.apache.coyote.http11.filters.ChunkedOutputFilter.flush(ChunkedOutputFilter.java:156) ~[tomcat-embed-core-10.1.40.jar:10.1.40]
	at org.apache.coyote.http11.Http11OutputBuffer.flush(Http11OutputBuffer.java:216) ~[tomcat-embed-core-10.1.40.jar:10.1.40]
	at org.apache.coyote.http11.Http11Processor.flush(Http11Processor.java:1271) ~[tomcat-embed-core-10.1.40.jar:10.1.40]
	at org.apache.coyote.AbstractProcessor.action(AbstractProcessor.java:408) ~[tomcat-embed-core-10.1.40.jar:10.1.40]
	at org.apache.coyote.Response.action(Response.java:208) ~[tomcat-embed-core-10.1.40.jar:10.1.40]
	at org.apache.catalina.connector.OutputBuffer.doFlush(OutputBuffer.java:300) ~[tomcat-embed-core-10.1.40.jar:10.1.40]
	at org.apache.catalina.connector.OutputBuffer.flush(OutputBuffer.java:266) ~[tomcat-embed-core-10.1.40.jar:10.1.40]
	at org.apache.catalina.connector.CoyoteOutputStream.flush(CoyoteOutputStream.java:133) ~[tomcat-embed-core-10.1.40.jar:10.1.40]
	at org.springframework.web.context.request.async.StandardServletAsyncWebRequest$LifecycleServletOutputStream.flush(StandardServletAsyncWebRequest.java:415) ~[spring-web-6.2.6.jar:6.2.6]
	at java.base/java.io.FilterOutputStream.flush(FilterOutputStream.java:155) ~[?:?]
	at com.fasterxml.jackson.core.json.UTF8JsonGenerator.flush(UTF8JsonGenerator.java:1205) ~[jackson-core-2.18.3.jar:2.18.3]
	at com.fasterxml.jackson.databind.ObjectWriter.writeValue(ObjectWriter.java:1063) ~[jackson-databind-2.18.3.jar:2.18.3]
	at org.springframework.http.converter.json.AbstractJackson2HttpMessageConverter.writeInternal(AbstractJackson2HttpMessageConverter.java:486) ~[spring-web-6.2.6.jar:6.2.6]
	at org.springframework.http.converter.AbstractGenericHttpMessageConverter.writeInternal(AbstractGenericHttpMessageConverter.java:135) ~[spring-web-6.2.6.jar:6.2.6]
	at org.springframework.http.converter.AbstractHttpMessageConverter.write(AbstractHttpMessageConverter.java:235) ~[spring-web-6.2.6.jar:6.2.6]
	at org.springframework.web.servlet.mvc.method.annotation.ResponseBodyEmitterReturnValueHandler$DefaultSseEmitterHandler.sendInternal(ResponseBodyEmitterReturnValueHandler.java:310) ~[spring-webmvc-6.2.6.jar:6.2.6]
	at org.springframework.web.servlet.mvc.method.annotation.ResponseBodyEmitterReturnValueHandler$DefaultSseEmitterHandler.send(ResponseBodyEmitterReturnValueHandler.java:297) ~[spring-webmvc-6.2.6.jar:6.2.6]
	at org.springframework.web.servlet.mvc.method.annotation.ResponseBodyEmitter.sendInternal(ResponseBodyEmitter.java:226) ~[spring-webmvc-6.2.6.jar:6.2.6]
	at org.springframework.web.servlet.mvc.method.annotation.ResponseBodyEmitter.send(ResponseBodyEmitter.java:217) ~[spring-webmvc-6.2.6.jar:6.2.6]
	at org.springframework.web.servlet.mvc.method.annotation.SseEmitter.send(SseEmitter.java:135) ~[spring-webmvc-6.2.6.jar:6.2.6]
	at org.springframework.web.servlet.mvc.method.annotation.SseEmitter.send(SseEmitter.java:118) ~[spring-webmvc-6.2.6.jar:6.2.6]
	at org.springframework.web.servlet.mvc.method.annotation.ReactiveTypeHandler$SseEmitterSubscriber.send(ReactiveTypeHandler.java:440) ~[spring-webmvc-6.2.6.jar:6.2.6]
	at org.springframework.web.servlet.mvc.method.annotation.ReactiveTypeHandler$AbstractEmitterSubscriber.run(ReactiveTypeHandler.java:359) ~[spring-webmvc-6.2.6.jar:6.2.6]
	at io.micrometer.context.ContextSnapshot.lambda$wrap$0(ContextSnapshot.java:91) ~[context-propagation-1.1.3.jar:1.1.3]
	at java.base/java.lang.Thread.run(Thread.java:1583) [?:?]
2026-02-14 14:24:00.040 [http-nio-8080-exec-4] ERROR com.bit.ai.robot.exception.GlobalExceptionHandler - /chat/completion request error, 
org.springframework.web.context.request.async.AsyncRequestNotUsableException: ServletOutputStream failed to flush: java.io.IOException: 你的主机中的软件中止了一个已建立的连接。
	at org.springframework.web.context.request.async.StandardServletAsyncWebRequest$LifecycleHttpServletResponse.handleIOException(StandardServletAsyncWebRequest.java:346) ~[spring-web-6.2.6.jar:6.2.6]
	at org.springframework.web.context.request.async.StandardServletAsyncWebRequest$LifecycleServletOutputStream.flush(StandardServletAsyncWebRequest.java:418) ~[spring-web-6.2.6.jar:6.2.6]
	at java.base/java.io.FilterOutputStream.flush(FilterOutputStream.java:155) ~[?:?]
	at com.fasterxml.jackson.core.json.UTF8JsonGenerator.flush(UTF8JsonGenerator.java:1205) ~[jackson-core-2.18.3.jar:2.18.3]
	at com.fasterxml.jackson.databind.ObjectWriter.writeValue(ObjectWriter.java:1063) ~[jackson-databind-2.18.3.jar:2.18.3]
	at org.springframework.http.converter.json.AbstractJackson2HttpMessageConverter.writeInternal(AbstractJackson2HttpMessageConverter.java:486) ~[spring-web-6.2.6.jar:6.2.6]
	at org.springframework.http.converter.AbstractGenericHttpMessageConverter.writeInternal(AbstractGenericHttpMessageConverter.java:135) ~[spring-web-6.2.6.jar:6.2.6]
	at org.springframework.http.converter.AbstractHttpMessageConverter.write(AbstractHttpMessageConverter.java:235) ~[spring-web-6.2.6.jar:6.2.6]
	at org.springframework.web.servlet.mvc.method.annotation.ResponseBodyEmitterReturnValueHandler$DefaultSseEmitterHandler.sendInternal(ResponseBodyEmitterReturnValueHandler.java:310) ~[spring-webmvc-6.2.6.jar:6.2.6]
	at org.springframework.web.servlet.mvc.method.annotation.ResponseBodyEmitterReturnValueHandler$DefaultSseEmitterHandler.send(ResponseBodyEmitterReturnValueHandler.java:297) ~[spring-webmvc-6.2.6.jar:6.2.6]
	at org.springframework.web.servlet.mvc.method.annotation.ResponseBodyEmitter.sendInternal(ResponseBodyEmitter.java:226) ~[spring-webmvc-6.2.6.jar:6.2.6]
	at org.springframework.web.servlet.mvc.method.annotation.ResponseBodyEmitter.send(ResponseBodyEmitter.java:217) ~[spring-webmvc-6.2.6.jar:6.2.6]
	at org.springframework.web.servlet.mvc.method.annotation.SseEmitter.send(SseEmitter.java:135) ~[spring-webmvc-6.2.6.jar:6.2.6]
	at org.springframework.web.servlet.mvc.method.annotation.SseEmitter.send(SseEmitter.java:118) ~[spring-webmvc-6.2.6.jar:6.2.6]
	at org.springframework.web.servlet.mvc.method.annotation.ReactiveTypeHandler$SseEmitterSubscriber.send(ReactiveTypeHandler.java:440) ~[spring-webmvc-6.2.6.jar:6.2.6]
	at org.springframework.web.servlet.mvc.method.annotation.ReactiveTypeHandler$AbstractEmitterSubscriber.run(ReactiveTypeHandler.java:359) ~[spring-webmvc-6.2.6.jar:6.2.6]
	at io.micrometer.context.ContextSnapshot.lambda$wrap$0(ContextSnapshot.java:91) ~[context-propagation-1.1.3.jar:1.1.3]
	at java.base/java.lang.Thread.run(Thread.java:1583) [?:?]
Caused by: org.apache.catalina.connector.ClientAbortException: java.io.IOException: 你的主机中的软件中止了一个已建立的连接。
	at org.apache.catalina.connector.OutputBuffer.doFlush(OutputBuffer.java:304) ~[tomcat-embed-core-10.1.40.jar:10.1.40]
	at org.apache.catalina.connector.OutputBuffer.flush(OutputBuffer.java:266) ~[tomcat-embed-core-10.1.40.jar:10.1.40]
	at org.apache.catalina.connector.CoyoteOutputStream.flush(CoyoteOutputStream.java:133) ~[tomcat-embed-core-10.1.40.jar:10.1.40]
	at org.springframework.web.context.request.async.StandardServletAsyncWebRequest$LifecycleServletOutputStream.flush(StandardServletAsyncWebRequest.java:415) ~[spring-web-6.2.6.jar:6.2.6]
	... 16 more
Caused by: java.io.IOException: 你的主机中的软件中止了一个已建立的连接。
	at java.base/sun.nio.ch.SocketDispatcher.write0(Native Method) ~[?:?]
	at java.base/sun.nio.ch.SocketDispatcher.write(SocketDispatcher.java:54) ~[?:?]
	at java.base/sun.nio.ch.IOUtil.writeFromNativeBuffer(IOUtil.java:137) ~[?:?]
	at java.base/sun.nio.ch.IOUtil.write(IOUtil.java:102) ~[?:?]
	at java.base/sun.nio.ch.IOUtil.write(IOUtil.java:58) ~[?:?]
	at java.base/sun.nio.ch.SocketChannelImpl.write(SocketChannelImpl.java:542) ~[?:?]
	at org.apache.tomcat.util.net.NioChannel.write(NioChannel.java:122) ~[tomcat-embed-core-10.1.40.jar:10.1.40]
	at org.apache.tomcat.util.net.NioEndpoint$NioSocketWrapper.doWrite(NioEndpoint.java:1380) ~[tomcat-embed-core-10.1.40.jar:10.1.40]
	at org.apache.tomcat.util.net.SocketWrapperBase.doWrite(SocketWrapperBase.java:764) ~[tomcat-embed-core-10.1.40.jar:10.1.40]
	at org.apache.tomcat.util.net.SocketWrapperBase.flushBlocking(SocketWrapperBase.java:728) ~[tomcat-embed-core-10.1.40.jar:10.1.40]
	at org.apache.tomcat.util.net.SocketWrapperBase.flush(SocketWrapperBase.java:712) ~[tomcat-embed-core-10.1.40.jar:10.1.40]
	at org.apache.coyote.http11.Http11OutputBuffer$SocketOutputBuffer.flush(Http11OutputBuffer.java:574) ~[tomcat-embed-core-10.1.40.jar:10.1.40]
	at org.apache.coyote.http11.filters.ChunkedOutputFilter.flush(ChunkedOutputFilter.java:156) ~[tomcat-embed-core-10.1.40.jar:10.1.40]
	at org.apache.coyote.http11.Http11OutputBuffer.flush(Http11OutputBuffer.java:216) ~[tomcat-embed-core-10.1.40.jar:10.1.40]
	at org.apache.coyote.http11.Http11Processor.flush(Http11Processor.java:1271) ~[tomcat-embed-core-10.1.40.jar:10.1.40]
	at org.apache.coyote.AbstractProcessor.action(AbstractProcessor.java:408) ~[tomcat-embed-core-10.1.40.jar:10.1.40]
	at org.apache.coyote.Response.action(Response.java:208) ~[tomcat-embed-core-10.1.40.jar:10.1.40]
	at org.apache.catalina.connector.OutputBuffer.doFlush(OutputBuffer.java:300) ~[tomcat-embed-core-10.1.40.jar:10.1.40]
	at org.apache.catalina.connector.OutputBuffer.flush(OutputBuffer.java:266) ~[tomcat-embed-core-10.1.40.jar:10.1.40]
	at org.apache.catalina.connector.CoyoteOutputStream.flush(CoyoteOutputStream.java:133) ~[tomcat-embed-core-10.1.40.jar:10.1.40]
	at org.springframework.web.context.request.async.StandardServletAsyncWebRequest$LifecycleServletOutputStream.flush(StandardServletAsyncWebRequest.java:415) ~[spring-web-6.2.6.jar:6.2.6]
	... 16 more
2026-02-14 14:24:00.233 [http-nio-8080-exec-7] ERROR com.bit.ai.robot.exception.GlobalExceptionHandler - /chat/completion request error, 
java.io.IOException: 你的主机中的软件中止了一个已建立的连接。
	at java.base/sun.nio.ch.SocketDispatcher.write0(Native Method) ~[?:?]
	at java.base/sun.nio.ch.SocketDispatcher.write(SocketDispatcher.java:54) ~[?:?]
	at java.base/sun.nio.ch.IOUtil.writeFromNativeBuffer(IOUtil.java:137) ~[?:?]
	at java.base/sun.nio.ch.IOUtil.write(IOUtil.java:102) ~[?:?]
	at java.base/sun.nio.ch.IOUtil.write(IOUtil.java:58) ~[?:?]
	at java.base/sun.nio.ch.SocketChannelImpl.write(SocketChannelImpl.java:542) ~[?:?]
	at org.apache.tomcat.util.net.NioChannel.write(NioChannel.java:122) ~[tomcat-embed-core-10.1.40.jar:10.1.40]
	at org.apache.tomcat.util.net.NioEndpoint$NioSocketWrapper.doWrite(NioEndpoint.java:1380) ~[tomcat-embed-core-10.1.40.jar:10.1.40]
	at org.apache.tomcat.util.net.SocketWrapperBase.doWrite(SocketWrapperBase.java:764) ~[tomcat-embed-core-10.1.40.jar:10.1.40]
	at org.apache.tomcat.util.net.SocketWrapperBase.flushBlocking(SocketWrapperBase.java:728) ~[tomcat-embed-core-10.1.40.jar:10.1.40]
	at org.apache.tomcat.util.net.SocketWrapperBase.flush(SocketWrapperBase.java:712) ~[tomcat-embed-core-10.1.40.jar:10.1.40]
	at org.apache.coyote.http11.Http11OutputBuffer$SocketOutputBuffer.flush(Http11OutputBuffer.java:574) ~[tomcat-embed-core-10.1.40.jar:10.1.40]
	at org.apache.coyote.http11.filters.ChunkedOutputFilter.flush(ChunkedOutputFilter.java:156) ~[tomcat-embed-core-10.1.40.jar:10.1.40]
	at org.apache.coyote.http11.Http11OutputBuffer.flush(Http11OutputBuffer.java:216) ~[tomcat-embed-core-10.1.40.jar:10.1.40]
	at org.apache.coyote.http11.Http11Processor.flush(Http11Processor.java:1271) ~[tomcat-embed-core-10.1.40.jar:10.1.40]
	at org.apache.coyote.AbstractProcessor.action(AbstractProcessor.java:408) ~[tomcat-embed-core-10.1.40.jar:10.1.40]
	at org.apache.coyote.Response.action(Response.java:208) ~[tomcat-embed-core-10.1.40.jar:10.1.40]
	at org.apache.catalina.connector.OutputBuffer.doFlush(OutputBuffer.java:300) ~[tomcat-embed-core-10.1.40.jar:10.1.40]
	at org.apache.catalina.connector.OutputBuffer.flush(OutputBuffer.java:266) ~[tomcat-embed-core-10.1.40.jar:10.1.40]
	at org.apache.catalina.connector.CoyoteOutputStream.flush(CoyoteOutputStream.java:133) ~[tomcat-embed-core-10.1.40.jar:10.1.40]
	at org.springframework.web.context.request.async.StandardServletAsyncWebRequest$LifecycleServletOutputStream.flush(StandardServletAsyncWebRequest.java:415) ~[spring-web-6.2.6.jar:6.2.6]
	at java.base/java.io.FilterOutputStream.flush(FilterOutputStream.java:155) ~[?:?]
	at com.fasterxml.jackson.core.json.UTF8JsonGenerator.flush(UTF8JsonGenerator.java:1205) ~[jackson-core-2.18.3.jar:2.18.3]
	at com.fasterxml.jackson.databind.ObjectWriter.writeValue(ObjectWriter.java:1063) ~[jackson-databind-2.18.3.jar:2.18.3]
	at org.springframework.http.converter.json.AbstractJackson2HttpMessageConverter.writeInternal(AbstractJackson2HttpMessageConverter.java:486) ~[spring-web-6.2.6.jar:6.2.6]
	at org.springframework.http.converter.AbstractGenericHttpMessageConverter.writeInternal(AbstractGenericHttpMessageConverter.java:135) ~[spring-web-6.2.6.jar:6.2.6]
	at org.springframework.http.converter.AbstractHttpMessageConverter.write(AbstractHttpMessageConverter.java:235) ~[spring-web-6.2.6.jar:6.2.6]
	at org.springframework.web.servlet.mvc.method.annotation.ResponseBodyEmitterReturnValueHandler$DefaultSseEmitterHandler.sendInternal(ResponseBodyEmitterReturnValueHandler.java:310) ~[spring-webmvc-6.2.6.jar:6.2.6]
	at org.springframework.web.servlet.mvc.method.annotation.ResponseBodyEmitterReturnValueHandler$DefaultSseEmitterHandler.send(ResponseBodyEmitterReturnValueHandler.java:297) ~[spring-webmvc-6.2.6.jar:6.2.6]
	at org.springframework.web.servlet.mvc.method.annotation.ResponseBodyEmitter.sendInternal(ResponseBodyEmitter.java:226) ~[spring-webmvc-6.2.6.jar:6.2.6]
	at org.springframework.web.servlet.mvc.method.annotation.ResponseBodyEmitter.send(ResponseBodyEmitter.java:217) ~[spring-webmvc-6.2.6.jar:6.2.6]
	at org.springframework.web.servlet.mvc.method.annotation.SseEmitter.send(SseEmitter.java:135) ~[spring-webmvc-6.2.6.jar:6.2.6]
	at org.springframework.web.servlet.mvc.method.annotation.SseEmitter.send(SseEmitter.java:118) ~[spring-webmvc-6.2.6.jar:6.2.6]
	at org.springframework.web.servlet.mvc.method.annotation.ReactiveTypeHandler$SseEmitterSubscriber.send(ReactiveTypeHandler.java:440) ~[spring-webmvc-6.2.6.jar:6.2.6]
	at org.springframework.web.servlet.mvc.method.annotation.ReactiveTypeHandler$AbstractEmitterSubscriber.run(ReactiveTypeHandler.java:359) ~[spring-webmvc-6.2.6.jar:6.2.6]
	at io.micrometer.context.ContextSnapshot.lambda$wrap$0(ContextSnapshot.java:91) ~[context-propagation-1.1.3.jar:1.1.3]
	at java.base/java.lang.Thread.run(Thread.java:1583) [?:?]
2026-02-14 14:24:00.234 [http-nio-8080-exec-7] ERROR org.apache.catalina.core.ContainerBase.[Tomcat].[localhost].[/].[dispatcherServlet] - Servlet.service() for servlet [dispatcherServlet] threw exception
java.io.IOException: 你的主机中的软件中止了一个已建立的连接。
	at java.base/sun.nio.ch.SocketDispatcher.write0(Native Method) ~[?:?]
	at java.base/sun.nio.ch.SocketDispatcher.write(SocketDispatcher.java:54) ~[?:?]
	at java.base/sun.nio.ch.IOUtil.writeFromNativeBuffer(IOUtil.java:137) ~[?:?]
	at java.base/sun.nio.ch.IOUtil.write(IOUtil.java:102) ~[?:?]
	at java.base/sun.nio.ch.IOUtil.write(IOUtil.java:58) ~[?:?]
	at java.base/sun.nio.ch.SocketChannelImpl.write(SocketChannelImpl.java:542) ~[?:?]
	at org.apache.tomcat.util.net.NioChannel.write(NioChannel.java:122) ~[tomcat-embed-core-10.1.40.jar:10.1.40]
	at org.apache.tomcat.util.net.NioEndpoint$NioSocketWrapper.doWrite(NioEndpoint.java:1380) ~[tomcat-embed-core-10.1.40.jar:10.1.40]
	at org.apache.tomcat.util.net.SocketWrapperBase.doWrite(SocketWrapperBase.java:764) ~[tomcat-embed-core-10.1.40.jar:10.1.40]
	at org.apache.tomcat.util.net.SocketWrapperBase.flushBlocking(SocketWrapperBase.java:728) ~[tomcat-embed-core-10.1.40.jar:10.1.40]
	at org.apache.tomcat.util.net.SocketWrapperBase.flush(SocketWrapperBase.java:712) ~[tomcat-embed-core-10.1.40.jar:10.1.40]
	at org.apache.coyote.http11.Http11OutputBuffer$SocketOutputBuffer.flush(Http11OutputBuffer.java:574) ~[tomcat-embed-core-10.1.40.jar:10.1.40]
	at org.apache.coyote.http11.filters.ChunkedOutputFilter.flush(ChunkedOutputFilter.java:156) ~[tomcat-embed-core-10.1.40.jar:10.1.40]
	at org.apache.coyote.http11.Http11OutputBuffer.flush(Http11OutputBuffer.java:216) ~[tomcat-embed-core-10.1.40.jar:10.1.40]
	at org.apache.coyote.http11.Http11Processor.flush(Http11Processor.java:1271) ~[tomcat-embed-core-10.1.40.jar:10.1.40]
	at org.apache.coyote.AbstractProcessor.action(AbstractProcessor.java:408) ~[tomcat-embed-core-10.1.40.jar:10.1.40]
	at org.apache.coyote.Response.action(Response.java:208) ~[tomcat-embed-core-10.1.40.jar:10.1.40]
	at org.apache.catalina.connector.OutputBuffer.doFlush(OutputBuffer.java:300) ~[tomcat-embed-core-10.1.40.jar:10.1.40]
	at org.apache.catalina.connector.OutputBuffer.flush(OutputBuffer.java:266) ~[tomcat-embed-core-10.1.40.jar:10.1.40]
	at org.apache.catalina.connector.CoyoteOutputStream.flush(CoyoteOutputStream.java:133) ~[tomcat-embed-core-10.1.40.jar:10.1.40]
	at org.springframework.web.context.request.async.StandardServletAsyncWebRequest$LifecycleServletOutputStream.flush(StandardServletAsyncWebRequest.java:415) ~[spring-web-6.2.6.jar:6.2.6]
	at java.base/java.io.FilterOutputStream.flush(FilterOutputStream.java:155) ~[?:?]
	at com.fasterxml.jackson.core.json.UTF8JsonGenerator.flush(UTF8JsonGenerator.java:1205) ~[jackson-core-2.18.3.jar:2.18.3]
	at com.fasterxml.jackson.databind.ObjectWriter.writeValue(ObjectWriter.java:1063) ~[jackson-databind-2.18.3.jar:2.18.3]
	at org.springframework.http.converter.json.AbstractJackson2HttpMessageConverter.writeInternal(AbstractJackson2HttpMessageConverter.java:486) ~[spring-web-6.2.6.jar:6.2.6]
	at org.springframework.http.converter.AbstractGenericHttpMessageConverter.writeInternal(AbstractGenericHttpMessageConverter.java:135) ~[spring-web-6.2.6.jar:6.2.6]
	at org.springframework.http.converter.AbstractHttpMessageConverter.write(AbstractHttpMessageConverter.java:235) ~[spring-web-6.2.6.jar:6.2.6]
	at org.springframework.web.servlet.mvc.method.annotation.ResponseBodyEmitterReturnValueHandler$DefaultSseEmitterHandler.sendInternal(ResponseBodyEmitterReturnValueHandler.java:310) ~[spring-webmvc-6.2.6.jar:6.2.6]
	at org.springframework.web.servlet.mvc.method.annotation.ResponseBodyEmitterReturnValueHandler$DefaultSseEmitterHandler.send(ResponseBodyEmitterReturnValueHandler.java:297) ~[spring-webmvc-6.2.6.jar:6.2.6]
	at org.springframework.web.servlet.mvc.method.annotation.ResponseBodyEmitter.sendInternal(ResponseBodyEmitter.java:226) ~[spring-webmvc-6.2.6.jar:6.2.6]
	at org.springframework.web.servlet.mvc.method.annotation.ResponseBodyEmitter.send(ResponseBodyEmitter.java:217) ~[spring-webmvc-6.2.6.jar:6.2.6]
	at org.springframework.web.servlet.mvc.method.annotation.SseEmitter.send(SseEmitter.java:135) ~[spring-webmvc-6.2.6.jar:6.2.6]
	at org.springframework.web.servlet.mvc.method.annotation.SseEmitter.send(SseEmitter.java:118) ~[spring-webmvc-6.2.6.jar:6.2.6]
	at org.springframework.web.servlet.mvc.method.annotation.ReactiveTypeHandler$SseEmitterSubscriber.send(ReactiveTypeHandler.java:440) ~[spring-webmvc-6.2.6.jar:6.2.6]
	at org.springframework.web.servlet.mvc.method.annotation.ReactiveTypeHandler$AbstractEmitterSubscriber.run(ReactiveTypeHandler.java:359) ~[spring-webmvc-6.2.6.jar:6.2.6]
	at io.micrometer.context.ContextSnapshot.lambda$wrap$0(ContextSnapshot.java:91) ~[context-propagation-1.1.3.jar:1.1.3]
	at java.base/java.lang.Thread.run(Thread.java:1583) [?:?]
2026-02-14 14:24:00.234 [http-nio-8080-exec-7] ERROR org.apache.catalina.core.ContainerBase.[Tomcat].[localhost].[/].[dispatcherServlet] - Servlet.service() for servlet [dispatcherServlet] in context with path [] threw exception
java.io.IOException: 你的主机中的软件中止了一个已建立的连接。
	at java.base/sun.nio.ch.SocketDispatcher.write0(Native Method) ~[?:?]
	at java.base/sun.nio.ch.SocketDispatcher.write(SocketDispatcher.java:54) ~[?:?]
	at java.base/sun.nio.ch.IOUtil.writeFromNativeBuffer(IOUtil.java:137) ~[?:?]
	at java.base/sun.nio.ch.IOUtil.write(IOUtil.java:102) ~[?:?]
	at java.base/sun.nio.ch.IOUtil.write(IOUtil.java:58) ~[?:?]
	at java.base/sun.nio.ch.SocketChannelImpl.write(SocketChannelImpl.java:542) ~[?:?]
	at org.apache.tomcat.util.net.NioChannel.write(NioChannel.java:122) ~[tomcat-embed-core-10.1.40.jar:10.1.40]
	at org.apache.tomcat.util.net.NioEndpoint$NioSocketWrapper.doWrite(NioEndpoint.java:1380) ~[tomcat-embed-core-10.1.40.jar:10.1.40]
	at org.apache.tomcat.util.net.SocketWrapperBase.doWrite(SocketWrapperBase.java:764) ~[tomcat-embed-core-10.1.40.jar:10.1.40]
	at org.apache.tomcat.util.net.SocketWrapperBase.flushBlocking(SocketWrapperBase.java:728) ~[tomcat-embed-core-10.1.40.jar:10.1.40]
	at org.apache.tomcat.util.net.SocketWrapperBase.flush(SocketWrapperBase.java:712) ~[tomcat-embed-core-10.1.40.jar:10.1.40]
	at org.apache.coyote.http11.Http11OutputBuffer$SocketOutputBuffer.flush(Http11OutputBuffer.java:574) ~[tomcat-embed-core-10.1.40.jar:10.1.40]
	at org.apache.coyote.http11.filters.ChunkedOutputFilter.flush(ChunkedOutputFilter.java:156) ~[tomcat-embed-core-10.1.40.jar:10.1.40]
	at org.apache.coyote.http11.Http11OutputBuffer.flush(Http11OutputBuffer.java:216) ~[tomcat-embed-core-10.1.40.jar:10.1.40]
	at org.apache.coyote.http11.Http11Processor.flush(Http11Processor.java:1271) ~[tomcat-embed-core-10.1.40.jar:10.1.40]
	at org.apache.coyote.AbstractProcessor.action(AbstractProcessor.java:408) ~[tomcat-embed-core-10.1.40.jar:10.1.40]
	at org.apache.coyote.Response.action(Response.java:208) ~[tomcat-embed-core-10.1.40.jar:10.1.40]
	at org.apache.catalina.connector.OutputBuffer.doFlush(OutputBuffer.java:300) ~[tomcat-embed-core-10.1.40.jar:10.1.40]
	at org.apache.catalina.connector.OutputBuffer.flush(OutputBuffer.java:266) ~[tomcat-embed-core-10.1.40.jar:10.1.40]
	at org.apache.catalina.connector.CoyoteOutputStream.flush(CoyoteOutputStream.java:133) ~[tomcat-embed-core-10.1.40.jar:10.1.40]
	at org.springframework.web.context.request.async.StandardServletAsyncWebRequest$LifecycleServletOutputStream.flush(StandardServletAsyncWebRequest.java:415) ~[spring-web-6.2.6.jar:6.2.6]
	at java.base/java.io.FilterOutputStream.flush(FilterOutputStream.java:155) ~[?:?]
	at com.fasterxml.jackson.core.json.UTF8JsonGenerator.flush(UTF8JsonGenerator.java:1205) ~[jackson-core-2.18.3.jar:2.18.3]
	at com.fasterxml.jackson.databind.ObjectWriter.writeValue(ObjectWriter.java:1063) ~[jackson-databind-2.18.3.jar:2.18.3]
	at org.springframework.http.converter.json.AbstractJackson2HttpMessageConverter.writeInternal(AbstractJackson2HttpMessageConverter.java:486) ~[spring-web-6.2.6.jar:6.2.6]
	at org.springframework.http.converter.AbstractGenericHttpMessageConverter.writeInternal(AbstractGenericHttpMessageConverter.java:135) ~[spring-web-6.2.6.jar:6.2.6]
	at org.springframework.http.converter.AbstractHttpMessageConverter.write(AbstractHttpMessageConverter.java:235) ~[spring-web-6.2.6.jar:6.2.6]
	at org.springframework.web.servlet.mvc.method.annotation.ResponseBodyEmitterReturnValueHandler$DefaultSseEmitterHandler.sendInternal(ResponseBodyEmitterReturnValueHandler.java:310) ~[spring-webmvc-6.2.6.jar:6.2.6]
	at org.springframework.web.servlet.mvc.method.annotation.ResponseBodyEmitterReturnValueHandler$DefaultSseEmitterHandler.send(ResponseBodyEmitterReturnValueHandler.java:297) ~[spring-webmvc-6.2.6.jar:6.2.6]
	at org.springframework.web.servlet.mvc.method.annotation.ResponseBodyEmitter.sendInternal(ResponseBodyEmitter.java:226) ~[spring-webmvc-6.2.6.jar:6.2.6]
	at org.springframework.web.servlet.mvc.method.annotation.ResponseBodyEmitter.send(ResponseBodyEmitter.java:217) ~[spring-webmvc-6.2.6.jar:6.2.6]
	at org.springframework.web.servlet.mvc.method.annotation.SseEmitter.send(SseEmitter.java:135) ~[spring-webmvc-6.2.6.jar:6.2.6]
	at org.springframework.web.servlet.mvc.method.annotation.SseEmitter.send(SseEmitter.java:118) ~[spring-webmvc-6.2.6.jar:6.2.6]
	at org.springframework.web.servlet.mvc.method.annotation.ReactiveTypeHandler$SseEmitterSubscriber.send(ReactiveTypeHandler.java:440) ~[spring-webmvc-6.2.6.jar:6.2.6]
	at org.springframework.web.servlet.mvc.method.annotation.ReactiveTypeHandler$AbstractEmitterSubscriber.run(ReactiveTypeHandler.java:359) ~[spring-webmvc-6.2.6.jar:6.2.6]
	at io.micrometer.context.ContextSnapshot.lambda$wrap$0(ContextSnapshot.java:91) ~[context-propagation-1.1.3.jar:1.1.3]
	at java.base/java.lang.Thread.run(Thread.java:1583) [?:?]
2026-02-14 14:24:01.576 [http-nio-8080-exec-1] ERROR com.bit.ai.robot.exception.GlobalExceptionHandler - /chat/completion request error, 
org.springframework.web.context.request.async.AsyncRequestNotUsableException: ServletOutputStream failed to flush: java.io.IOException: 你的主机中的软件中止了一个已建立的连接。
	at org.springframework.web.context.request.async.StandardServletAsyncWebRequest$LifecycleHttpServletResponse.handleIOException(StandardServletAsyncWebRequest.java:346) ~[spring-web-6.2.6.jar:6.2.6]
	at org.springframework.web.context.request.async.StandardServletAsyncWebRequest$LifecycleServletOutputStream.flush(StandardServletAsyncWebRequest.java:418) ~[spring-web-6.2.6.jar:6.2.6]
	at java.base/java.io.FilterOutputStream.flush(FilterOutputStream.java:155) ~[?:?]
	at com.fasterxml.jackson.core.json.UTF8JsonGenerator.flush(UTF8JsonGenerator.java:1205) ~[jackson-core-2.18.3.jar:2.18.3]
	at com.fasterxml.jackson.databind.ObjectWriter.writeValue(ObjectWriter.java:1063) ~[jackson-databind-2.18.3.jar:2.18.3]
	at org.springframework.http.converter.json.AbstractJackson2HttpMessageConverter.writeInternal(AbstractJackson2HttpMessageConverter.java:486) ~[spring-web-6.2.6.jar:6.2.6]
	at org.springframework.http.converter.AbstractGenericHttpMessageConverter.writeInternal(AbstractGenericHttpMessageConverter.java:135) ~[spring-web-6.2.6.jar:6.2.6]
	at org.springframework.http.converter.AbstractHttpMessageConverter.write(AbstractHttpMessageConverter.java:235) ~[spring-web-6.2.6.jar:6.2.6]
	at org.springframework.web.servlet.mvc.method.annotation.ResponseBodyEmitterReturnValueHandler$DefaultSseEmitterHandler.sendInternal(ResponseBodyEmitterReturnValueHandler.java:310) ~[spring-webmvc-6.2.6.jar:6.2.6]
	at org.springframework.web.servlet.mvc.method.annotation.ResponseBodyEmitterReturnValueHandler$DefaultSseEmitterHandler.send(ResponseBodyEmitterReturnValueHandler.java:297) ~[spring-webmvc-6.2.6.jar:6.2.6]
	at org.springframework.web.servlet.mvc.method.annotation.ResponseBodyEmitter.sendInternal(ResponseBodyEmitter.java:226) ~[spring-webmvc-6.2.6.jar:6.2.6]
	at org.springframework.web.servlet.mvc.method.annotation.ResponseBodyEmitter.send(ResponseBodyEmitter.java:217) ~[spring-webmvc-6.2.6.jar:6.2.6]
	at org.springframework.web.servlet.mvc.method.annotation.SseEmitter.send(SseEmitter.java:135) ~[spring-webmvc-6.2.6.jar:6.2.6]
	at org.springframework.web.servlet.mvc.method.annotation.SseEmitter.send(SseEmitter.java:118) ~[spring-webmvc-6.2.6.jar:6.2.6]
	at org.springframework.web.servlet.mvc.method.annotation.ReactiveTypeHandler$SseEmitterSubscriber.send(ReactiveTypeHandler.java:440) ~[spring-webmvc-6.2.6.jar:6.2.6]
	at org.springframework.web.servlet.mvc.method.annotation.ReactiveTypeHandler$AbstractEmitterSubscriber.run(ReactiveTypeHandler.java:359) ~[spring-webmvc-6.2.6.jar:6.2.6]
	at io.micrometer.context.ContextSnapshot.lambda$wrap$0(ContextSnapshot.java:91) ~[context-propagation-1.1.3.jar:1.1.3]
	at java.base/java.lang.Thread.run(Thread.java:1583) [?:?]
Caused by: org.apache.catalina.connector.ClientAbortException: java.io.IOException: 你的主机中的软件中止了一个已建立的连接。
	at org.apache.catalina.connector.OutputBuffer.doFlush(OutputBuffer.java:304) ~[tomcat-embed-core-10.1.40.jar:10.1.40]
	at org.apache.catalina.connector.OutputBuffer.flush(OutputBuffer.java:266) ~[tomcat-embed-core-10.1.40.jar:10.1.40]
	at org.apache.catalina.connector.CoyoteOutputStream.flush(CoyoteOutputStream.java:133) ~[tomcat-embed-core-10.1.40.jar:10.1.40]
	at org.springframework.web.context.request.async.StandardServletAsyncWebRequest$LifecycleServletOutputStream.flush(StandardServletAsyncWebRequest.java:415) ~[spring-web-6.2.6.jar:6.2.6]
	... 16 more
Caused by: java.io.IOException: 你的主机中的软件中止了一个已建立的连接。
	at java.base/sun.nio.ch.SocketDispatcher.write0(Native Method) ~[?:?]
	at java.base/sun.nio.ch.SocketDispatcher.write(SocketDispatcher.java:54) ~[?:?]
	at java.base/sun.nio.ch.IOUtil.writeFromNativeBuffer(IOUtil.java:137) ~[?:?]
	at java.base/sun.nio.ch.IOUtil.write(IOUtil.java:102) ~[?:?]
	at java.base/sun.nio.ch.IOUtil.write(IOUtil.java:58) ~[?:?]
	at java.base/sun.nio.ch.SocketChannelImpl.write(SocketChannelImpl.java:542) ~[?:?]
	at org.apache.tomcat.util.net.NioChannel.write(NioChannel.java:122) ~[tomcat-embed-core-10.1.40.jar:10.1.40]
	at org.apache.tomcat.util.net.NioEndpoint$NioSocketWrapper.doWrite(NioEndpoint.java:1380) ~[tomcat-embed-core-10.1.40.jar:10.1.40]
	at org.apache.tomcat.util.net.SocketWrapperBase.doWrite(SocketWrapperBase.java:764) ~[tomcat-embed-core-10.1.40.jar:10.1.40]
	at org.apache.tomcat.util.net.SocketWrapperBase.flushBlocking(SocketWrapperBase.java:728) ~[tomcat-embed-core-10.1.40.jar:10.1.40]
	at org.apache.tomcat.util.net.SocketWrapperBase.flush(SocketWrapperBase.java:712) ~[tomcat-embed-core-10.1.40.jar:10.1.40]
	at org.apache.coyote.http11.Http11OutputBuffer$SocketOutputBuffer.flush(Http11OutputBuffer.java:574) ~[tomcat-embed-core-10.1.40.jar:10.1.40]
	at org.apache.coyote.http11.filters.ChunkedOutputFilter.flush(ChunkedOutputFilter.java:156) ~[tomcat-embed-core-10.1.40.jar:10.1.40]
	at org.apache.coyote.http11.Http11OutputBuffer.flush(Http11OutputBuffer.java:216) ~[tomcat-embed-core-10.1.40.jar:10.1.40]
	at org.apache.coyote.http11.Http11Processor.flush(Http11Processor.java:1271) ~[tomcat-embed-core-10.1.40.jar:10.1.40]
	at org.apache.coyote.AbstractProcessor.action(AbstractProcessor.java:408) ~[tomcat-embed-core-10.1.40.jar:10.1.40]
	at org.apache.coyote.Response.action(Response.java:208) ~[tomcat-embed-core-10.1.40.jar:10.1.40]
	at org.apache.catalina.connector.OutputBuffer.doFlush(OutputBuffer.java:300) ~[tomcat-embed-core-10.1.40.jar:10.1.40]
	at org.apache.catalina.connector.OutputBuffer.flush(OutputBuffer.java:266) ~[tomcat-embed-core-10.1.40.jar:10.1.40]
	at org.apache.catalina.connector.CoyoteOutputStream.flush(CoyoteOutputStream.java:133) ~[tomcat-embed-core-10.1.40.jar:10.1.40]
	at org.springframework.web.context.request.async.StandardServletAsyncWebRequest$LifecycleServletOutputStream.flush(StandardServletAsyncWebRequest.java:415) ~[spring-web-6.2.6.jar:6.2.6]
	... 16 more
2026-02-14 14:24:01.921 [http-nio-8080-exec-9] ERROR com.bit.ai.robot.exception.GlobalExceptionHandler - /chat/completion request error, 
org.springframework.web.context.request.async.AsyncRequestNotUsableException: ServletOutputStream failed to flush: java.io.IOException: 你的主机中的软件中止了一个已建立的连接。
	at org.springframework.web.context.request.async.StandardServletAsyncWebRequest$LifecycleHttpServletResponse.handleIOException(StandardServletAsyncWebRequest.java:346) ~[spring-web-6.2.6.jar:6.2.6]
	at org.springframework.web.context.request.async.StandardServletAsyncWebRequest$LifecycleServletOutputStream.flush(StandardServletAsyncWebRequest.java:418) ~[spring-web-6.2.6.jar:6.2.6]
	at java.base/java.io.FilterOutputStream.flush(FilterOutputStream.java:155) ~[?:?]
	at com.fasterxml.jackson.core.json.UTF8JsonGenerator.flush(UTF8JsonGenerator.java:1205) ~[jackson-core-2.18.3.jar:2.18.3]
	at com.fasterxml.jackson.databind.ObjectWriter.writeValue(ObjectWriter.java:1063) ~[jackson-databind-2.18.3.jar:2.18.3]
	at org.springframework.http.converter.json.AbstractJackson2HttpMessageConverter.writeInternal(AbstractJackson2HttpMessageConverter.java:486) ~[spring-web-6.2.6.jar:6.2.6]
	at org.springframework.http.converter.AbstractGenericHttpMessageConverter.writeInternal(AbstractGenericHttpMessageConverter.java:135) ~[spring-web-6.2.6.jar:6.2.6]
	at org.springframework.http.converter.AbstractHttpMessageConverter.write(AbstractHttpMessageConverter.java:235) ~[spring-web-6.2.6.jar:6.2.6]
	at org.springframework.web.servlet.mvc.method.annotation.ResponseBodyEmitterReturnValueHandler$DefaultSseEmitterHandler.sendInternal(ResponseBodyEmitterReturnValueHandler.java:310) ~[spring-webmvc-6.2.6.jar:6.2.6]
	at org.springframework.web.servlet.mvc.method.annotation.ResponseBodyEmitterReturnValueHandler$DefaultSseEmitterHandler.send(ResponseBodyEmitterReturnValueHandler.java:297) ~[spring-webmvc-6.2.6.jar:6.2.6]
	at org.springframework.web.servlet.mvc.method.annotation.ResponseBodyEmitter.sendInternal(ResponseBodyEmitter.java:226) ~[spring-webmvc-6.2.6.jar:6.2.6]
	at org.springframework.web.servlet.mvc.method.annotation.ResponseBodyEmitter.send(ResponseBodyEmitter.java:217) ~[spring-webmvc-6.2.6.jar:6.2.6]
	at org.springframework.web.servlet.mvc.method.annotation.SseEmitter.send(SseEmitter.java:135) ~[spring-webmvc-6.2.6.jar:6.2.6]
	at org.springframework.web.servlet.mvc.method.annotation.SseEmitter.send(SseEmitter.java:118) ~[spring-webmvc-6.2.6.jar:6.2.6]
	at org.springframework.web.servlet.mvc.method.annotation.ReactiveTypeHandler$SseEmitterSubscriber.send(ReactiveTypeHandler.java:440) ~[spring-webmvc-6.2.6.jar:6.2.6]
	at org.springframework.web.servlet.mvc.method.annotation.ReactiveTypeHandler$AbstractEmitterSubscriber.run(ReactiveTypeHandler.java:359) ~[spring-webmvc-6.2.6.jar:6.2.6]
	at io.micrometer.context.ContextSnapshot.lambda$wrap$0(ContextSnapshot.java:91) ~[context-propagation-1.1.3.jar:1.1.3]
	at java.base/java.lang.Thread.run(Thread.java:1583) [?:?]
Caused by: org.apache.catalina.connector.ClientAbortException: java.io.IOException: 你的主机中的软件中止了一个已建立的连接。
	at org.apache.catalina.connector.OutputBuffer.doFlush(OutputBuffer.java:304) ~[tomcat-embed-core-10.1.40.jar:10.1.40]
	at org.apache.catalina.connector.OutputBuffer.flush(OutputBuffer.java:266) ~[tomcat-embed-core-10.1.40.jar:10.1.40]
	at org.apache.catalina.connector.CoyoteOutputStream.flush(CoyoteOutputStream.java:133) ~[tomcat-embed-core-10.1.40.jar:10.1.40]
	at org.springframework.web.context.request.async.StandardServletAsyncWebRequest$LifecycleServletOutputStream.flush(StandardServletAsyncWebRequest.java:415) ~[spring-web-6.2.6.jar:6.2.6]
	... 16 more
Caused by: java.io.IOException: 你的主机中的软件中止了一个已建立的连接。
	at java.base/sun.nio.ch.SocketDispatcher.write0(Native Method) ~[?:?]
	at java.base/sun.nio.ch.SocketDispatcher.write(SocketDispatcher.java:54) ~[?:?]
	at java.base/sun.nio.ch.IOUtil.writeFromNativeBuffer(IOUtil.java:137) ~[?:?]
	at java.base/sun.nio.ch.IOUtil.write(IOUtil.java:102) ~[?:?]
	at java.base/sun.nio.ch.IOUtil.write(IOUtil.java:58) ~[?:?]
	at java.base/sun.nio.ch.SocketChannelImpl.write(SocketChannelImpl.java:542) ~[?:?]
	at org.apache.tomcat.util.net.NioChannel.write(NioChannel.java:122) ~[tomcat-embed-core-10.1.40.jar:10.1.40]
	at org.apache.tomcat.util.net.NioEndpoint$NioSocketWrapper.doWrite(NioEndpoint.java:1380) ~[tomcat-embed-core-10.1.40.jar:10.1.40]
	at org.apache.tomcat.util.net.SocketWrapperBase.doWrite(SocketWrapperBase.java:764) ~[tomcat-embed-core-10.1.40.jar:10.1.40]
	at org.apache.tomcat.util.net.SocketWrapperBase.flushBlocking(SocketWrapperBase.java:728) ~[tomcat-embed-core-10.1.40.jar:10.1.40]
	at org.apache.tomcat.util.net.SocketWrapperBase.flush(SocketWrapperBase.java:712) ~[tomcat-embed-core-10.1.40.jar:10.1.40]
	at org.apache.coyote.http11.Http11OutputBuffer$SocketOutputBuffer.flush(Http11OutputBuffer.java:574) ~[tomcat-embed-core-10.1.40.jar:10.1.40]
	at org.apache.coyote.http11.filters.ChunkedOutputFilter.flush(ChunkedOutputFilter.java:156) ~[tomcat-embed-core-10.1.40.jar:10.1.40]
	at org.apache.coyote.http11.Http11OutputBuffer.flush(Http11OutputBuffer.java:216) ~[tomcat-embed-core-10.1.40.jar:10.1.40]
	at org.apache.coyote.http11.Http11Processor.flush(Http11Processor.java:1271) ~[tomcat-embed-core-10.1.40.jar:10.1.40]
	at org.apache.coyote.AbstractProcessor.action(AbstractProcessor.java:408) ~[tomcat-embed-core-10.1.40.jar:10.1.40]
	at org.apache.coyote.Response.action(Response.java:208) ~[tomcat-embed-core-10.1.40.jar:10.1.40]
	at org.apache.catalina.connector.OutputBuffer.doFlush(OutputBuffer.java:300) ~[tomcat-embed-core-10.1.40.jar:10.1.40]
	at org.apache.catalina.connector.OutputBuffer.flush(OutputBuffer.java:266) ~[tomcat-embed-core-10.1.40.jar:10.1.40]
	at org.apache.catalina.connector.CoyoteOutputStream.flush(CoyoteOutputStream.java:133) ~[tomcat-embed-core-10.1.40.jar:10.1.40]
	at org.springframework.web.context.request.async.StandardServletAsyncWebRequest$LifecycleServletOutputStream.flush(StandardServletAsyncWebRequest.java:415) ~[spring-web-6.2.6.jar:6.2.6]
	... 16 more
2026-02-14 14:24:06.350 [http-nio-8080-exec-5] ERROR com.bit.ai.robot.exception.GlobalExceptionHandler - /chat/completion request error, 
org.springframework.web.context.request.async.AsyncRequestNotUsableException: ServletOutputStream failed to flush: java.io.IOException: 你的主机中的软件中止了一个已建立的连接。
	at org.springframework.web.context.request.async.StandardServletAsyncWebRequest$LifecycleHttpServletResponse.handleIOException(StandardServletAsyncWebRequest.java:346) ~[spring-web-6.2.6.jar:6.2.6]
	at org.springframework.web.context.request.async.StandardServletAsyncWebRequest$LifecycleServletOutputStream.flush(StandardServletAsyncWebRequest.java:418) ~[spring-web-6.2.6.jar:6.2.6]
	at java.base/java.io.FilterOutputStream.flush(FilterOutputStream.java:155) ~[?:?]
	at com.fasterxml.jackson.core.json.UTF8JsonGenerator.flush(UTF8JsonGenerator.java:1205) ~[jackson-core-2.18.3.jar:2.18.3]
	at com.fasterxml.jackson.databind.ObjectWriter.writeValue(ObjectWriter.java:1063) ~[jackson-databind-2.18.3.jar:2.18.3]
	at org.springframework.http.converter.json.AbstractJackson2HttpMessageConverter.writeInternal(AbstractJackson2HttpMessageConverter.java:486) ~[spring-web-6.2.6.jar:6.2.6]
	at org.springframework.http.converter.AbstractGenericHttpMessageConverter.writeInternal(AbstractGenericHttpMessageConverter.java:135) ~[spring-web-6.2.6.jar:6.2.6]
	at org.springframework.http.converter.AbstractHttpMessageConverter.write(AbstractHttpMessageConverter.java:235) ~[spring-web-6.2.6.jar:6.2.6]
	at org.springframework.web.servlet.mvc.method.annotation.ResponseBodyEmitterReturnValueHandler$DefaultSseEmitterHandler.sendInternal(ResponseBodyEmitterReturnValueHandler.java:310) ~[spring-webmvc-6.2.6.jar:6.2.6]
	at org.springframework.web.servlet.mvc.method.annotation.ResponseBodyEmitterReturnValueHandler$DefaultSseEmitterHandler.send(ResponseBodyEmitterReturnValueHandler.java:297) ~[spring-webmvc-6.2.6.jar:6.2.6]
	at org.springframework.web.servlet.mvc.method.annotation.ResponseBodyEmitter.sendInternal(ResponseBodyEmitter.java:226) ~[spring-webmvc-6.2.6.jar:6.2.6]
	at org.springframework.web.servlet.mvc.method.annotation.ResponseBodyEmitter.send(ResponseBodyEmitter.java:217) ~[spring-webmvc-6.2.6.jar:6.2.6]
	at org.springframework.web.servlet.mvc.method.annotation.SseEmitter.send(SseEmitter.java:135) ~[spring-webmvc-6.2.6.jar:6.2.6]
	at org.springframework.web.servlet.mvc.method.annotation.SseEmitter.send(SseEmitter.java:118) ~[spring-webmvc-6.2.6.jar:6.2.6]
	at org.springframework.web.servlet.mvc.method.annotation.ReactiveTypeHandler$SseEmitterSubscriber.send(ReactiveTypeHandler.java:440) ~[spring-webmvc-6.2.6.jar:6.2.6]
	at org.springframework.web.servlet.mvc.method.annotation.ReactiveTypeHandler$AbstractEmitterSubscriber.run(ReactiveTypeHandler.java:359) ~[spring-webmvc-6.2.6.jar:6.2.6]
	at io.micrometer.context.ContextSnapshot.lambda$wrap$0(ContextSnapshot.java:91) ~[context-propagation-1.1.3.jar:1.1.3]
	at java.base/java.lang.Thread.run(Thread.java:1583) [?:?]
Caused by: org.apache.catalina.connector.ClientAbortException: java.io.IOException: 你的主机中的软件中止了一个已建立的连接。
	at org.apache.catalina.connector.OutputBuffer.doFlush(OutputBuffer.java:304) ~[tomcat-embed-core-10.1.40.jar:10.1.40]
	at org.apache.catalina.connector.OutputBuffer.flush(OutputBuffer.java:266) ~[tomcat-embed-core-10.1.40.jar:10.1.40]
	at org.apache.catalina.connector.CoyoteOutputStream.flush(CoyoteOutputStream.java:133) ~[tomcat-embed-core-10.1.40.jar:10.1.40]
	at org.springframework.web.context.request.async.StandardServletAsyncWebRequest$LifecycleServletOutputStream.flush(StandardServletAsyncWebRequest.java:415) ~[spring-web-6.2.6.jar:6.2.6]
	... 16 more
Caused by: java.io.IOException: 你的主机中的软件中止了一个已建立的连接。
	at java.base/sun.nio.ch.SocketDispatcher.write0(Native Method) ~[?:?]
	at java.base/sun.nio.ch.SocketDispatcher.write(SocketDispatcher.java:54) ~[?:?]
	at java.base/sun.nio.ch.IOUtil.writeFromNativeBuffer(IOUtil.java:137) ~[?:?]
	at java.base/sun.nio.ch.IOUtil.write(IOUtil.java:102) ~[?:?]
	at java.base/sun.nio.ch.IOUtil.write(IOUtil.java:58) ~[?:?]
	at java.base/sun.nio.ch.SocketChannelImpl.write(SocketChannelImpl.java:542) ~[?:?]
	at org.apache.tomcat.util.net.NioChannel.write(NioChannel.java:122) ~[tomcat-embed-core-10.1.40.jar:10.1.40]
	at org.apache.tomcat.util.net.NioEndpoint$NioSocketWrapper.doWrite(NioEndpoint.java:1380) ~[tomcat-embed-core-10.1.40.jar:10.1.40]
	at org.apache.tomcat.util.net.SocketWrapperBase.doWrite(SocketWrapperBase.java:764) ~[tomcat-embed-core-10.1.40.jar:10.1.40]
	at org.apache.tomcat.util.net.SocketWrapperBase.flushBlocking(SocketWrapperBase.java:728) ~[tomcat-embed-core-10.1.40.jar:10.1.40]
	at org.apache.tomcat.util.net.SocketWrapperBase.flush(SocketWrapperBase.java:712) ~[tomcat-embed-core-10.1.40.jar:10.1.40]
	at org.apache.coyote.http11.Http11OutputBuffer$SocketOutputBuffer.flush(Http11OutputBuffer.java:574) ~[tomcat-embed-core-10.1.40.jar:10.1.40]
	at org.apache.coyote.http11.filters.ChunkedOutputFilter.flush(ChunkedOutputFilter.java:156) ~[tomcat-embed-core-10.1.40.jar:10.1.40]
	at org.apache.coyote.http11.Http11OutputBuffer.flush(Http11OutputBuffer.java:216) ~[tomcat-embed-core-10.1.40.jar:10.1.40]
	at org.apache.coyote.http11.Http11Processor.flush(Http11Processor.java:1271) ~[tomcat-embed-core-10.1.40.jar:10.1.40]
	at org.apache.coyote.AbstractProcessor.action(AbstractProcessor.java:408) ~[tomcat-embed-core-10.1.40.jar:10.1.40]
	at org.apache.coyote.Response.action(Response.java:208) ~[tomcat-embed-core-10.1.40.jar:10.1.40]
	at org.apache.catalina.connector.OutputBuffer.doFlush(OutputBuffer.java:300) ~[tomcat-embed-core-10.1.40.jar:10.1.40]
	at org.apache.catalina.connector.OutputBuffer.flush(OutputBuffer.java:266) ~[tomcat-embed-core-10.1.40.jar:10.1.40]
	at org.apache.catalina.connector.CoyoteOutputStream.flush(CoyoteOutputStream.java:133) ~[tomcat-embed-core-10.1.40.jar:10.1.40]
	at org.springframework.web.context.request.async.StandardServletAsyncWebRequest$LifecycleServletOutputStream.flush(StandardServletAsyncWebRequest.java:415) ~[spring-web-6.2.6.jar:6.2.6]
	... 16 more
2026-02-14 14:24:22.471 [http-nio-8080-exec-4] ERROR com.bit.ai.robot.exception.GlobalExceptionHandler - /chat/completion request error, 
org.springframework.web.context.request.async.AsyncRequestNotUsableException: ServletOutputStream failed to flush: java.io.IOException: 你的主机中的软件中止了一个已建立的连接。
	at org.springframework.web.context.request.async.StandardServletAsyncWebRequest$LifecycleHttpServletResponse.handleIOException(StandardServletAsyncWebRequest.java:346) ~[spring-web-6.2.6.jar:6.2.6]
	at org.springframework.web.context.request.async.StandardServletAsyncWebRequest$LifecycleServletOutputStream.flush(StandardServletAsyncWebRequest.java:418) ~[spring-web-6.2.6.jar:6.2.6]
	at java.base/java.io.FilterOutputStream.flush(FilterOutputStream.java:155) ~[?:?]
	at com.fasterxml.jackson.core.json.UTF8JsonGenerator.flush(UTF8JsonGenerator.java:1205) ~[jackson-core-2.18.3.jar:2.18.3]
	at com.fasterxml.jackson.databind.ObjectWriter.writeValue(ObjectWriter.java:1063) ~[jackson-databind-2.18.3.jar:2.18.3]
	at org.springframework.http.converter.json.AbstractJackson2HttpMessageConverter.writeInternal(AbstractJackson2HttpMessageConverter.java:486) ~[spring-web-6.2.6.jar:6.2.6]
	at org.springframework.http.converter.AbstractGenericHttpMessageConverter.writeInternal(AbstractGenericHttpMessageConverter.java:135) ~[spring-web-6.2.6.jar:6.2.6]
	at org.springframework.http.converter.AbstractHttpMessageConverter.write(AbstractHttpMessageConverter.java:235) ~[spring-web-6.2.6.jar:6.2.6]
	at org.springframework.web.servlet.mvc.method.annotation.ResponseBodyEmitterReturnValueHandler$DefaultSseEmitterHandler.sendInternal(ResponseBodyEmitterReturnValueHandler.java:310) ~[spring-webmvc-6.2.6.jar:6.2.6]
	at org.springframework.web.servlet.mvc.method.annotation.ResponseBodyEmitterReturnValueHandler$DefaultSseEmitterHandler.send(ResponseBodyEmitterReturnValueHandler.java:297) ~[spring-webmvc-6.2.6.jar:6.2.6]
	at org.springframework.web.servlet.mvc.method.annotation.ResponseBodyEmitter.sendInternal(ResponseBodyEmitter.java:226) ~[spring-webmvc-6.2.6.jar:6.2.6]
	at org.springframework.web.servlet.mvc.method.annotation.ResponseBodyEmitter.send(ResponseBodyEmitter.java:217) ~[spring-webmvc-6.2.6.jar:6.2.6]
	at org.springframework.web.servlet.mvc.method.annotation.SseEmitter.send(SseEmitter.java:135) ~[spring-webmvc-6.2.6.jar:6.2.6]
	at org.springframework.web.servlet.mvc.method.annotation.SseEmitter.send(SseEmitter.java:118) ~[spring-webmvc-6.2.6.jar:6.2.6]
	at org.springframework.web.servlet.mvc.method.annotation.ReactiveTypeHandler$SseEmitterSubscriber.send(ReactiveTypeHandler.java:440) ~[spring-webmvc-6.2.6.jar:6.2.6]
	at org.springframework.web.servlet.mvc.method.annotation.ReactiveTypeHandler$AbstractEmitterSubscriber.run(ReactiveTypeHandler.java:359) ~[spring-webmvc-6.2.6.jar:6.2.6]
	at io.micrometer.context.ContextSnapshot.lambda$wrap$0(ContextSnapshot.java:91) ~[context-propagation-1.1.3.jar:1.1.3]
	at java.base/java.lang.Thread.run(Thread.java:1583) [?:?]
Caused by: org.apache.catalina.connector.ClientAbortException: java.io.IOException: 你的主机中的软件中止了一个已建立的连接。
	at org.apache.catalina.connector.OutputBuffer.doFlush(OutputBuffer.java:304) ~[tomcat-embed-core-10.1.40.jar:10.1.40]
	at org.apache.catalina.connector.OutputBuffer.flush(OutputBuffer.java:266) ~[tomcat-embed-core-10.1.40.jar:10.1.40]
	at org.apache.catalina.connector.CoyoteOutputStream.flush(CoyoteOutputStream.java:133) ~[tomcat-embed-core-10.1.40.jar:10.1.40]
	at org.springframework.web.context.request.async.StandardServletAsyncWebRequest$LifecycleServletOutputStream.flush(StandardServletAsyncWebRequest.java:415) ~[spring-web-6.2.6.jar:6.2.6]
	... 16 more
Caused by: java.io.IOException: 你的主机中的软件中止了一个已建立的连接。
	at java.base/sun.nio.ch.SocketDispatcher.write0(Native Method) ~[?:?]
	at java.base/sun.nio.ch.SocketDispatcher.write(SocketDispatcher.java:54) ~[?:?]
	at java.base/sun.nio.ch.IOUtil.writeFromNativeBuffer(IOUtil.java:137) ~[?:?]
	at java.base/sun.nio.ch.IOUtil.write(IOUtil.java:102) ~[?:?]
	at java.base/sun.nio.ch.IOUtil.write(IOUtil.java:58) ~[?:?]
	at java.base/sun.nio.ch.SocketChannelImpl.write(SocketChannelImpl.java:542) ~[?:?]
	at org.apache.tomcat.util.net.NioChannel.write(NioChannel.java:122) ~[tomcat-embed-core-10.1.40.jar:10.1.40]
	at org.apache.tomcat.util.net.NioEndpoint$NioSocketWrapper.doWrite(NioEndpoint.java:1380) ~[tomcat-embed-core-10.1.40.jar:10.1.40]
	at org.apache.tomcat.util.net.SocketWrapperBase.doWrite(SocketWrapperBase.java:764) ~[tomcat-embed-core-10.1.40.jar:10.1.40]
	at org.apache.tomcat.util.net.SocketWrapperBase.flushBlocking(SocketWrapperBase.java:728) ~[tomcat-embed-core-10.1.40.jar:10.1.40]
	at org.apache.tomcat.util.net.SocketWrapperBase.flush(SocketWrapperBase.java:712) ~[tomcat-embed-core-10.1.40.jar:10.1.40]
	at org.apache.coyote.http11.Http11OutputBuffer$SocketOutputBuffer.flush(Http11OutputBuffer.java:574) ~[tomcat-embed-core-10.1.40.jar:10.1.40]
	at org.apache.coyote.http11.filters.ChunkedOutputFilter.flush(ChunkedOutputFilter.java:156) ~[tomcat-embed-core-10.1.40.jar:10.1.40]
	at org.apache.coyote.http11.Http11OutputBuffer.flush(Http11OutputBuffer.java:216) ~[tomcat-embed-core-10.1.40.jar:10.1.40]
	at org.apache.coyote.http11.Http11Processor.flush(Http11Processor.java:1271) ~[tomcat-embed-core-10.1.40.jar:10.1.40]
	at org.apache.coyote.AbstractProcessor.action(AbstractProcessor.java:408) ~[tomcat-embed-core-10.1.40.jar:10.1.40]
	at org.apache.coyote.Response.action(Response.java:208) ~[tomcat-embed-core-10.1.40.jar:10.1.40]
	at org.apache.catalina.connector.OutputBuffer.doFlush(OutputBuffer.java:300) ~[tomcat-embed-core-10.1.40.jar:10.1.40]
	at org.apache.catalina.connector.OutputBuffer.flush(OutputBuffer.java:266) ~[tomcat-embed-core-10.1.40.jar:10.1.40]
	at org.apache.catalina.connector.CoyoteOutputStream.flush(CoyoteOutputStream.java:133) ~[tomcat-embed-core-10.1.40.jar:10.1.40]
	at org.springframework.web.context.request.async.StandardServletAsyncWebRequest$LifecycleServletOutputStream.flush(StandardServletAsyncWebRequest.java:415) ~[spring-web-6.2.6.jar:6.2.6]
	... 16 more
2026-02-14 14:24:23.749 [http-nio-8080-exec-7] ERROR com.bit.ai.robot.exception.GlobalExceptionHandler - /chat/completion request error, 
java.io.IOException: 你的主机中的软件中止了一个已建立的连接。
	at java.base/sun.nio.ch.SocketDispatcher.write0(Native Method) ~[?:?]
	at java.base/sun.nio.ch.SocketDispatcher.write(SocketDispatcher.java:54) ~[?:?]
	at java.base/sun.nio.ch.IOUtil.writeFromNativeBuffer(IOUtil.java:137) ~[?:?]
	at java.base/sun.nio.ch.IOUtil.write(IOUtil.java:102) ~[?:?]
	at java.base/sun.nio.ch.IOUtil.write(IOUtil.java:58) ~[?:?]
	at java.base/sun.nio.ch.SocketChannelImpl.write(SocketChannelImpl.java:542) ~[?:?]
	at org.apache.tomcat.util.net.NioChannel.write(NioChannel.java:122) ~[tomcat-embed-core-10.1.40.jar:10.1.40]
	at org.apache.tomcat.util.net.NioEndpoint$NioSocketWrapper.doWrite(NioEndpoint.java:1380) ~[tomcat-embed-core-10.1.40.jar:10.1.40]
	at org.apache.tomcat.util.net.SocketWrapperBase.doWrite(SocketWrapperBase.java:764) ~[tomcat-embed-core-10.1.40.jar:10.1.40]
	at org.apache.tomcat.util.net.SocketWrapperBase.flushBlocking(SocketWrapperBase.java:728) ~[tomcat-embed-core-10.1.40.jar:10.1.40]
	at org.apache.tomcat.util.net.SocketWrapperBase.flush(SocketWrapperBase.java:712) ~[tomcat-embed-core-10.1.40.jar:10.1.40]
	at org.apache.coyote.http11.Http11OutputBuffer$SocketOutputBuffer.flush(Http11OutputBuffer.java:574) ~[tomcat-embed-core-10.1.40.jar:10.1.40]
	at org.apache.coyote.http11.filters.ChunkedOutputFilter.flush(ChunkedOutputFilter.java:156) ~[tomcat-embed-core-10.1.40.jar:10.1.40]
	at org.apache.coyote.http11.Http11OutputBuffer.flush(Http11OutputBuffer.java:216) ~[tomcat-embed-core-10.1.40.jar:10.1.40]
	at org.apache.coyote.http11.Http11Processor.flush(Http11Processor.java:1271) ~[tomcat-embed-core-10.1.40.jar:10.1.40]
	at org.apache.coyote.AbstractProcessor.action(AbstractProcessor.java:408) ~[tomcat-embed-core-10.1.40.jar:10.1.40]
	at org.apache.coyote.Response.action(Response.java:208) ~[tomcat-embed-core-10.1.40.jar:10.1.40]
	at org.apache.catalina.connector.OutputBuffer.doFlush(OutputBuffer.java:300) ~[tomcat-embed-core-10.1.40.jar:10.1.40]
	at org.apache.catalina.connector.OutputBuffer.flush(OutputBuffer.java:266) ~[tomcat-embed-core-10.1.40.jar:10.1.40]
	at org.apache.catalina.connector.CoyoteOutputStream.flush(CoyoteOutputStream.java:133) ~[tomcat-embed-core-10.1.40.jar:10.1.40]
	at org.springframework.web.context.request.async.StandardServletAsyncWebRequest$LifecycleServletOutputStream.flush(StandardServletAsyncWebRequest.java:415) ~[spring-web-6.2.6.jar:6.2.6]
	at java.base/java.io.FilterOutputStream.flush(FilterOutputStream.java:155) ~[?:?]
	at com.fasterxml.jackson.core.json.UTF8JsonGenerator.flush(UTF8JsonGenerator.java:1205) ~[jackson-core-2.18.3.jar:2.18.3]
	at com.fasterxml.jackson.databind.ObjectWriter.writeValue(ObjectWriter.java:1063) ~[jackson-databind-2.18.3.jar:2.18.3]
	at org.springframework.http.converter.json.AbstractJackson2HttpMessageConverter.writeInternal(AbstractJackson2HttpMessageConverter.java:486) ~[spring-web-6.2.6.jar:6.2.6]
	at org.springframework.http.converter.AbstractGenericHttpMessageConverter.writeInternal(AbstractGenericHttpMessageConverter.java:135) ~[spring-web-6.2.6.jar:6.2.6]
	at org.springframework.http.converter.AbstractHttpMessageConverter.write(AbstractHttpMessageConverter.java:235) ~[spring-web-6.2.6.jar:6.2.6]
	at org.springframework.web.servlet.mvc.method.annotation.ResponseBodyEmitterReturnValueHandler$DefaultSseEmitterHandler.sendInternal(ResponseBodyEmitterReturnValueHandler.java:310) ~[spring-webmvc-6.2.6.jar:6.2.6]
	at org.springframework.web.servlet.mvc.method.annotation.ResponseBodyEmitterReturnValueHandler$DefaultSseEmitterHandler.send(ResponseBodyEmitterReturnValueHandler.java:297) ~[spring-webmvc-6.2.6.jar:6.2.6]
	at org.springframework.web.servlet.mvc.method.annotation.ResponseBodyEmitter.sendInternal(ResponseBodyEmitter.java:226) ~[spring-webmvc-6.2.6.jar:6.2.6]
	at org.springframework.web.servlet.mvc.method.annotation.ResponseBodyEmitter.send(ResponseBodyEmitter.java:217) ~[spring-webmvc-6.2.6.jar:6.2.6]
	at org.springframework.web.servlet.mvc.method.annotation.SseEmitter.send(SseEmitter.java:135) ~[spring-webmvc-6.2.6.jar:6.2.6]
	at org.springframework.web.servlet.mvc.method.annotation.SseEmitter.send(SseEmitter.java:118) ~[spring-webmvc-6.2.6.jar:6.2.6]
	at org.springframework.web.servlet.mvc.method.annotation.ReactiveTypeHandler$SseEmitterSubscriber.send(ReactiveTypeHandler.java:440) ~[spring-webmvc-6.2.6.jar:6.2.6]
	at org.springframework.web.servlet.mvc.method.annotation.ReactiveTypeHandler$AbstractEmitterSubscriber.run(ReactiveTypeHandler.java:359) ~[spring-webmvc-6.2.6.jar:6.2.6]
	at io.micrometer.context.ContextSnapshot.lambda$wrap$0(ContextSnapshot.java:91) ~[context-propagation-1.1.3.jar:1.1.3]
	at java.base/java.lang.Thread.run(Thread.java:1583) [?:?]
2026-02-14 14:24:23.750 [http-nio-8080-exec-7] ERROR org.apache.catalina.core.ContainerBase.[Tomcat].[localhost].[/].[dispatcherServlet] - Servlet.service() for servlet [dispatcherServlet] threw exception
java.io.IOException: 你的主机中的软件中止了一个已建立的连接。
	at java.base/sun.nio.ch.SocketDispatcher.write0(Native Method) ~[?:?]
	at java.base/sun.nio.ch.SocketDispatcher.write(SocketDispatcher.java:54) ~[?:?]
	at java.base/sun.nio.ch.IOUtil.writeFromNativeBuffer(IOUtil.java:137) ~[?:?]
	at java.base/sun.nio.ch.IOUtil.write(IOUtil.java:102) ~[?:?]
	at java.base/sun.nio.ch.IOUtil.write(IOUtil.java:58) ~[?:?]
	at java.base/sun.nio.ch.SocketChannelImpl.write(SocketChannelImpl.java:542) ~[?:?]
	at org.apache.tomcat.util.net.NioChannel.write(NioChannel.java:122) ~[tomcat-embed-core-10.1.40.jar:10.1.40]
	at org.apache.tomcat.util.net.NioEndpoint$NioSocketWrapper.doWrite(NioEndpoint.java:1380) ~[tomcat-embed-core-10.1.40.jar:10.1.40]
	at org.apache.tomcat.util.net.SocketWrapperBase.doWrite(SocketWrapperBase.java:764) ~[tomcat-embed-core-10.1.40.jar:10.1.40]
	at org.apache.tomcat.util.net.SocketWrapperBase.flushBlocking(SocketWrapperBase.java:728) ~[tomcat-embed-core-10.1.40.jar:10.1.40]
	at org.apache.tomcat.util.net.SocketWrapperBase.flush(SocketWrapperBase.java:712) ~[tomcat-embed-core-10.1.40.jar:10.1.40]
	at org.apache.coyote.http11.Http11OutputBuffer$SocketOutputBuffer.flush(Http11OutputBuffer.java:574) ~[tomcat-embed-core-10.1.40.jar:10.1.40]
	at org.apache.coyote.http11.filters.ChunkedOutputFilter.flush(ChunkedOutputFilter.java:156) ~[tomcat-embed-core-10.1.40.jar:10.1.40]
	at org.apache.coyote.http11.Http11OutputBuffer.flush(Http11OutputBuffer.java:216) ~[tomcat-embed-core-10.1.40.jar:10.1.40]
	at org.apache.coyote.http11.Http11Processor.flush(Http11Processor.java:1271) ~[tomcat-embed-core-10.1.40.jar:10.1.40]
	at org.apache.coyote.AbstractProcessor.action(AbstractProcessor.java:408) ~[tomcat-embed-core-10.1.40.jar:10.1.40]
	at org.apache.coyote.Response.action(Response.java:208) ~[tomcat-embed-core-10.1.40.jar:10.1.40]
	at org.apache.catalina.connector.OutputBuffer.doFlush(OutputBuffer.java:300) ~[tomcat-embed-core-10.1.40.jar:10.1.40]
	at org.apache.catalina.connector.OutputBuffer.flush(OutputBuffer.java:266) ~[tomcat-embed-core-10.1.40.jar:10.1.40]
	at org.apache.catalina.connector.CoyoteOutputStream.flush(CoyoteOutputStream.java:133) ~[tomcat-embed-core-10.1.40.jar:10.1.40]
	at org.springframework.web.context.request.async.StandardServletAsyncWebRequest$LifecycleServletOutputStream.flush(StandardServletAsyncWebRequest.java:415) ~[spring-web-6.2.6.jar:6.2.6]
	at java.base/java.io.FilterOutputStream.flush(FilterOutputStream.java:155) ~[?:?]
	at com.fasterxml.jackson.core.json.UTF8JsonGenerator.flush(UTF8JsonGenerator.java:1205) ~[jackson-core-2.18.3.jar:2.18.3]
	at com.fasterxml.jackson.databind.ObjectWriter.writeValue(ObjectWriter.java:1063) ~[jackson-databind-2.18.3.jar:2.18.3]
	at org.springframework.http.converter.json.AbstractJackson2HttpMessageConverter.writeInternal(AbstractJackson2HttpMessageConverter.java:486) ~[spring-web-6.2.6.jar:6.2.6]
	at org.springframework.http.converter.AbstractGenericHttpMessageConverter.writeInternal(AbstractGenericHttpMessageConverter.java:135) ~[spring-web-6.2.6.jar:6.2.6]
	at org.springframework.http.converter.AbstractHttpMessageConverter.write(AbstractHttpMessageConverter.java:235) ~[spring-web-6.2.6.jar:6.2.6]
	at org.springframework.web.servlet.mvc.method.annotation.ResponseBodyEmitterReturnValueHandler$DefaultSseEmitterHandler.sendInternal(ResponseBodyEmitterReturnValueHandler.java:310) ~[spring-webmvc-6.2.6.jar:6.2.6]
	at org.springframework.web.servlet.mvc.method.annotation.ResponseBodyEmitterReturnValueHandler$DefaultSseEmitterHandler.send(ResponseBodyEmitterReturnValueHandler.java:297) ~[spring-webmvc-6.2.6.jar:6.2.6]
	at org.springframework.web.servlet.mvc.method.annotation.ResponseBodyEmitter.sendInternal(ResponseBodyEmitter.java:226) ~[spring-webmvc-6.2.6.jar:6.2.6]
	at org.springframework.web.servlet.mvc.method.annotation.ResponseBodyEmitter.send(ResponseBodyEmitter.java:217) ~[spring-webmvc-6.2.6.jar:6.2.6]
	at org.springframework.web.servlet.mvc.method.annotation.SseEmitter.send(SseEmitter.java:135) ~[spring-webmvc-6.2.6.jar:6.2.6]
	at org.springframework.web.servlet.mvc.method.annotation.SseEmitter.send(SseEmitter.java:118) ~[spring-webmvc-6.2.6.jar:6.2.6]
	at org.springframework.web.servlet.mvc.method.annotation.ReactiveTypeHandler$SseEmitterSubscriber.send(ReactiveTypeHandler.java:440) ~[spring-webmvc-6.2.6.jar:6.2.6]
	at org.springframework.web.servlet.mvc.method.annotation.ReactiveTypeHandler$AbstractEmitterSubscriber.run(ReactiveTypeHandler.java:359) ~[spring-webmvc-6.2.6.jar:6.2.6]
	at io.micrometer.context.ContextSnapshot.lambda$wrap$0(ContextSnapshot.java:91) ~[context-propagation-1.1.3.jar:1.1.3]
	at java.base/java.lang.Thread.run(Thread.java:1583) [?:?]
2026-02-14 14:24:23.750 [http-nio-8080-exec-7] ERROR org.apache.catalina.core.ContainerBase.[Tomcat].[localhost].[/].[dispatcherServlet] - Servlet.service() for servlet [dispatcherServlet] in context with path [] threw exception
java.io.IOException: 你的主机中的软件中止了一个已建立的连接。
	at java.base/sun.nio.ch.SocketDispatcher.write0(Native Method) ~[?:?]
	at java.base/sun.nio.ch.SocketDispatcher.write(SocketDispatcher.java:54) ~[?:?]
	at java.base/sun.nio.ch.IOUtil.writeFromNativeBuffer(IOUtil.java:137) ~[?:?]
	at java.base/sun.nio.ch.IOUtil.write(IOUtil.java:102) ~[?:?]
	at java.base/sun.nio.ch.IOUtil.write(IOUtil.java:58) ~[?:?]
	at java.base/sun.nio.ch.SocketChannelImpl.write(SocketChannelImpl.java:542) ~[?:?]
	at org.apache.tomcat.util.net.NioChannel.write(NioChannel.java:122) ~[tomcat-embed-core-10.1.40.jar:10.1.40]
	at org.apache.tomcat.util.net.NioEndpoint$NioSocketWrapper.doWrite(NioEndpoint.java:1380) ~[tomcat-embed-core-10.1.40.jar:10.1.40]
	at org.apache.tomcat.util.net.SocketWrapperBase.doWrite(SocketWrapperBase.java:764) ~[tomcat-embed-core-10.1.40.jar:10.1.40]
	at org.apache.tomcat.util.net.SocketWrapperBase.flushBlocking(SocketWrapperBase.java:728) ~[tomcat-embed-core-10.1.40.jar:10.1.40]
	at org.apache.tomcat.util.net.SocketWrapperBase.flush(SocketWrapperBase.java:712) ~[tomcat-embed-core-10.1.40.jar:10.1.40]
	at org.apache.coyote.http11.Http11OutputBuffer$SocketOutputBuffer.flush(Http11OutputBuffer.java:574) ~[tomcat-embed-core-10.1.40.jar:10.1.40]
	at org.apache.coyote.http11.filters.ChunkedOutputFilter.flush(ChunkedOutputFilter.java:156) ~[tomcat-embed-core-10.1.40.jar:10.1.40]
	at org.apache.coyote.http11.Http11OutputBuffer.flush(Http11OutputBuffer.java:216) ~[tomcat-embed-core-10.1.40.jar:10.1.40]
	at org.apache.coyote.http11.Http11Processor.flush(Http11Processor.java:1271) ~[tomcat-embed-core-10.1.40.jar:10.1.40]
	at org.apache.coyote.AbstractProcessor.action(AbstractProcessor.java:408) ~[tomcat-embed-core-10.1.40.jar:10.1.40]
	at org.apache.coyote.Response.action(Response.java:208) ~[tomcat-embed-core-10.1.40.jar:10.1.40]
	at org.apache.catalina.connector.OutputBuffer.doFlush(OutputBuffer.java:300) ~[tomcat-embed-core-10.1.40.jar:10.1.40]
	at org.apache.catalina.connector.OutputBuffer.flush(OutputBuffer.java:266) ~[tomcat-embed-core-10.1.40.jar:10.1.40]
	at org.apache.catalina.connector.CoyoteOutputStream.flush(CoyoteOutputStream.java:133) ~[tomcat-embed-core-10.1.40.jar:10.1.40]
	at org.springframework.web.context.request.async.StandardServletAsyncWebRequest$LifecycleServletOutputStream.flush(StandardServletAsyncWebRequest.java:415) ~[spring-web-6.2.6.jar:6.2.6]
	at java.base/java.io.FilterOutputStream.flush(FilterOutputStream.java:155) ~[?:?]
	at com.fasterxml.jackson.core.json.UTF8JsonGenerator.flush(UTF8JsonGenerator.java:1205) ~[jackson-core-2.18.3.jar:2.18.3]
	at com.fasterxml.jackson.databind.ObjectWriter.writeValue(ObjectWriter.java:1063) ~[jackson-databind-2.18.3.jar:2.18.3]
	at org.springframework.http.converter.json.AbstractJackson2HttpMessageConverter.writeInternal(AbstractJackson2HttpMessageConverter.java:486) ~[spring-web-6.2.6.jar:6.2.6]
	at org.springframework.http.converter.AbstractGenericHttpMessageConverter.writeInternal(AbstractGenericHttpMessageConverter.java:135) ~[spring-web-6.2.6.jar:6.2.6]
	at org.springframework.http.converter.AbstractHttpMessageConverter.write(AbstractHttpMessageConverter.java:235) ~[spring-web-6.2.6.jar:6.2.6]
	at org.springframework.web.servlet.mvc.method.annotation.ResponseBodyEmitterReturnValueHandler$DefaultSseEmitterHandler.sendInternal(ResponseBodyEmitterReturnValueHandler.java:310) ~[spring-webmvc-6.2.6.jar:6.2.6]
	at org.springframework.web.servlet.mvc.method.annotation.ResponseBodyEmitterReturnValueHandler$DefaultSseEmitterHandler.send(ResponseBodyEmitterReturnValueHandler.java:297) ~[spring-webmvc-6.2.6.jar:6.2.6]
	at org.springframework.web.servlet.mvc.method.annotation.ResponseBodyEmitter.sendInternal(ResponseBodyEmitter.java:226) ~[spring-webmvc-6.2.6.jar:6.2.6]
	at org.springframework.web.servlet.mvc.method.annotation.ResponseBodyEmitter.send(ResponseBodyEmitter.java:217) ~[spring-webmvc-6.2.6.jar:6.2.6]
	at org.springframework.web.servlet.mvc.method.annotation.SseEmitter.send(SseEmitter.java:135) ~[spring-webmvc-6.2.6.jar:6.2.6]
	at org.springframework.web.servlet.mvc.method.annotation.SseEmitter.send(SseEmitter.java:118) ~[spring-webmvc-6.2.6.jar:6.2.6]
	at org.springframework.web.servlet.mvc.method.annotation.ReactiveTypeHandler$SseEmitterSubscriber.send(ReactiveTypeHandler.java:440) ~[spring-webmvc-6.2.6.jar:6.2.6]
	at org.springframework.web.servlet.mvc.method.annotation.ReactiveTypeHandler$AbstractEmitterSubscriber.run(ReactiveTypeHandler.java:359) ~[spring-webmvc-6.2.6.jar:6.2.6]
	at io.micrometer.context.ContextSnapshot.lambda$wrap$0(ContextSnapshot.java:91) ~[context-propagation-1.1.3.jar:1.1.3]
	at java.base/java.lang.Thread.run(Thread.java:1583) [?:?]
2026-02-14 14:24:46.877 [http-nio-8080-exec-6] ERROR com.bit.ai.robot.exception.GlobalExceptionHandler - /chat/completion request error, 
java.io.IOException: 你的主机中的软件中止了一个已建立的连接。
	at java.base/sun.nio.ch.SocketDispatcher.write0(Native Method) ~[?:?]
	at java.base/sun.nio.ch.SocketDispatcher.write(SocketDispatcher.java:54) ~[?:?]
	at java.base/sun.nio.ch.IOUtil.writeFromNativeBuffer(IOUtil.java:137) ~[?:?]
	at java.base/sun.nio.ch.IOUtil.write(IOUtil.java:102) ~[?:?]
	at java.base/sun.nio.ch.IOUtil.write(IOUtil.java:58) ~[?:?]
	at java.base/sun.nio.ch.SocketChannelImpl.write(SocketChannelImpl.java:542) ~[?:?]
	at org.apache.tomcat.util.net.NioChannel.write(NioChannel.java:122) ~[tomcat-embed-core-10.1.40.jar:10.1.40]
	at org.apache.tomcat.util.net.NioEndpoint$NioSocketWrapper.doWrite(NioEndpoint.java:1380) ~[tomcat-embed-core-10.1.40.jar:10.1.40]
	at org.apache.tomcat.util.net.SocketWrapperBase.doWrite(SocketWrapperBase.java:764) ~[tomcat-embed-core-10.1.40.jar:10.1.40]
	at org.apache.tomcat.util.net.SocketWrapperBase.flushBlocking(SocketWrapperBase.java:728) ~[tomcat-embed-core-10.1.40.jar:10.1.40]
	at org.apache.tomcat.util.net.SocketWrapperBase.flush(SocketWrapperBase.java:712) ~[tomcat-embed-core-10.1.40.jar:10.1.40]
	at org.apache.coyote.http11.Http11OutputBuffer$SocketOutputBuffer.flush(Http11OutputBuffer.java:574) ~[tomcat-embed-core-10.1.40.jar:10.1.40]
	at org.apache.coyote.http11.filters.ChunkedOutputFilter.flush(ChunkedOutputFilter.java:156) ~[tomcat-embed-core-10.1.40.jar:10.1.40]
	at org.apache.coyote.http11.Http11OutputBuffer.flush(Http11OutputBuffer.java:216) ~[tomcat-embed-core-10.1.40.jar:10.1.40]
	at org.apache.coyote.http11.Http11Processor.flush(Http11Processor.java:1271) ~[tomcat-embed-core-10.1.40.jar:10.1.40]
	at org.apache.coyote.AbstractProcessor.action(AbstractProcessor.java:408) ~[tomcat-embed-core-10.1.40.jar:10.1.40]
	at org.apache.coyote.Response.action(Response.java:208) ~[tomcat-embed-core-10.1.40.jar:10.1.40]
	at org.apache.catalina.connector.OutputBuffer.doFlush(OutputBuffer.java:300) ~[tomcat-embed-core-10.1.40.jar:10.1.40]
	at org.apache.catalina.connector.OutputBuffer.flush(OutputBuffer.java:266) ~[tomcat-embed-core-10.1.40.jar:10.1.40]
	at org.apache.catalina.connector.CoyoteOutputStream.flush(CoyoteOutputStream.java:133) ~[tomcat-embed-core-10.1.40.jar:10.1.40]
	at org.springframework.web.context.request.async.StandardServletAsyncWebRequest$LifecycleServletOutputStream.flush(StandardServletAsyncWebRequest.java:415) ~[spring-web-6.2.6.jar:6.2.6]
	at java.base/java.io.FilterOutputStream.flush(FilterOutputStream.java:155) ~[?:?]
	at com.fasterxml.jackson.core.json.UTF8JsonGenerator.flush(UTF8JsonGenerator.java:1205) ~[jackson-core-2.18.3.jar:2.18.3]
	at com.fasterxml.jackson.databind.ObjectWriter.writeValue(ObjectWriter.java:1063) ~[jackson-databind-2.18.3.jar:2.18.3]
	at org.springframework.http.converter.json.AbstractJackson2HttpMessageConverter.writeInternal(AbstractJackson2HttpMessageConverter.java:486) ~[spring-web-6.2.6.jar:6.2.6]
	at org.springframework.http.converter.AbstractGenericHttpMessageConverter.writeInternal(AbstractGenericHttpMessageConverter.java:135) ~[spring-web-6.2.6.jar:6.2.6]
	at org.springframework.http.converter.AbstractHttpMessageConverter.write(AbstractHttpMessageConverter.java:235) ~[spring-web-6.2.6.jar:6.2.6]
	at org.springframework.web.servlet.mvc.method.annotation.ResponseBodyEmitterReturnValueHandler$DefaultSseEmitterHandler.sendInternal(ResponseBodyEmitterReturnValueHandler.java:310) ~[spring-webmvc-6.2.6.jar:6.2.6]
	at org.springframework.web.servlet.mvc.method.annotation.ResponseBodyEmitterReturnValueHandler$DefaultSseEmitterHandler.send(ResponseBodyEmitterReturnValueHandler.java:297) ~[spring-webmvc-6.2.6.jar:6.2.6]
	at org.springframework.web.servlet.mvc.method.annotation.ResponseBodyEmitter.sendInternal(ResponseBodyEmitter.java:226) ~[spring-webmvc-6.2.6.jar:6.2.6]
	at org.springframework.web.servlet.mvc.method.annotation.ResponseBodyEmitter.send(ResponseBodyEmitter.java:217) ~[spring-webmvc-6.2.6.jar:6.2.6]
	at org.springframework.web.servlet.mvc.method.annotation.SseEmitter.send(SseEmitter.java:135) ~[spring-webmvc-6.2.6.jar:6.2.6]
	at org.springframework.web.servlet.mvc.method.annotation.SseEmitter.send(SseEmitter.java:118) ~[spring-webmvc-6.2.6.jar:6.2.6]
	at org.springframework.web.servlet.mvc.method.annotation.ReactiveTypeHandler$SseEmitterSubscriber.send(ReactiveTypeHandler.java:440) ~[spring-webmvc-6.2.6.jar:6.2.6]
	at org.springframework.web.servlet.mvc.method.annotation.ReactiveTypeHandler$AbstractEmitterSubscriber.run(ReactiveTypeHandler.java:359) ~[spring-webmvc-6.2.6.jar:6.2.6]
	at io.micrometer.context.ContextSnapshot.lambda$wrap$0(ContextSnapshot.java:91) ~[context-propagation-1.1.3.jar:1.1.3]
	at java.base/java.lang.Thread.run(Thread.java:1583) [?:?]
2026-02-14 14:24:46.878 [http-nio-8080-exec-6] ERROR org.apache.catalina.core.ContainerBase.[Tomcat].[localhost].[/].[dispatcherServlet] - Servlet.service() for servlet [dispatcherServlet] threw exception
java.io.IOException: 你的主机中的软件中止了一个已建立的连接。
	at java.base/sun.nio.ch.SocketDispatcher.write0(Native Method) ~[?:?]
	at java.base/sun.nio.ch.SocketDispatcher.write(SocketDispatcher.java:54) ~[?:?]
	at java.base/sun.nio.ch.IOUtil.writeFromNativeBuffer(IOUtil.java:137) ~[?:?]
	at java.base/sun.nio.ch.IOUtil.write(IOUtil.java:102) ~[?:?]
	at java.base/sun.nio.ch.IOUtil.write(IOUtil.java:58) ~[?:?]
	at java.base/sun.nio.ch.SocketChannelImpl.write(SocketChannelImpl.java:542) ~[?:?]
	at org.apache.tomcat.util.net.NioChannel.write(NioChannel.java:122) ~[tomcat-embed-core-10.1.40.jar:10.1.40]
	at org.apache.tomcat.util.net.NioEndpoint$NioSocketWrapper.doWrite(NioEndpoint.java:1380) ~[tomcat-embed-core-10.1.40.jar:10.1.40]
	at org.apache.tomcat.util.net.SocketWrapperBase.doWrite(SocketWrapperBase.java:764) ~[tomcat-embed-core-10.1.40.jar:10.1.40]
	at org.apache.tomcat.util.net.SocketWrapperBase.flushBlocking(SocketWrapperBase.java:728) ~[tomcat-embed-core-10.1.40.jar:10.1.40]
	at org.apache.tomcat.util.net.SocketWrapperBase.flush(SocketWrapperBase.java:712) ~[tomcat-embed-core-10.1.40.jar:10.1.40]
	at org.apache.coyote.http11.Http11OutputBuffer$SocketOutputBuffer.flush(Http11OutputBuffer.java:574) ~[tomcat-embed-core-10.1.40.jar:10.1.40]
	at org.apache.coyote.http11.filters.ChunkedOutputFilter.flush(ChunkedOutputFilter.java:156) ~[tomcat-embed-core-10.1.40.jar:10.1.40]
	at org.apache.coyote.http11.Http11OutputBuffer.flush(Http11OutputBuffer.java:216) ~[tomcat-embed-core-10.1.40.jar:10.1.40]
	at org.apache.coyote.http11.Http11Processor.flush(Http11Processor.java:1271) ~[tomcat-embed-core-10.1.40.jar:10.1.40]
	at org.apache.coyote.AbstractProcessor.action(AbstractProcessor.java:408) ~[tomcat-embed-core-10.1.40.jar:10.1.40]
	at org.apache.coyote.Response.action(Response.java:208) ~[tomcat-embed-core-10.1.40.jar:10.1.40]
	at org.apache.catalina.connector.OutputBuffer.doFlush(OutputBuffer.java:300) ~[tomcat-embed-core-10.1.40.jar:10.1.40]
	at org.apache.catalina.connector.OutputBuffer.flush(OutputBuffer.java:266) ~[tomcat-embed-core-10.1.40.jar:10.1.40]
	at org.apache.catalina.connector.CoyoteOutputStream.flush(CoyoteOutputStream.java:133) ~[tomcat-embed-core-10.1.40.jar:10.1.40]
	at org.springframework.web.context.request.async.StandardServletAsyncWebRequest$LifecycleServletOutputStream.flush(StandardServletAsyncWebRequest.java:415) ~[spring-web-6.2.6.jar:6.2.6]
	at java.base/java.io.FilterOutputStream.flush(FilterOutputStream.java:155) ~[?:?]
	at com.fasterxml.jackson.core.json.UTF8JsonGenerator.flush(UTF8JsonGenerator.java:1205) ~[jackson-core-2.18.3.jar:2.18.3]
	at com.fasterxml.jackson.databind.ObjectWriter.writeValue(ObjectWriter.java:1063) ~[jackson-databind-2.18.3.jar:2.18.3]
	at org.springframework.http.converter.json.AbstractJackson2HttpMessageConverter.writeInternal(AbstractJackson2HttpMessageConverter.java:486) ~[spring-web-6.2.6.jar:6.2.6]
	at org.springframework.http.converter.AbstractGenericHttpMessageConverter.writeInternal(AbstractGenericHttpMessageConverter.java:135) ~[spring-web-6.2.6.jar:6.2.6]
	at org.springframework.http.converter.AbstractHttpMessageConverter.write(AbstractHttpMessageConverter.java:235) ~[spring-web-6.2.6.jar:6.2.6]
	at org.springframework.web.servlet.mvc.method.annotation.ResponseBodyEmitterReturnValueHandler$DefaultSseEmitterHandler.sendInternal(ResponseBodyEmitterReturnValueHandler.java:310) ~[spring-webmvc-6.2.6.jar:6.2.6]
	at org.springframework.web.servlet.mvc.method.annotation.ResponseBodyEmitterReturnValueHandler$DefaultSseEmitterHandler.send(ResponseBodyEmitterReturnValueHandler.java:297) ~[spring-webmvc-6.2.6.jar:6.2.6]
	at org.springframework.web.servlet.mvc.method.annotation.ResponseBodyEmitter.sendInternal(ResponseBodyEmitter.java:226) ~[spring-webmvc-6.2.6.jar:6.2.6]
	at org.springframework.web.servlet.mvc.method.annotation.ResponseBodyEmitter.send(ResponseBodyEmitter.java:217) ~[spring-webmvc-6.2.6.jar:6.2.6]
	at org.springframework.web.servlet.mvc.method.annotation.SseEmitter.send(SseEmitter.java:135) ~[spring-webmvc-6.2.6.jar:6.2.6]
	at org.springframework.web.servlet.mvc.method.annotation.SseEmitter.send(SseEmitter.java:118) ~[spring-webmvc-6.2.6.jar:6.2.6]
	at org.springframework.web.servlet.mvc.method.annotation.ReactiveTypeHandler$SseEmitterSubscriber.send(ReactiveTypeHandler.java:440) ~[spring-webmvc-6.2.6.jar:6.2.6]
	at org.springframework.web.servlet.mvc.method.annotation.ReactiveTypeHandler$AbstractEmitterSubscriber.run(ReactiveTypeHandler.java:359) ~[spring-webmvc-6.2.6.jar:6.2.6]
	at io.micrometer.context.ContextSnapshot.lambda$wrap$0(ContextSnapshot.java:91) ~[context-propagation-1.1.3.jar:1.1.3]
	at java.base/java.lang.Thread.run(Thread.java:1583) [?:?]
2026-02-14 14:24:46.878 [http-nio-8080-exec-6] ERROR org.apache.catalina.core.ContainerBase.[Tomcat].[localhost].[/].[dispatcherServlet] - Servlet.service() for servlet [dispatcherServlet] in context with path [] threw exception
java.io.IOException: 你的主机中的软件中止了一个已建立的连接。
	at java.base/sun.nio.ch.SocketDispatcher.write0(Native Method) ~[?:?]
	at java.base/sun.nio.ch.SocketDispatcher.write(SocketDispatcher.java:54) ~[?:?]
	at java.base/sun.nio.ch.IOUtil.writeFromNativeBuffer(IOUtil.java:137) ~[?:?]
	at java.base/sun.nio.ch.IOUtil.write(IOUtil.java:102) ~[?:?]
	at java.base/sun.nio.ch.IOUtil.write(IOUtil.java:58) ~[?:?]
	at java.base/sun.nio.ch.SocketChannelImpl.write(SocketChannelImpl.java:542) ~[?:?]
	at org.apache.tomcat.util.net.NioChannel.write(NioChannel.java:122) ~[tomcat-embed-core-10.1.40.jar:10.1.40]
	at org.apache.tomcat.util.net.NioEndpoint$NioSocketWrapper.doWrite(NioEndpoint.java:1380) ~[tomcat-embed-core-10.1.40.jar:10.1.40]
	at org.apache.tomcat.util.net.SocketWrapperBase.doWrite(SocketWrapperBase.java:764) ~[tomcat-embed-core-10.1.40.jar:10.1.40]
	at org.apache.tomcat.util.net.SocketWrapperBase.flushBlocking(SocketWrapperBase.java:728) ~[tomcat-embed-core-10.1.40.jar:10.1.40]
	at org.apache.tomcat.util.net.SocketWrapperBase.flush(SocketWrapperBase.java:712) ~[tomcat-embed-core-10.1.40.jar:10.1.40]
	at org.apache.coyote.http11.Http11OutputBuffer$SocketOutputBuffer.flush(Http11OutputBuffer.java:574) ~[tomcat-embed-core-10.1.40.jar:10.1.40]
	at org.apache.coyote.http11.filters.ChunkedOutputFilter.flush(ChunkedOutputFilter.java:156) ~[tomcat-embed-core-10.1.40.jar:10.1.40]
	at org.apache.coyote.http11.Http11OutputBuffer.flush(Http11OutputBuffer.java:216) ~[tomcat-embed-core-10.1.40.jar:10.1.40]
	at org.apache.coyote.http11.Http11Processor.flush(Http11Processor.java:1271) ~[tomcat-embed-core-10.1.40.jar:10.1.40]
	at org.apache.coyote.AbstractProcessor.action(AbstractProcessor.java:408) ~[tomcat-embed-core-10.1.40.jar:10.1.40]
	at org.apache.coyote.Response.action(Response.java:208) ~[tomcat-embed-core-10.1.40.jar:10.1.40]
	at org.apache.catalina.connector.OutputBuffer.doFlush(OutputBuffer.java:300) ~[tomcat-embed-core-10.1.40.jar:10.1.40]
	at org.apache.catalina.connector.OutputBuffer.flush(OutputBuffer.java:266) ~[tomcat-embed-core-10.1.40.jar:10.1.40]
	at org.apache.catalina.connector.CoyoteOutputStream.flush(CoyoteOutputStream.java:133) ~[tomcat-embed-core-10.1.40.jar:10.1.40]
	at org.springframework.web.context.request.async.StandardServletAsyncWebRequest$LifecycleServletOutputStream.flush(StandardServletAsyncWebRequest.java:415) ~[spring-web-6.2.6.jar:6.2.6]
	at java.base/java.io.FilterOutputStream.flush(FilterOutputStream.java:155) ~[?:?]
	at com.fasterxml.jackson.core.json.UTF8JsonGenerator.flush(UTF8JsonGenerator.java:1205) ~[jackson-core-2.18.3.jar:2.18.3]
	at com.fasterxml.jackson.databind.ObjectWriter.writeValue(ObjectWriter.java:1063) ~[jackson-databind-2.18.3.jar:2.18.3]
	at org.springframework.http.converter.json.AbstractJackson2HttpMessageConverter.writeInternal(AbstractJackson2HttpMessageConverter.java:486) ~[spring-web-6.2.6.jar:6.2.6]
	at org.springframework.http.converter.AbstractGenericHttpMessageConverter.writeInternal(AbstractGenericHttpMessageConverter.java:135) ~[spring-web-6.2.6.jar:6.2.6]
	at org.springframework.http.converter.AbstractHttpMessageConverter.write(AbstractHttpMessageConverter.java:235) ~[spring-web-6.2.6.jar:6.2.6]
	at org.springframework.web.servlet.mvc.method.annotation.ResponseBodyEmitterReturnValueHandler$DefaultSseEmitterHandler.sendInternal(ResponseBodyEmitterReturnValueHandler.java:310) ~[spring-webmvc-6.2.6.jar:6.2.6]
	at org.springframework.web.servlet.mvc.method.annotation.ResponseBodyEmitterReturnValueHandler$DefaultSseEmitterHandler.send(ResponseBodyEmitterReturnValueHandler.java:297) ~[spring-webmvc-6.2.6.jar:6.2.6]
	at org.springframework.web.servlet.mvc.method.annotation.ResponseBodyEmitter.sendInternal(ResponseBodyEmitter.java:226) ~[spring-webmvc-6.2.6.jar:6.2.6]
	at org.springframework.web.servlet.mvc.method.annotation.ResponseBodyEmitter.send(ResponseBodyEmitter.java:217) ~[spring-webmvc-6.2.6.jar:6.2.6]
	at org.springframework.web.servlet.mvc.method.annotation.SseEmitter.send(SseEmitter.java:135) ~[spring-webmvc-6.2.6.jar:6.2.6]
	at org.springframework.web.servlet.mvc.method.annotation.SseEmitter.send(SseEmitter.java:118) ~[spring-webmvc-6.2.6.jar:6.2.6]
	at org.springframework.web.servlet.mvc.method.annotation.ReactiveTypeHandler$SseEmitterSubscriber.send(ReactiveTypeHandler.java:440) ~[spring-webmvc-6.2.6.jar:6.2.6]
	at org.springframework.web.servlet.mvc.method.annotation.ReactiveTypeHandler$AbstractEmitterSubscriber.run(ReactiveTypeHandler.java:359) ~[spring-webmvc-6.2.6.jar:6.2.6]
	at io.micrometer.context.ContextSnapshot.lambda$wrap$0(ContextSnapshot.java:91) ~[context-propagation-1.1.3.jar:1.1.3]
	at java.base/java.lang.Thread.run(Thread.java:1583) [?:?]
2026-02-14 14:25:04.644 [http-nio-8080-exec-7] ERROR com.bit.ai.robot.exception.GlobalExceptionHandler - /chat/completion request error, 
org.springframework.web.context.request.async.AsyncRequestNotUsableException: ServletOutputStream failed to flush: java.io.IOException: 你的主机中的软件中止了一个已建立的连接。
	at org.springframework.web.context.request.async.StandardServletAsyncWebRequest$LifecycleHttpServletResponse.handleIOException(StandardServletAsyncWebRequest.java:346) ~[spring-web-6.2.6.jar:6.2.6]
	at org.springframework.web.context.request.async.StandardServletAsyncWebRequest$LifecycleServletOutputStream.flush(StandardServletAsyncWebRequest.java:418) ~[spring-web-6.2.6.jar:6.2.6]
	at java.base/java.io.FilterOutputStream.flush(FilterOutputStream.java:155) ~[?:?]
	at com.fasterxml.jackson.core.json.UTF8JsonGenerator.flush(UTF8JsonGenerator.java:1205) ~[jackson-core-2.18.3.jar:2.18.3]
	at com.fasterxml.jackson.databind.ObjectWriter.writeValue(ObjectWriter.java:1063) ~[jackson-databind-2.18.3.jar:2.18.3]
	at org.springframework.http.converter.json.AbstractJackson2HttpMessageConverter.writeInternal(AbstractJackson2HttpMessageConverter.java:486) ~[spring-web-6.2.6.jar:6.2.6]
	at org.springframework.http.converter.AbstractGenericHttpMessageConverter.writeInternal(AbstractGenericHttpMessageConverter.java:135) ~[spring-web-6.2.6.jar:6.2.6]
	at org.springframework.http.converter.AbstractHttpMessageConverter.write(AbstractHttpMessageConverter.java:235) ~[spring-web-6.2.6.jar:6.2.6]
	at org.springframework.web.servlet.mvc.method.annotation.ResponseBodyEmitterReturnValueHandler$DefaultSseEmitterHandler.sendInternal(ResponseBodyEmitterReturnValueHandler.java:310) ~[spring-webmvc-6.2.6.jar:6.2.6]
	at org.springframework.web.servlet.mvc.method.annotation.ResponseBodyEmitterReturnValueHandler$DefaultSseEmitterHandler.send(ResponseBodyEmitterReturnValueHandler.java:297) ~[spring-webmvc-6.2.6.jar:6.2.6]
	at org.springframework.web.servlet.mvc.method.annotation.ResponseBodyEmitter.sendInternal(ResponseBodyEmitter.java:226) ~[spring-webmvc-6.2.6.jar:6.2.6]
	at org.springframework.web.servlet.mvc.method.annotation.ResponseBodyEmitter.send(ResponseBodyEmitter.java:217) ~[spring-webmvc-6.2.6.jar:6.2.6]
	at org.springframework.web.servlet.mvc.method.annotation.SseEmitter.send(SseEmitter.java:135) ~[spring-webmvc-6.2.6.jar:6.2.6]
	at org.springframework.web.servlet.mvc.method.annotation.SseEmitter.send(SseEmitter.java:118) ~[spring-webmvc-6.2.6.jar:6.2.6]
	at org.springframework.web.servlet.mvc.method.annotation.ReactiveTypeHandler$SseEmitterSubscriber.send(ReactiveTypeHandler.java:440) ~[spring-webmvc-6.2.6.jar:6.2.6]
	at org.springframework.web.servlet.mvc.method.annotation.ReactiveTypeHandler$AbstractEmitterSubscriber.run(ReactiveTypeHandler.java:359) ~[spring-webmvc-6.2.6.jar:6.2.6]
	at io.micrometer.context.ContextSnapshot.lambda$wrap$0(ContextSnapshot.java:91) ~[context-propagation-1.1.3.jar:1.1.3]
	at java.base/java.lang.Thread.run(Thread.java:1583) [?:?]
Caused by: org.apache.catalina.connector.ClientAbortException: java.io.IOException: 你的主机中的软件中止了一个已建立的连接。
	at org.apache.catalina.connector.OutputBuffer.doFlush(OutputBuffer.java:304) ~[tomcat-embed-core-10.1.40.jar:10.1.40]
	at org.apache.catalina.connector.OutputBuffer.flush(OutputBuffer.java:266) ~[tomcat-embed-core-10.1.40.jar:10.1.40]
	at org.apache.catalina.connector.CoyoteOutputStream.flush(CoyoteOutputStream.java:133) ~[tomcat-embed-core-10.1.40.jar:10.1.40]
	at org.springframework.web.context.request.async.StandardServletAsyncWebRequest$LifecycleServletOutputStream.flush(StandardServletAsyncWebRequest.java:415) ~[spring-web-6.2.6.jar:6.2.6]
	... 16 more
Caused by: java.io.IOException: 你的主机中的软件中止了一个已建立的连接。
	at java.base/sun.nio.ch.SocketDispatcher.write0(Native Method) ~[?:?]
	at java.base/sun.nio.ch.SocketDispatcher.write(SocketDispatcher.java:54) ~[?:?]
	at java.base/sun.nio.ch.IOUtil.writeFromNativeBuffer(IOUtil.java:137) ~[?:?]
	at java.base/sun.nio.ch.IOUtil.write(IOUtil.java:102) ~[?:?]
	at java.base/sun.nio.ch.IOUtil.write(IOUtil.java:58) ~[?:?]
	at java.base/sun.nio.ch.SocketChannelImpl.write(SocketChannelImpl.java:542) ~[?:?]
	at org.apache.tomcat.util.net.NioChannel.write(NioChannel.java:122) ~[tomcat-embed-core-10.1.40.jar:10.1.40]
	at org.apache.tomcat.util.net.NioEndpoint$NioSocketWrapper.doWrite(NioEndpoint.java:1380) ~[tomcat-embed-core-10.1.40.jar:10.1.40]
	at org.apache.tomcat.util.net.SocketWrapperBase.doWrite(SocketWrapperBase.java:764) ~[tomcat-embed-core-10.1.40.jar:10.1.40]
	at org.apache.tomcat.util.net.SocketWrapperBase.flushBlocking(SocketWrapperBase.java:728) ~[tomcat-embed-core-10.1.40.jar:10.1.40]
	at org.apache.tomcat.util.net.SocketWrapperBase.flush(SocketWrapperBase.java:712) ~[tomcat-embed-core-10.1.40.jar:10.1.40]
	at org.apache.coyote.http11.Http11OutputBuffer$SocketOutputBuffer.flush(Http11OutputBuffer.java:574) ~[tomcat-embed-core-10.1.40.jar:10.1.40]
	at org.apache.coyote.http11.filters.ChunkedOutputFilter.flush(ChunkedOutputFilter.java:156) ~[tomcat-embed-core-10.1.40.jar:10.1.40]
	at org.apache.coyote.http11.Http11OutputBuffer.flush(Http11OutputBuffer.java:216) ~[tomcat-embed-core-10.1.40.jar:10.1.40]
	at org.apache.coyote.http11.Http11Processor.flush(Http11Processor.java:1271) ~[tomcat-embed-core-10.1.40.jar:10.1.40]
	at org.apache.coyote.AbstractProcessor.action(AbstractProcessor.java:408) ~[tomcat-embed-core-10.1.40.jar:10.1.40]
	at org.apache.coyote.Response.action(Response.java:208) ~[tomcat-embed-core-10.1.40.jar:10.1.40]
	at org.apache.catalina.connector.OutputBuffer.doFlush(OutputBuffer.java:300) ~[tomcat-embed-core-10.1.40.jar:10.1.40]
	at org.apache.catalina.connector.OutputBuffer.flush(OutputBuffer.java:266) ~[tomcat-embed-core-10.1.40.jar:10.1.40]
	at org.apache.catalina.connector.CoyoteOutputStream.flush(CoyoteOutputStream.java:133) ~[tomcat-embed-core-10.1.40.jar:10.1.40]
	at org.springframework.web.context.request.async.StandardServletAsyncWebRequest$LifecycleServletOutputStream.flush(StandardServletAsyncWebRequest.java:415) ~[spring-web-6.2.6.jar:6.2.6]
	... 16 more
2026-02-14 14:25:20.931 [http-nio-8080-exec-10] ERROR com.bit.ai.robot.exception.GlobalExceptionHandler - /chat/completion request error, 
org.springframework.web.context.request.async.AsyncRequestNotUsableException: ServletOutputStream failed to flush: java.io.IOException: 你的主机中的软件中止了一个已建立的连接。
	at org.springframework.web.context.request.async.StandardServletAsyncWebRequest$LifecycleHttpServletResponse.handleIOException(StandardServletAsyncWebRequest.java:346) ~[spring-web-6.2.6.jar:6.2.6]
	at org.springframework.web.context.request.async.StandardServletAsyncWebRequest$LifecycleServletOutputStream.flush(StandardServletAsyncWebRequest.java:418) ~[spring-web-6.2.6.jar:6.2.6]
	at java.base/java.io.FilterOutputStream.flush(FilterOutputStream.java:155) ~[?:?]
	at com.fasterxml.jackson.core.json.UTF8JsonGenerator.flush(UTF8JsonGenerator.java:1205) ~[jackson-core-2.18.3.jar:2.18.3]
	at com.fasterxml.jackson.databind.ObjectWriter.writeValue(ObjectWriter.java:1063) ~[jackson-databind-2.18.3.jar:2.18.3]
	at org.springframework.http.converter.json.AbstractJackson2HttpMessageConverter.writeInternal(AbstractJackson2HttpMessageConverter.java:486) ~[spring-web-6.2.6.jar:6.2.6]
	at org.springframework.http.converter.AbstractGenericHttpMessageConverter.writeInternal(AbstractGenericHttpMessageConverter.java:135) ~[spring-web-6.2.6.jar:6.2.6]
	at org.springframework.http.converter.AbstractHttpMessageConverter.write(AbstractHttpMessageConverter.java:235) ~[spring-web-6.2.6.jar:6.2.6]
	at org.springframework.web.servlet.mvc.method.annotation.ResponseBodyEmitterReturnValueHandler$DefaultSseEmitterHandler.sendInternal(ResponseBodyEmitterReturnValueHandler.java:310) ~[spring-webmvc-6.2.6.jar:6.2.6]
	at org.springframework.web.servlet.mvc.method.annotation.ResponseBodyEmitterReturnValueHandler$DefaultSseEmitterHandler.send(ResponseBodyEmitterReturnValueHandler.java:297) ~[spring-webmvc-6.2.6.jar:6.2.6]
	at org.springframework.web.servlet.mvc.method.annotation.ResponseBodyEmitter.sendInternal(ResponseBodyEmitter.java:226) ~[spring-webmvc-6.2.6.jar:6.2.6]
	at org.springframework.web.servlet.mvc.method.annotation.ResponseBodyEmitter.send(ResponseBodyEmitter.java:217) ~[spring-webmvc-6.2.6.jar:6.2.6]
	at org.springframework.web.servlet.mvc.method.annotation.SseEmitter.send(SseEmitter.java:135) ~[spring-webmvc-6.2.6.jar:6.2.6]
	at org.springframework.web.servlet.mvc.method.annotation.SseEmitter.send(SseEmitter.java:118) ~[spring-webmvc-6.2.6.jar:6.2.6]
	at org.springframework.web.servlet.mvc.method.annotation.ReactiveTypeHandler$SseEmitterSubscriber.send(ReactiveTypeHandler.java:440) ~[spring-webmvc-6.2.6.jar:6.2.6]
	at org.springframework.web.servlet.mvc.method.annotation.ReactiveTypeHandler$AbstractEmitterSubscriber.run(ReactiveTypeHandler.java:359) ~[spring-webmvc-6.2.6.jar:6.2.6]
	at io.micrometer.context.ContextSnapshot.lambda$wrap$0(ContextSnapshot.java:91) ~[context-propagation-1.1.3.jar:1.1.3]
	at java.base/java.lang.Thread.run(Thread.java:1583) [?:?]
Caused by: org.apache.catalina.connector.ClientAbortException: java.io.IOException: 你的主机中的软件中止了一个已建立的连接。
	at org.apache.catalina.connector.OutputBuffer.doFlush(OutputBuffer.java:304) ~[tomcat-embed-core-10.1.40.jar:10.1.40]
	at org.apache.catalina.connector.OutputBuffer.flush(OutputBuffer.java:266) ~[tomcat-embed-core-10.1.40.jar:10.1.40]
	at org.apache.catalina.connector.CoyoteOutputStream.flush(CoyoteOutputStream.java:133) ~[tomcat-embed-core-10.1.40.jar:10.1.40]
	at org.springframework.web.context.request.async.StandardServletAsyncWebRequest$LifecycleServletOutputStream.flush(StandardServletAsyncWebRequest.java:415) ~[spring-web-6.2.6.jar:6.2.6]
	... 16 more
Caused by: java.io.IOException: 你的主机中的软件中止了一个已建立的连接。
	at java.base/sun.nio.ch.SocketDispatcher.write0(Native Method) ~[?:?]
	at java.base/sun.nio.ch.SocketDispatcher.write(SocketDispatcher.java:54) ~[?:?]
	at java.base/sun.nio.ch.IOUtil.writeFromNativeBuffer(IOUtil.java:137) ~[?:?]
	at java.base/sun.nio.ch.IOUtil.write(IOUtil.java:102) ~[?:?]
	at java.base/sun.nio.ch.IOUtil.write(IOUtil.java:58) ~[?:?]
	at java.base/sun.nio.ch.SocketChannelImpl.write(SocketChannelImpl.java:542) ~[?:?]
	at org.apache.tomcat.util.net.NioChannel.write(NioChannel.java:122) ~[tomcat-embed-core-10.1.40.jar:10.1.40]
	at org.apache.tomcat.util.net.NioEndpoint$NioSocketWrapper.doWrite(NioEndpoint.java:1380) ~[tomcat-embed-core-10.1.40.jar:10.1.40]
	at org.apache.tomcat.util.net.SocketWrapperBase.doWrite(SocketWrapperBase.java:764) ~[tomcat-embed-core-10.1.40.jar:10.1.40]
	at org.apache.tomcat.util.net.SocketWrapperBase.flushBlocking(SocketWrapperBase.java:728) ~[tomcat-embed-core-10.1.40.jar:10.1.40]
	at org.apache.tomcat.util.net.SocketWrapperBase.flush(SocketWrapperBase.java:712) ~[tomcat-embed-core-10.1.40.jar:10.1.40]
	at org.apache.coyote.http11.Http11OutputBuffer$SocketOutputBuffer.flush(Http11OutputBuffer.java:574) ~[tomcat-embed-core-10.1.40.jar:10.1.40]
	at org.apache.coyote.http11.filters.ChunkedOutputFilter.flush(ChunkedOutputFilter.java:156) ~[tomcat-embed-core-10.1.40.jar:10.1.40]
	at org.apache.coyote.http11.Http11OutputBuffer.flush(Http11OutputBuffer.java:216) ~[tomcat-embed-core-10.1.40.jar:10.1.40]
	at org.apache.coyote.http11.Http11Processor.flush(Http11Processor.java:1271) ~[tomcat-embed-core-10.1.40.jar:10.1.40]
	at org.apache.coyote.AbstractProcessor.action(AbstractProcessor.java:408) ~[tomcat-embed-core-10.1.40.jar:10.1.40]
	at org.apache.coyote.Response.action(Response.java:208) ~[tomcat-embed-core-10.1.40.jar:10.1.40]
	at org.apache.catalina.connector.OutputBuffer.doFlush(OutputBuffer.java:300) ~[tomcat-embed-core-10.1.40.jar:10.1.40]
	at org.apache.catalina.connector.OutputBuffer.flush(OutputBuffer.java:266) ~[tomcat-embed-core-10.1.40.jar:10.1.40]
	at org.apache.catalina.connector.CoyoteOutputStream.flush(CoyoteOutputStream.java:133) ~[tomcat-embed-core-10.1.40.jar:10.1.40]
	at org.springframework.web.context.request.async.StandardServletAsyncWebRequest$LifecycleServletOutputStream.flush(StandardServletAsyncWebRequest.java:415) ~[spring-web-6.2.6.jar:6.2.6]
	... 16 more
2026-02-14 14:25:38.898 [http-nio-8080-exec-3] ERROR com.bit.ai.robot.exception.GlobalExceptionHandler - /chat/completion request error, 
org.springframework.web.context.request.async.AsyncRequestNotUsableException: ServletOutputStream failed to flush: java.io.IOException: 你的主机中的软件中止了一个已建立的连接。
	at org.springframework.web.context.request.async.StandardServletAsyncWebRequest$LifecycleHttpServletResponse.handleIOException(StandardServletAsyncWebRequest.java:346) ~[spring-web-6.2.6.jar:6.2.6]
	at org.springframework.web.context.request.async.StandardServletAsyncWebRequest$LifecycleServletOutputStream.flush(StandardServletAsyncWebRequest.java:418) ~[spring-web-6.2.6.jar:6.2.6]
	at java.base/java.io.FilterOutputStream.flush(FilterOutputStream.java:155) ~[?:?]
	at com.fasterxml.jackson.core.json.UTF8JsonGenerator.flush(UTF8JsonGenerator.java:1205) ~[jackson-core-2.18.3.jar:2.18.3]
	at com.fasterxml.jackson.databind.ObjectWriter.writeValue(ObjectWriter.java:1063) ~[jackson-databind-2.18.3.jar:2.18.3]
	at org.springframework.http.converter.json.AbstractJackson2HttpMessageConverter.writeInternal(AbstractJackson2HttpMessageConverter.java:486) ~[spring-web-6.2.6.jar:6.2.6]
	at org.springframework.http.converter.AbstractGenericHttpMessageConverter.writeInternal(AbstractGenericHttpMessageConverter.java:135) ~[spring-web-6.2.6.jar:6.2.6]
	at org.springframework.http.converter.AbstractHttpMessageConverter.write(AbstractHttpMessageConverter.java:235) ~[spring-web-6.2.6.jar:6.2.6]
	at org.springframework.web.servlet.mvc.method.annotation.ResponseBodyEmitterReturnValueHandler$DefaultSseEmitterHandler.sendInternal(ResponseBodyEmitterReturnValueHandler.java:310) ~[spring-webmvc-6.2.6.jar:6.2.6]
	at org.springframework.web.servlet.mvc.method.annotation.ResponseBodyEmitterReturnValueHandler$DefaultSseEmitterHandler.send(ResponseBodyEmitterReturnValueHandler.java:297) ~[spring-webmvc-6.2.6.jar:6.2.6]
	at org.springframework.web.servlet.mvc.method.annotation.ResponseBodyEmitter.sendInternal(ResponseBodyEmitter.java:226) ~[spring-webmvc-6.2.6.jar:6.2.6]
	at org.springframework.web.servlet.mvc.method.annotation.ResponseBodyEmitter.send(ResponseBodyEmitter.java:217) ~[spring-webmvc-6.2.6.jar:6.2.6]
	at org.springframework.web.servlet.mvc.method.annotation.SseEmitter.send(SseEmitter.java:135) ~[spring-webmvc-6.2.6.jar:6.2.6]
	at org.springframework.web.servlet.mvc.method.annotation.SseEmitter.send(SseEmitter.java:118) ~[spring-webmvc-6.2.6.jar:6.2.6]
	at org.springframework.web.servlet.mvc.method.annotation.ReactiveTypeHandler$SseEmitterSubscriber.send(ReactiveTypeHandler.java:440) ~[spring-webmvc-6.2.6.jar:6.2.6]
	at org.springframework.web.servlet.mvc.method.annotation.ReactiveTypeHandler$AbstractEmitterSubscriber.run(ReactiveTypeHandler.java:359) ~[spring-webmvc-6.2.6.jar:6.2.6]
	at io.micrometer.context.ContextSnapshot.lambda$wrap$0(ContextSnapshot.java:91) ~[context-propagation-1.1.3.jar:1.1.3]
	at java.base/java.lang.Thread.run(Thread.java:1583) [?:?]
Caused by: org.apache.catalina.connector.ClientAbortException: java.io.IOException: 你的主机中的软件中止了一个已建立的连接。
	at org.apache.catalina.connector.OutputBuffer.doFlush(OutputBuffer.java:304) ~[tomcat-embed-core-10.1.40.jar:10.1.40]
	at org.apache.catalina.connector.OutputBuffer.flush(OutputBuffer.java:266) ~[tomcat-embed-core-10.1.40.jar:10.1.40]
	at org.apache.catalina.connector.CoyoteOutputStream.flush(CoyoteOutputStream.java:133) ~[tomcat-embed-core-10.1.40.jar:10.1.40]
	at org.springframework.web.context.request.async.StandardServletAsyncWebRequest$LifecycleServletOutputStream.flush(StandardServletAsyncWebRequest.java:415) ~[spring-web-6.2.6.jar:6.2.6]
	... 16 more
Caused by: java.io.IOException: 你的主机中的软件中止了一个已建立的连接。
	at java.base/sun.nio.ch.SocketDispatcher.write0(Native Method) ~[?:?]
	at java.base/sun.nio.ch.SocketDispatcher.write(SocketDispatcher.java:54) ~[?:?]
	at java.base/sun.nio.ch.IOUtil.writeFromNativeBuffer(IOUtil.java:137) ~[?:?]
	at java.base/sun.nio.ch.IOUtil.write(IOUtil.java:102) ~[?:?]
	at java.base/sun.nio.ch.IOUtil.write(IOUtil.java:58) ~[?:?]
	at java.base/sun.nio.ch.SocketChannelImpl.write(SocketChannelImpl.java:542) ~[?:?]
	at org.apache.tomcat.util.net.NioChannel.write(NioChannel.java:122) ~[tomcat-embed-core-10.1.40.jar:10.1.40]
	at org.apache.tomcat.util.net.NioEndpoint$NioSocketWrapper.doWrite(NioEndpoint.java:1380) ~[tomcat-embed-core-10.1.40.jar:10.1.40]
	at org.apache.tomcat.util.net.SocketWrapperBase.doWrite(SocketWrapperBase.java:764) ~[tomcat-embed-core-10.1.40.jar:10.1.40]
	at org.apache.tomcat.util.net.SocketWrapperBase.flushBlocking(SocketWrapperBase.java:728) ~[tomcat-embed-core-10.1.40.jar:10.1.40]
	at org.apache.tomcat.util.net.SocketWrapperBase.flush(SocketWrapperBase.java:712) ~[tomcat-embed-core-10.1.40.jar:10.1.40]
	at org.apache.coyote.http11.Http11OutputBuffer$SocketOutputBuffer.flush(Http11OutputBuffer.java:574) ~[tomcat-embed-core-10.1.40.jar:10.1.40]
	at org.apache.coyote.http11.filters.ChunkedOutputFilter.flush(ChunkedOutputFilter.java:156) ~[tomcat-embed-core-10.1.40.jar:10.1.40]
	at org.apache.coyote.http11.Http11OutputBuffer.flush(Http11OutputBuffer.java:216) ~[tomcat-embed-core-10.1.40.jar:10.1.40]
	at org.apache.coyote.http11.Http11Processor.flush(Http11Processor.java:1271) ~[tomcat-embed-core-10.1.40.jar:10.1.40]
	at org.apache.coyote.AbstractProcessor.action(AbstractProcessor.java:408) ~[tomcat-embed-core-10.1.40.jar:10.1.40]
	at org.apache.coyote.Response.action(Response.java:208) ~[tomcat-embed-core-10.1.40.jar:10.1.40]
	at org.apache.catalina.connector.OutputBuffer.doFlush(OutputBuffer.java:300) ~[tomcat-embed-core-10.1.40.jar:10.1.40]
	at org.apache.catalina.connector.OutputBuffer.flush(OutputBuffer.java:266) ~[tomcat-embed-core-10.1.40.jar:10.1.40]
	at org.apache.catalina.connector.CoyoteOutputStream.flush(CoyoteOutputStream.java:133) ~[tomcat-embed-core-10.1.40.jar:10.1.40]
	at org.springframework.web.context.request.async.StandardServletAsyncWebRequest$LifecycleServletOutputStream.flush(StandardServletAsyncWebRequest.java:415) ~[spring-web-6.2.6.jar:6.2.6]
	... 16 more
2026-02-14 14:26:12.792 [http-nio-8080-exec-5] ERROR com.bit.ai.robot.exception.GlobalExceptionHandler - /chat/completion request error, 
org.springframework.web.context.request.async.AsyncRequestNotUsableException: ServletOutputStream failed to flush: java.io.IOException: 你的主机中的软件中止了一个已建立的连接。
	at org.springframework.web.context.request.async.StandardServletAsyncWebRequest$LifecycleHttpServletResponse.handleIOException(StandardServletAsyncWebRequest.java:346) ~[spring-web-6.2.6.jar:6.2.6]
	at org.springframework.web.context.request.async.StandardServletAsyncWebRequest$LifecycleServletOutputStream.flush(StandardServletAsyncWebRequest.java:418) ~[spring-web-6.2.6.jar:6.2.6]
	at java.base/java.io.FilterOutputStream.flush(FilterOutputStream.java:155) ~[?:?]
	at com.fasterxml.jackson.core.json.UTF8JsonGenerator.flush(UTF8JsonGenerator.java:1205) ~[jackson-core-2.18.3.jar:2.18.3]
	at com.fasterxml.jackson.databind.ObjectWriter.writeValue(ObjectWriter.java:1063) ~[jackson-databind-2.18.3.jar:2.18.3]
	at org.springframework.http.converter.json.AbstractJackson2HttpMessageConverter.writeInternal(AbstractJackson2HttpMessageConverter.java:486) ~[spring-web-6.2.6.jar:6.2.6]
	at org.springframework.http.converter.AbstractGenericHttpMessageConverter.writeInternal(AbstractGenericHttpMessageConverter.java:135) ~[spring-web-6.2.6.jar:6.2.6]
	at org.springframework.http.converter.AbstractHttpMessageConverter.write(AbstractHttpMessageConverter.java:235) ~[spring-web-6.2.6.jar:6.2.6]
	at org.springframework.web.servlet.mvc.method.annotation.ResponseBodyEmitterReturnValueHandler$DefaultSseEmitterHandler.sendInternal(ResponseBodyEmitterReturnValueHandler.java:310) ~[spring-webmvc-6.2.6.jar:6.2.6]
	at org.springframework.web.servlet.mvc.method.annotation.ResponseBodyEmitterReturnValueHandler$DefaultSseEmitterHandler.send(ResponseBodyEmitterReturnValueHandler.java:297) ~[spring-webmvc-6.2.6.jar:6.2.6]
	at org.springframework.web.servlet.mvc.method.annotation.ResponseBodyEmitter.sendInternal(ResponseBodyEmitter.java:226) ~[spring-webmvc-6.2.6.jar:6.2.6]
	at org.springframework.web.servlet.mvc.method.annotation.ResponseBodyEmitter.send(ResponseBodyEmitter.java:217) ~[spring-webmvc-6.2.6.jar:6.2.6]
	at org.springframework.web.servlet.mvc.method.annotation.SseEmitter.send(SseEmitter.java:135) ~[spring-webmvc-6.2.6.jar:6.2.6]
	at org.springframework.web.servlet.mvc.method.annotation.SseEmitter.send(SseEmitter.java:118) ~[spring-webmvc-6.2.6.jar:6.2.6]
	at org.springframework.web.servlet.mvc.method.annotation.ReactiveTypeHandler$SseEmitterSubscriber.send(ReactiveTypeHandler.java:440) ~[spring-webmvc-6.2.6.jar:6.2.6]
	at org.springframework.web.servlet.mvc.method.annotation.ReactiveTypeHandler$AbstractEmitterSubscriber.run(ReactiveTypeHandler.java:359) ~[spring-webmvc-6.2.6.jar:6.2.6]
	at io.micrometer.context.ContextSnapshot.lambda$wrap$0(ContextSnapshot.java:91) ~[context-propagation-1.1.3.jar:1.1.3]
	at java.base/java.lang.Thread.run(Thread.java:1583) [?:?]
Caused by: org.apache.catalina.connector.ClientAbortException: java.io.IOException: 你的主机中的软件中止了一个已建立的连接。
	at org.apache.catalina.connector.OutputBuffer.doFlush(OutputBuffer.java:304) ~[tomcat-embed-core-10.1.40.jar:10.1.40]
	at org.apache.catalina.connector.OutputBuffer.flush(OutputBuffer.java:266) ~[tomcat-embed-core-10.1.40.jar:10.1.40]
	at org.apache.catalina.connector.CoyoteOutputStream.flush(CoyoteOutputStream.java:133) ~[tomcat-embed-core-10.1.40.jar:10.1.40]
	at org.springframework.web.context.request.async.StandardServletAsyncWebRequest$LifecycleServletOutputStream.flush(StandardServletAsyncWebRequest.java:415) ~[spring-web-6.2.6.jar:6.2.6]
	... 16 more
Caused by: java.io.IOException: 你的主机中的软件中止了一个已建立的连接。
	at java.base/sun.nio.ch.SocketDispatcher.write0(Native Method) ~[?:?]
	at java.base/sun.nio.ch.SocketDispatcher.write(SocketDispatcher.java:54) ~[?:?]
	at java.base/sun.nio.ch.IOUtil.writeFromNativeBuffer(IOUtil.java:137) ~[?:?]
	at java.base/sun.nio.ch.IOUtil.write(IOUtil.java:102) ~[?:?]
	at java.base/sun.nio.ch.IOUtil.write(IOUtil.java:58) ~[?:?]
	at java.base/sun.nio.ch.SocketChannelImpl.write(SocketChannelImpl.java:542) ~[?:?]
	at org.apache.tomcat.util.net.NioChannel.write(NioChannel.java:122) ~[tomcat-embed-core-10.1.40.jar:10.1.40]
	at org.apache.tomcat.util.net.NioEndpoint$NioSocketWrapper.doWrite(NioEndpoint.java:1380) ~[tomcat-embed-core-10.1.40.jar:10.1.40]
	at org.apache.tomcat.util.net.SocketWrapperBase.doWrite(SocketWrapperBase.java:764) ~[tomcat-embed-core-10.1.40.jar:10.1.40]
	at org.apache.tomcat.util.net.SocketWrapperBase.flushBlocking(SocketWrapperBase.java:728) ~[tomcat-embed-core-10.1.40.jar:10.1.40]
	at org.apache.tomcat.util.net.SocketWrapperBase.flush(SocketWrapperBase.java:712) ~[tomcat-embed-core-10.1.40.jar:10.1.40]
	at org.apache.coyote.http11.Http11OutputBuffer$SocketOutputBuffer.flush(Http11OutputBuffer.java:574) ~[tomcat-embed-core-10.1.40.jar:10.1.40]
	at org.apache.coyote.http11.filters.ChunkedOutputFilter.flush(ChunkedOutputFilter.java:156) ~[tomcat-embed-core-10.1.40.jar:10.1.40]
	at org.apache.coyote.http11.Http11OutputBuffer.flush(Http11OutputBuffer.java:216) ~[tomcat-embed-core-10.1.40.jar:10.1.40]
	at org.apache.coyote.http11.Http11Processor.flush(Http11Processor.java:1271) ~[tomcat-embed-core-10.1.40.jar:10.1.40]
	at org.apache.coyote.AbstractProcessor.action(AbstractProcessor.java:408) ~[tomcat-embed-core-10.1.40.jar:10.1.40]
	at org.apache.coyote.Response.action(Response.java:208) ~[tomcat-embed-core-10.1.40.jar:10.1.40]
	at org.apache.catalina.connector.OutputBuffer.doFlush(OutputBuffer.java:300) ~[tomcat-embed-core-10.1.40.jar:10.1.40]
	at org.apache.catalina.connector.OutputBuffer.flush(OutputBuffer.java:266) ~[tomcat-embed-core-10.1.40.jar:10.1.40]
	at org.apache.catalina.connector.CoyoteOutputStream.flush(CoyoteOutputStream.java:133) ~[tomcat-embed-core-10.1.40.jar:10.1.40]
	at org.springframework.web.context.request.async.StandardServletAsyncWebRequest$LifecycleServletOutputStream.flush(StandardServletAsyncWebRequest.java:415) ~[spring-web-6.2.6.jar:6.2.6]
	... 16 more
2026-02-14 14:26:52.215 [http-nio-8080-exec-10] ERROR com.bit.ai.robot.exception.GlobalExceptionHandler - /chat/completion request error, 
java.io.IOException: 你的主机中的软件中止了一个已建立的连接。
	at java.base/sun.nio.ch.SocketDispatcher.write0(Native Method) ~[?:?]
	at java.base/sun.nio.ch.SocketDispatcher.write(SocketDispatcher.java:54) ~[?:?]
	at java.base/sun.nio.ch.IOUtil.writeFromNativeBuffer(IOUtil.java:137) ~[?:?]
	at java.base/sun.nio.ch.IOUtil.write(IOUtil.java:102) ~[?:?]
	at java.base/sun.nio.ch.IOUtil.write(IOUtil.java:58) ~[?:?]
	at java.base/sun.nio.ch.SocketChannelImpl.write(SocketChannelImpl.java:542) ~[?:?]
	at org.apache.tomcat.util.net.NioChannel.write(NioChannel.java:122) ~[tomcat-embed-core-10.1.40.jar:10.1.40]
	at org.apache.tomcat.util.net.NioEndpoint$NioSocketWrapper.doWrite(NioEndpoint.java:1380) ~[tomcat-embed-core-10.1.40.jar:10.1.40]
	at org.apache.tomcat.util.net.SocketWrapperBase.doWrite(SocketWrapperBase.java:764) ~[tomcat-embed-core-10.1.40.jar:10.1.40]
	at org.apache.tomcat.util.net.SocketWrapperBase.flushBlocking(SocketWrapperBase.java:728) ~[tomcat-embed-core-10.1.40.jar:10.1.40]
	at org.apache.tomcat.util.net.SocketWrapperBase.flush(SocketWrapperBase.java:712) ~[tomcat-embed-core-10.1.40.jar:10.1.40]
	at org.apache.coyote.http11.Http11OutputBuffer$SocketOutputBuffer.flush(Http11OutputBuffer.java:574) ~[tomcat-embed-core-10.1.40.jar:10.1.40]
	at org.apache.coyote.http11.filters.ChunkedOutputFilter.flush(ChunkedOutputFilter.java:156) ~[tomcat-embed-core-10.1.40.jar:10.1.40]
	at org.apache.coyote.http11.Http11OutputBuffer.flush(Http11OutputBuffer.java:216) ~[tomcat-embed-core-10.1.40.jar:10.1.40]
	at org.apache.coyote.http11.Http11Processor.flush(Http11Processor.java:1271) ~[tomcat-embed-core-10.1.40.jar:10.1.40]
	at org.apache.coyote.AbstractProcessor.action(AbstractProcessor.java:408) ~[tomcat-embed-core-10.1.40.jar:10.1.40]
	at org.apache.coyote.Response.action(Response.java:208) ~[tomcat-embed-core-10.1.40.jar:10.1.40]
	at org.apache.catalina.connector.OutputBuffer.doFlush(OutputBuffer.java:300) ~[tomcat-embed-core-10.1.40.jar:10.1.40]
	at org.apache.catalina.connector.OutputBuffer.flush(OutputBuffer.java:266) ~[tomcat-embed-core-10.1.40.jar:10.1.40]
	at org.apache.catalina.connector.CoyoteOutputStream.flush(CoyoteOutputStream.java:133) ~[tomcat-embed-core-10.1.40.jar:10.1.40]
	at org.springframework.web.context.request.async.StandardServletAsyncWebRequest$LifecycleServletOutputStream.flush(StandardServletAsyncWebRequest.java:415) ~[spring-web-6.2.6.jar:6.2.6]
	at java.base/java.io.FilterOutputStream.flush(FilterOutputStream.java:155) ~[?:?]
	at com.fasterxml.jackson.core.json.UTF8JsonGenerator.flush(UTF8JsonGenerator.java:1205) ~[jackson-core-2.18.3.jar:2.18.3]
	at com.fasterxml.jackson.databind.ObjectWriter.writeValue(ObjectWriter.java:1063) ~[jackson-databind-2.18.3.jar:2.18.3]
	at org.springframework.http.converter.json.AbstractJackson2HttpMessageConverter.writeInternal(AbstractJackson2HttpMessageConverter.java:486) ~[spring-web-6.2.6.jar:6.2.6]
	at org.springframework.http.converter.AbstractGenericHttpMessageConverter.writeInternal(AbstractGenericHttpMessageConverter.java:135) ~[spring-web-6.2.6.jar:6.2.6]
	at org.springframework.http.converter.AbstractHttpMessageConverter.write(AbstractHttpMessageConverter.java:235) ~[spring-web-6.2.6.jar:6.2.6]
	at org.springframework.web.servlet.mvc.method.annotation.ResponseBodyEmitterReturnValueHandler$DefaultSseEmitterHandler.sendInternal(ResponseBodyEmitterReturnValueHandler.java:310) ~[spring-webmvc-6.2.6.jar:6.2.6]
	at org.springframework.web.servlet.mvc.method.annotation.ResponseBodyEmitterReturnValueHandler$DefaultSseEmitterHandler.send(ResponseBodyEmitterReturnValueHandler.java:297) ~[spring-webmvc-6.2.6.jar:6.2.6]
	at org.springframework.web.servlet.mvc.method.annotation.ResponseBodyEmitter.sendInternal(ResponseBodyEmitter.java:226) ~[spring-webmvc-6.2.6.jar:6.2.6]
	at org.springframework.web.servlet.mvc.method.annotation.ResponseBodyEmitter.send(ResponseBodyEmitter.java:217) ~[spring-webmvc-6.2.6.jar:6.2.6]
	at org.springframework.web.servlet.mvc.method.annotation.SseEmitter.send(SseEmitter.java:135) ~[spring-webmvc-6.2.6.jar:6.2.6]
	at org.springframework.web.servlet.mvc.method.annotation.SseEmitter.send(SseEmitter.java:118) ~[spring-webmvc-6.2.6.jar:6.2.6]
	at org.springframework.web.servlet.mvc.method.annotation.ReactiveTypeHandler$SseEmitterSubscriber.send(ReactiveTypeHandler.java:440) ~[spring-webmvc-6.2.6.jar:6.2.6]
	at org.springframework.web.servlet.mvc.method.annotation.ReactiveTypeHandler$AbstractEmitterSubscriber.run(ReactiveTypeHandler.java:359) ~[spring-webmvc-6.2.6.jar:6.2.6]
	at io.micrometer.context.ContextSnapshot.lambda$wrap$0(ContextSnapshot.java:91) ~[context-propagation-1.1.3.jar:1.1.3]
	at java.base/java.lang.Thread.run(Thread.java:1583) [?:?]
2026-02-14 14:26:52.217 [http-nio-8080-exec-10] ERROR org.apache.catalina.core.ContainerBase.[Tomcat].[localhost].[/].[dispatcherServlet] - Servlet.service() for servlet [dispatcherServlet] threw exception
java.io.IOException: 你的主机中的软件中止了一个已建立的连接。
	at java.base/sun.nio.ch.SocketDispatcher.write0(Native Method) ~[?:?]
	at java.base/sun.nio.ch.SocketDispatcher.write(SocketDispatcher.java:54) ~[?:?]
	at java.base/sun.nio.ch.IOUtil.writeFromNativeBuffer(IOUtil.java:137) ~[?:?]
	at java.base/sun.nio.ch.IOUtil.write(IOUtil.java:102) ~[?:?]
	at java.base/sun.nio.ch.IOUtil.write(IOUtil.java:58) ~[?:?]
	at java.base/sun.nio.ch.SocketChannelImpl.write(SocketChannelImpl.java:542) ~[?:?]
	at org.apache.tomcat.util.net.NioChannel.write(NioChannel.java:122) ~[tomcat-embed-core-10.1.40.jar:10.1.40]
	at org.apache.tomcat.util.net.NioEndpoint$NioSocketWrapper.doWrite(NioEndpoint.java:1380) ~[tomcat-embed-core-10.1.40.jar:10.1.40]
	at org.apache.tomcat.util.net.SocketWrapperBase.doWrite(SocketWrapperBase.java:764) ~[tomcat-embed-core-10.1.40.jar:10.1.40]
	at org.apache.tomcat.util.net.SocketWrapperBase.flushBlocking(SocketWrapperBase.java:728) ~[tomcat-embed-core-10.1.40.jar:10.1.40]
	at org.apache.tomcat.util.net.SocketWrapperBase.flush(SocketWrapperBase.java:712) ~[tomcat-embed-core-10.1.40.jar:10.1.40]
	at org.apache.coyote.http11.Http11OutputBuffer$SocketOutputBuffer.flush(Http11OutputBuffer.java:574) ~[tomcat-embed-core-10.1.40.jar:10.1.40]
	at org.apache.coyote.http11.filters.ChunkedOutputFilter.flush(ChunkedOutputFilter.java:156) ~[tomcat-embed-core-10.1.40.jar:10.1.40]
	at org.apache.coyote.http11.Http11OutputBuffer.flush(Http11OutputBuffer.java:216) ~[tomcat-embed-core-10.1.40.jar:10.1.40]
	at org.apache.coyote.http11.Http11Processor.flush(Http11Processor.java:1271) ~[tomcat-embed-core-10.1.40.jar:10.1.40]
	at org.apache.coyote.AbstractProcessor.action(AbstractProcessor.java:408) ~[tomcat-embed-core-10.1.40.jar:10.1.40]
	at org.apache.coyote.Response.action(Response.java:208) ~[tomcat-embed-core-10.1.40.jar:10.1.40]
	at org.apache.catalina.connector.OutputBuffer.doFlush(OutputBuffer.java:300) ~[tomcat-embed-core-10.1.40.jar:10.1.40]
	at org.apache.catalina.connector.OutputBuffer.flush(OutputBuffer.java:266) ~[tomcat-embed-core-10.1.40.jar:10.1.40]
	at org.apache.catalina.connector.CoyoteOutputStream.flush(CoyoteOutputStream.java:133) ~[tomcat-embed-core-10.1.40.jar:10.1.40]
	at org.springframework.web.context.request.async.StandardServletAsyncWebRequest$LifecycleServletOutputStream.flush(StandardServletAsyncWebRequest.java:415) ~[spring-web-6.2.6.jar:6.2.6]
	at java.base/java.io.FilterOutputStream.flush(FilterOutputStream.java:155) ~[?:?]
	at com.fasterxml.jackson.core.json.UTF8JsonGenerator.flush(UTF8JsonGenerator.java:1205) ~[jackson-core-2.18.3.jar:2.18.3]
	at com.fasterxml.jackson.databind.ObjectWriter.writeValue(ObjectWriter.java:1063) ~[jackson-databind-2.18.3.jar:2.18.3]
	at org.springframework.http.converter.json.AbstractJackson2HttpMessageConverter.writeInternal(AbstractJackson2HttpMessageConverter.java:486) ~[spring-web-6.2.6.jar:6.2.6]
	at org.springframework.http.converter.AbstractGenericHttpMessageConverter.writeInternal(AbstractGenericHttpMessageConverter.java:135) ~[spring-web-6.2.6.jar:6.2.6]
	at org.springframework.http.converter.AbstractHttpMessageConverter.write(AbstractHttpMessageConverter.java:235) ~[spring-web-6.2.6.jar:6.2.6]
	at org.springframework.web.servlet.mvc.method.annotation.ResponseBodyEmitterReturnValueHandler$DefaultSseEmitterHandler.sendInternal(ResponseBodyEmitterReturnValueHandler.java:310) ~[spring-webmvc-6.2.6.jar:6.2.6]
	at org.springframework.web.servlet.mvc.method.annotation.ResponseBodyEmitterReturnValueHandler$DefaultSseEmitterHandler.send(ResponseBodyEmitterReturnValueHandler.java:297) ~[spring-webmvc-6.2.6.jar:6.2.6]
	at org.springframework.web.servlet.mvc.method.annotation.ResponseBodyEmitter.sendInternal(ResponseBodyEmitter.java:226) ~[spring-webmvc-6.2.6.jar:6.2.6]
	at org.springframework.web.servlet.mvc.method.annotation.ResponseBodyEmitter.send(ResponseBodyEmitter.java:217) ~[spring-webmvc-6.2.6.jar:6.2.6]
	at org.springframework.web.servlet.mvc.method.annotation.SseEmitter.send(SseEmitter.java:135) ~[spring-webmvc-6.2.6.jar:6.2.6]
	at org.springframework.web.servlet.mvc.method.annotation.SseEmitter.send(SseEmitter.java:118) ~[spring-webmvc-6.2.6.jar:6.2.6]
	at org.springframework.web.servlet.mvc.method.annotation.ReactiveTypeHandler$SseEmitterSubscriber.send(ReactiveTypeHandler.java:440) ~[spring-webmvc-6.2.6.jar:6.2.6]
	at org.springframework.web.servlet.mvc.method.annotation.ReactiveTypeHandler$AbstractEmitterSubscriber.run(ReactiveTypeHandler.java:359) ~[spring-webmvc-6.2.6.jar:6.2.6]
	at io.micrometer.context.ContextSnapshot.lambda$wrap$0(ContextSnapshot.java:91) ~[context-propagation-1.1.3.jar:1.1.3]
	at java.base/java.lang.Thread.run(Thread.java:1583) [?:?]
2026-02-14 14:26:52.217 [http-nio-8080-exec-10] ERROR org.apache.catalina.core.ContainerBase.[Tomcat].[localhost].[/].[dispatcherServlet] - Servlet.service() for servlet [dispatcherServlet] in context with path [] threw exception
java.io.IOException: 你的主机中的软件中止了一个已建立的连接。
	at java.base/sun.nio.ch.SocketDispatcher.write0(Native Method) ~[?:?]
	at java.base/sun.nio.ch.SocketDispatcher.write(SocketDispatcher.java:54) ~[?:?]
	at java.base/sun.nio.ch.IOUtil.writeFromNativeBuffer(IOUtil.java:137) ~[?:?]
	at java.base/sun.nio.ch.IOUtil.write(IOUtil.java:102) ~[?:?]
	at java.base/sun.nio.ch.IOUtil.write(IOUtil.java:58) ~[?:?]
	at java.base/sun.nio.ch.SocketChannelImpl.write(SocketChannelImpl.java:542) ~[?:?]
	at org.apache.tomcat.util.net.NioChannel.write(NioChannel.java:122) ~[tomcat-embed-core-10.1.40.jar:10.1.40]
	at org.apache.tomcat.util.net.NioEndpoint$NioSocketWrapper.doWrite(NioEndpoint.java:1380) ~[tomcat-embed-core-10.1.40.jar:10.1.40]
	at org.apache.tomcat.util.net.SocketWrapperBase.doWrite(SocketWrapperBase.java:764) ~[tomcat-embed-core-10.1.40.jar:10.1.40]
	at org.apache.tomcat.util.net.SocketWrapperBase.flushBlocking(SocketWrapperBase.java:728) ~[tomcat-embed-core-10.1.40.jar:10.1.40]
	at org.apache.tomcat.util.net.SocketWrapperBase.flush(SocketWrapperBase.java:712) ~[tomcat-embed-core-10.1.40.jar:10.1.40]
	at org.apache.coyote.http11.Http11OutputBuffer$SocketOutputBuffer.flush(Http11OutputBuffer.java:574) ~[tomcat-embed-core-10.1.40.jar:10.1.40]
	at org.apache.coyote.http11.filters.ChunkedOutputFilter.flush(ChunkedOutputFilter.java:156) ~[tomcat-embed-core-10.1.40.jar:10.1.40]
	at org.apache.coyote.http11.Http11OutputBuffer.flush(Http11OutputBuffer.java:216) ~[tomcat-embed-core-10.1.40.jar:10.1.40]
	at org.apache.coyote.http11.Http11Processor.flush(Http11Processor.java:1271) ~[tomcat-embed-core-10.1.40.jar:10.1.40]
	at org.apache.coyote.AbstractProcessor.action(AbstractProcessor.java:408) ~[tomcat-embed-core-10.1.40.jar:10.1.40]
	at org.apache.coyote.Response.action(Response.java:208) ~[tomcat-embed-core-10.1.40.jar:10.1.40]
	at org.apache.catalina.connector.OutputBuffer.doFlush(OutputBuffer.java:300) ~[tomcat-embed-core-10.1.40.jar:10.1.40]
	at org.apache.catalina.connector.OutputBuffer.flush(OutputBuffer.java:266) ~[tomcat-embed-core-10.1.40.jar:10.1.40]
	at org.apache.catalina.connector.CoyoteOutputStream.flush(CoyoteOutputStream.java:133) ~[tomcat-embed-core-10.1.40.jar:10.1.40]
	at org.springframework.web.context.request.async.StandardServletAsyncWebRequest$LifecycleServletOutputStream.flush(StandardServletAsyncWebRequest.java:415) ~[spring-web-6.2.6.jar:6.2.6]
	at java.base/java.io.FilterOutputStream.flush(FilterOutputStream.java:155) ~[?:?]
	at com.fasterxml.jackson.core.json.UTF8JsonGenerator.flush(UTF8JsonGenerator.java:1205) ~[jackson-core-2.18.3.jar:2.18.3]
	at com.fasterxml.jackson.databind.ObjectWriter.writeValue(ObjectWriter.java:1063) ~[jackson-databind-2.18.3.jar:2.18.3]
	at org.springframework.http.converter.json.AbstractJackson2HttpMessageConverter.writeInternal(AbstractJackson2HttpMessageConverter.java:486) ~[spring-web-6.2.6.jar:6.2.6]
	at org.springframework.http.converter.AbstractGenericHttpMessageConverter.writeInternal(AbstractGenericHttpMessageConverter.java:135) ~[spring-web-6.2.6.jar:6.2.6]
	at org.springframework.http.converter.AbstractHttpMessageConverter.write(AbstractHttpMessageConverter.java:235) ~[spring-web-6.2.6.jar:6.2.6]
	at org.springframework.web.servlet.mvc.method.annotation.ResponseBodyEmitterReturnValueHandler$DefaultSseEmitterHandler.sendInternal(ResponseBodyEmitterReturnValueHandler.java:310) ~[spring-webmvc-6.2.6.jar:6.2.6]
	at org.springframework.web.servlet.mvc.method.annotation.ResponseBodyEmitterReturnValueHandler$DefaultSseEmitterHandler.send(ResponseBodyEmitterReturnValueHandler.java:297) ~[spring-webmvc-6.2.6.jar:6.2.6]
	at org.springframework.web.servlet.mvc.method.annotation.ResponseBodyEmitter.sendInternal(ResponseBodyEmitter.java:226) ~[spring-webmvc-6.2.6.jar:6.2.6]
	at org.springframework.web.servlet.mvc.method.annotation.ResponseBodyEmitter.send(ResponseBodyEmitter.java:217) ~[spring-webmvc-6.2.6.jar:6.2.6]
	at org.springframework.web.servlet.mvc.method.annotation.SseEmitter.send(SseEmitter.java:135) ~[spring-webmvc-6.2.6.jar:6.2.6]
	at org.springframework.web.servlet.mvc.method.annotation.SseEmitter.send(SseEmitter.java:118) ~[spring-webmvc-6.2.6.jar:6.2.6]
	at org.springframework.web.servlet.mvc.method.annotation.ReactiveTypeHandler$SseEmitterSubscriber.send(ReactiveTypeHandler.java:440) ~[spring-webmvc-6.2.6.jar:6.2.6]
	at org.springframework.web.servlet.mvc.method.annotation.ReactiveTypeHandler$AbstractEmitterSubscriber.run(ReactiveTypeHandler.java:359) ~[spring-webmvc-6.2.6.jar:6.2.6]
	at io.micrometer.context.ContextSnapshot.lambda$wrap$0(ContextSnapshot.java:91) ~[context-propagation-1.1.3.jar:1.1.3]
	at java.base/java.lang.Thread.run(Thread.java:1583) [?:?]
2026-02-14 14:26:59.132 [http-nio-8080-exec-3] ERROR com.bit.ai.robot.exception.GlobalExceptionHandler - /chat/completion request error, 
java.io.IOException: 你的主机中的软件中止了一个已建立的连接。
	at java.base/sun.nio.ch.SocketDispatcher.write0(Native Method) ~[?:?]
	at java.base/sun.nio.ch.SocketDispatcher.write(SocketDispatcher.java:54) ~[?:?]
	at java.base/sun.nio.ch.IOUtil.writeFromNativeBuffer(IOUtil.java:137) ~[?:?]
	at java.base/sun.nio.ch.IOUtil.write(IOUtil.java:102) ~[?:?]
	at java.base/sun.nio.ch.IOUtil.write(IOUtil.java:58) ~[?:?]
	at java.base/sun.nio.ch.SocketChannelImpl.write(SocketChannelImpl.java:542) ~[?:?]
	at org.apache.tomcat.util.net.NioChannel.write(NioChannel.java:122) ~[tomcat-embed-core-10.1.40.jar:10.1.40]
	at org.apache.tomcat.util.net.NioEndpoint$NioSocketWrapper.doWrite(NioEndpoint.java:1380) ~[tomcat-embed-core-10.1.40.jar:10.1.40]
	at org.apache.tomcat.util.net.SocketWrapperBase.doWrite(SocketWrapperBase.java:764) ~[tomcat-embed-core-10.1.40.jar:10.1.40]
	at org.apache.tomcat.util.net.SocketWrapperBase.flushBlocking(SocketWrapperBase.java:728) ~[tomcat-embed-core-10.1.40.jar:10.1.40]
	at org.apache.tomcat.util.net.SocketWrapperBase.flush(SocketWrapperBase.java:712) ~[tomcat-embed-core-10.1.40.jar:10.1.40]
	at org.apache.coyote.http11.Http11OutputBuffer$SocketOutputBuffer.flush(Http11OutputBuffer.java:574) ~[tomcat-embed-core-10.1.40.jar:10.1.40]
	at org.apache.coyote.http11.filters.ChunkedOutputFilter.flush(ChunkedOutputFilter.java:156) ~[tomcat-embed-core-10.1.40.jar:10.1.40]
	at org.apache.coyote.http11.Http11OutputBuffer.flush(Http11OutputBuffer.java:216) ~[tomcat-embed-core-10.1.40.jar:10.1.40]
	at org.apache.coyote.http11.Http11Processor.flush(Http11Processor.java:1271) ~[tomcat-embed-core-10.1.40.jar:10.1.40]
	at org.apache.coyote.AbstractProcessor.action(AbstractProcessor.java:408) ~[tomcat-embed-core-10.1.40.jar:10.1.40]
	at org.apache.coyote.Response.action(Response.java:208) ~[tomcat-embed-core-10.1.40.jar:10.1.40]
	at org.apache.catalina.connector.OutputBuffer.doFlush(OutputBuffer.java:300) ~[tomcat-embed-core-10.1.40.jar:10.1.40]
	at org.apache.catalina.connector.OutputBuffer.flush(OutputBuffer.java:266) ~[tomcat-embed-core-10.1.40.jar:10.1.40]
	at org.apache.catalina.connector.CoyoteOutputStream.flush(CoyoteOutputStream.java:133) ~[tomcat-embed-core-10.1.40.jar:10.1.40]
	at org.springframework.web.context.request.async.StandardServletAsyncWebRequest$LifecycleServletOutputStream.flush(StandardServletAsyncWebRequest.java:415) ~[spring-web-6.2.6.jar:6.2.6]
	at java.base/java.io.FilterOutputStream.flush(FilterOutputStream.java:155) ~[?:?]
	at com.fasterxml.jackson.core.json.UTF8JsonGenerator.flush(UTF8JsonGenerator.java:1205) ~[jackson-core-2.18.3.jar:2.18.3]
	at com.fasterxml.jackson.databind.ObjectWriter.writeValue(ObjectWriter.java:1063) ~[jackson-databind-2.18.3.jar:2.18.3]
	at org.springframework.http.converter.json.AbstractJackson2HttpMessageConverter.writeInternal(AbstractJackson2HttpMessageConverter.java:486) ~[spring-web-6.2.6.jar:6.2.6]
	at org.springframework.http.converter.AbstractGenericHttpMessageConverter.writeInternal(AbstractGenericHttpMessageConverter.java:135) ~[spring-web-6.2.6.jar:6.2.6]
	at org.springframework.http.converter.AbstractHttpMessageConverter.write(AbstractHttpMessageConverter.java:235) ~[spring-web-6.2.6.jar:6.2.6]
	at org.springframework.web.servlet.mvc.method.annotation.ResponseBodyEmitterReturnValueHandler$DefaultSseEmitterHandler.sendInternal(ResponseBodyEmitterReturnValueHandler.java:310) ~[spring-webmvc-6.2.6.jar:6.2.6]
	at org.springframework.web.servlet.mvc.method.annotation.ResponseBodyEmitterReturnValueHandler$DefaultSseEmitterHandler.send(ResponseBodyEmitterReturnValueHandler.java:297) ~[spring-webmvc-6.2.6.jar:6.2.6]
	at org.springframework.web.servlet.mvc.method.annotation.ResponseBodyEmitter.sendInternal(ResponseBodyEmitter.java:226) ~[spring-webmvc-6.2.6.jar:6.2.6]
	at org.springframework.web.servlet.mvc.method.annotation.ResponseBodyEmitter.send(ResponseBodyEmitter.java:217) ~[spring-webmvc-6.2.6.jar:6.2.6]
	at org.springframework.web.servlet.mvc.method.annotation.SseEmitter.send(SseEmitter.java:135) ~[spring-webmvc-6.2.6.jar:6.2.6]
	at org.springframework.web.servlet.mvc.method.annotation.SseEmitter.send(SseEmitter.java:118) ~[spring-webmvc-6.2.6.jar:6.2.6]
	at org.springframework.web.servlet.mvc.method.annotation.ReactiveTypeHandler$SseEmitterSubscriber.send(ReactiveTypeHandler.java:440) ~[spring-webmvc-6.2.6.jar:6.2.6]
	at org.springframework.web.servlet.mvc.method.annotation.ReactiveTypeHandler$AbstractEmitterSubscriber.run(ReactiveTypeHandler.java:359) ~[spring-webmvc-6.2.6.jar:6.2.6]
	at io.micrometer.context.ContextSnapshot.lambda$wrap$0(ContextSnapshot.java:91) ~[context-propagation-1.1.3.jar:1.1.3]
	at java.base/java.lang.Thread.run(Thread.java:1583) [?:?]
2026-02-14 14:26:59.133 [http-nio-8080-exec-3] ERROR org.apache.catalina.core.ContainerBase.[Tomcat].[localhost].[/].[dispatcherServlet] - Servlet.service() for servlet [dispatcherServlet] threw exception
java.io.IOException: 你的主机中的软件中止了一个已建立的连接。
	at java.base/sun.nio.ch.SocketDispatcher.write0(Native Method) ~[?:?]
	at java.base/sun.nio.ch.SocketDispatcher.write(SocketDispatcher.java:54) ~[?:?]
	at java.base/sun.nio.ch.IOUtil.writeFromNativeBuffer(IOUtil.java:137) ~[?:?]
	at java.base/sun.nio.ch.IOUtil.write(IOUtil.java:102) ~[?:?]
	at java.base/sun.nio.ch.IOUtil.write(IOUtil.java:58) ~[?:?]
	at java.base/sun.nio.ch.SocketChannelImpl.write(SocketChannelImpl.java:542) ~[?:?]
	at org.apache.tomcat.util.net.NioChannel.write(NioChannel.java:122) ~[tomcat-embed-core-10.1.40.jar:10.1.40]
	at org.apache.tomcat.util.net.NioEndpoint$NioSocketWrapper.doWrite(NioEndpoint.java:1380) ~[tomcat-embed-core-10.1.40.jar:10.1.40]
	at org.apache.tomcat.util.net.SocketWrapperBase.doWrite(SocketWrapperBase.java:764) ~[tomcat-embed-core-10.1.40.jar:10.1.40]
	at org.apache.tomcat.util.net.SocketWrapperBase.flushBlocking(SocketWrapperBase.java:728) ~[tomcat-embed-core-10.1.40.jar:10.1.40]
	at org.apache.tomcat.util.net.SocketWrapperBase.flush(SocketWrapperBase.java:712) ~[tomcat-embed-core-10.1.40.jar:10.1.40]
	at org.apache.coyote.http11.Http11OutputBuffer$SocketOutputBuffer.flush(Http11OutputBuffer.java:574) ~[tomcat-embed-core-10.1.40.jar:10.1.40]
	at org.apache.coyote.http11.filters.ChunkedOutputFilter.flush(ChunkedOutputFilter.java:156) ~[tomcat-embed-core-10.1.40.jar:10.1.40]
	at org.apache.coyote.http11.Http11OutputBuffer.flush(Http11OutputBuffer.java:216) ~[tomcat-embed-core-10.1.40.jar:10.1.40]
	at org.apache.coyote.http11.Http11Processor.flush(Http11Processor.java:1271) ~[tomcat-embed-core-10.1.40.jar:10.1.40]
	at org.apache.coyote.AbstractProcessor.action(AbstractProcessor.java:408) ~[tomcat-embed-core-10.1.40.jar:10.1.40]
	at org.apache.coyote.Response.action(Response.java:208) ~[tomcat-embed-core-10.1.40.jar:10.1.40]
	at org.apache.catalina.connector.OutputBuffer.doFlush(OutputBuffer.java:300) ~[tomcat-embed-core-10.1.40.jar:10.1.40]
	at org.apache.catalina.connector.OutputBuffer.flush(OutputBuffer.java:266) ~[tomcat-embed-core-10.1.40.jar:10.1.40]
	at org.apache.catalina.connector.CoyoteOutputStream.flush(CoyoteOutputStream.java:133) ~[tomcat-embed-core-10.1.40.jar:10.1.40]
	at org.springframework.web.context.request.async.StandardServletAsyncWebRequest$LifecycleServletOutputStream.flush(StandardServletAsyncWebRequest.java:415) ~[spring-web-6.2.6.jar:6.2.6]
	at java.base/java.io.FilterOutputStream.flush(FilterOutputStream.java:155) ~[?:?]
	at com.fasterxml.jackson.core.json.UTF8JsonGenerator.flush(UTF8JsonGenerator.java:1205) ~[jackson-core-2.18.3.jar:2.18.3]
	at com.fasterxml.jackson.databind.ObjectWriter.writeValue(ObjectWriter.java:1063) ~[jackson-databind-2.18.3.jar:2.18.3]
	at org.springframework.http.converter.json.AbstractJackson2HttpMessageConverter.writeInternal(AbstractJackson2HttpMessageConverter.java:486) ~[spring-web-6.2.6.jar:6.2.6]
	at org.springframework.http.converter.AbstractGenericHttpMessageConverter.writeInternal(AbstractGenericHttpMessageConverter.java:135) ~[spring-web-6.2.6.jar:6.2.6]
	at org.springframework.http.converter.AbstractHttpMessageConverter.write(AbstractHttpMessageConverter.java:235) ~[spring-web-6.2.6.jar:6.2.6]
	at org.springframework.web.servlet.mvc.method.annotation.ResponseBodyEmitterReturnValueHandler$DefaultSseEmitterHandler.sendInternal(ResponseBodyEmitterReturnValueHandler.java:310) ~[spring-webmvc-6.2.6.jar:6.2.6]
	at org.springframework.web.servlet.mvc.method.annotation.ResponseBodyEmitterReturnValueHandler$DefaultSseEmitterHandler.send(ResponseBodyEmitterReturnValueHandler.java:297) ~[spring-webmvc-6.2.6.jar:6.2.6]
	at org.springframework.web.servlet.mvc.method.annotation.ResponseBodyEmitter.sendInternal(ResponseBodyEmitter.java:226) ~[spring-webmvc-6.2.6.jar:6.2.6]
	at org.springframework.web.servlet.mvc.method.annotation.ResponseBodyEmitter.send(ResponseBodyEmitter.java:217) ~[spring-webmvc-6.2.6.jar:6.2.6]
	at org.springframework.web.servlet.mvc.method.annotation.SseEmitter.send(SseEmitter.java:135) ~[spring-webmvc-6.2.6.jar:6.2.6]
	at org.springframework.web.servlet.mvc.method.annotation.SseEmitter.send(SseEmitter.java:118) ~[spring-webmvc-6.2.6.jar:6.2.6]
	at org.springframework.web.servlet.mvc.method.annotation.ReactiveTypeHandler$SseEmitterSubscriber.send(ReactiveTypeHandler.java:440) ~[spring-webmvc-6.2.6.jar:6.2.6]
	at org.springframework.web.servlet.mvc.method.annotation.ReactiveTypeHandler$AbstractEmitterSubscriber.run(ReactiveTypeHandler.java:359) ~[spring-webmvc-6.2.6.jar:6.2.6]
	at io.micrometer.context.ContextSnapshot.lambda$wrap$0(ContextSnapshot.java:91) ~[context-propagation-1.1.3.jar:1.1.3]
	at java.base/java.lang.Thread.run(Thread.java:1583) [?:?]
2026-02-14 14:26:59.134 [http-nio-8080-exec-3] ERROR org.apache.catalina.core.ContainerBase.[Tomcat].[localhost].[/].[dispatcherServlet] - Servlet.service() for servlet [dispatcherServlet] in context with path [] threw exception
java.io.IOException: 你的主机中的软件中止了一个已建立的连接。
	at java.base/sun.nio.ch.SocketDispatcher.write0(Native Method) ~[?:?]
	at java.base/sun.nio.ch.SocketDispatcher.write(SocketDispatcher.java:54) ~[?:?]
	at java.base/sun.nio.ch.IOUtil.writeFromNativeBuffer(IOUtil.java:137) ~[?:?]
	at java.base/sun.nio.ch.IOUtil.write(IOUtil.java:102) ~[?:?]
	at java.base/sun.nio.ch.IOUtil.write(IOUtil.java:58) ~[?:?]
	at java.base/sun.nio.ch.SocketChannelImpl.write(SocketChannelImpl.java:542) ~[?:?]
	at org.apache.tomcat.util.net.NioChannel.write(NioChannel.java:122) ~[tomcat-embed-core-10.1.40.jar:10.1.40]
	at org.apache.tomcat.util.net.NioEndpoint$NioSocketWrapper.doWrite(NioEndpoint.java:1380) ~[tomcat-embed-core-10.1.40.jar:10.1.40]
	at org.apache.tomcat.util.net.SocketWrapperBase.doWrite(SocketWrapperBase.java:764) ~[tomcat-embed-core-10.1.40.jar:10.1.40]
	at org.apache.tomcat.util.net.SocketWrapperBase.flushBlocking(SocketWrapperBase.java:728) ~[tomcat-embed-core-10.1.40.jar:10.1.40]
	at org.apache.tomcat.util.net.SocketWrapperBase.flush(SocketWrapperBase.java:712) ~[tomcat-embed-core-10.1.40.jar:10.1.40]
	at org.apache.coyote.http11.Http11OutputBuffer$SocketOutputBuffer.flush(Http11OutputBuffer.java:574) ~[tomcat-embed-core-10.1.40.jar:10.1.40]
	at org.apache.coyote.http11.filters.ChunkedOutputFilter.flush(ChunkedOutputFilter.java:156) ~[tomcat-embed-core-10.1.40.jar:10.1.40]
	at org.apache.coyote.http11.Http11OutputBuffer.flush(Http11OutputBuffer.java:216) ~[tomcat-embed-core-10.1.40.jar:10.1.40]
	at org.apache.coyote.http11.Http11Processor.flush(Http11Processor.java:1271) ~[tomcat-embed-core-10.1.40.jar:10.1.40]
	at org.apache.coyote.AbstractProcessor.action(AbstractProcessor.java:408) ~[tomcat-embed-core-10.1.40.jar:10.1.40]
	at org.apache.coyote.Response.action(Response.java:208) ~[tomcat-embed-core-10.1.40.jar:10.1.40]
	at org.apache.catalina.connector.OutputBuffer.doFlush(OutputBuffer.java:300) ~[tomcat-embed-core-10.1.40.jar:10.1.40]
	at org.apache.catalina.connector.OutputBuffer.flush(OutputBuffer.java:266) ~[tomcat-embed-core-10.1.40.jar:10.1.40]
	at org.apache.catalina.connector.CoyoteOutputStream.flush(CoyoteOutputStream.java:133) ~[tomcat-embed-core-10.1.40.jar:10.1.40]
	at org.springframework.web.context.request.async.StandardServletAsyncWebRequest$LifecycleServletOutputStream.flush(StandardServletAsyncWebRequest.java:415) ~[spring-web-6.2.6.jar:6.2.6]
	at java.base/java.io.FilterOutputStream.flush(FilterOutputStream.java:155) ~[?:?]
	at com.fasterxml.jackson.core.json.UTF8JsonGenerator.flush(UTF8JsonGenerator.java:1205) ~[jackson-core-2.18.3.jar:2.18.3]
	at com.fasterxml.jackson.databind.ObjectWriter.writeValue(ObjectWriter.java:1063) ~[jackson-databind-2.18.3.jar:2.18.3]
	at org.springframework.http.converter.json.AbstractJackson2HttpMessageConverter.writeInternal(AbstractJackson2HttpMessageConverter.java:486) ~[spring-web-6.2.6.jar:6.2.6]
	at org.springframework.http.converter.AbstractGenericHttpMessageConverter.writeInternal(AbstractGenericHttpMessageConverter.java:135) ~[spring-web-6.2.6.jar:6.2.6]
	at org.springframework.http.converter.AbstractHttpMessageConverter.write(AbstractHttpMessageConverter.java:235) ~[spring-web-6.2.6.jar:6.2.6]
	at org.springframework.web.servlet.mvc.method.annotation.ResponseBodyEmitterReturnValueHandler$DefaultSseEmitterHandler.sendInternal(ResponseBodyEmitterReturnValueHandler.java:310) ~[spring-webmvc-6.2.6.jar:6.2.6]
	at org.springframework.web.servlet.mvc.method.annotation.ResponseBodyEmitterReturnValueHandler$DefaultSseEmitterHandler.send(ResponseBodyEmitterReturnValueHandler.java:297) ~[spring-webmvc-6.2.6.jar:6.2.6]
	at org.springframework.web.servlet.mvc.method.annotation.ResponseBodyEmitter.sendInternal(ResponseBodyEmitter.java:226) ~[spring-webmvc-6.2.6.jar:6.2.6]
	at org.springframework.web.servlet.mvc.method.annotation.ResponseBodyEmitter.send(ResponseBodyEmitter.java:217) ~[spring-webmvc-6.2.6.jar:6.2.6]
	at org.springframework.web.servlet.mvc.method.annotation.SseEmitter.send(SseEmitter.java:135) ~[spring-webmvc-6.2.6.jar:6.2.6]
	at org.springframework.web.servlet.mvc.method.annotation.SseEmitter.send(SseEmitter.java:118) ~[spring-webmvc-6.2.6.jar:6.2.6]
	at org.springframework.web.servlet.mvc.method.annotation.ReactiveTypeHandler$SseEmitterSubscriber.send(ReactiveTypeHandler.java:440) ~[spring-webmvc-6.2.6.jar:6.2.6]
	at org.springframework.web.servlet.mvc.method.annotation.ReactiveTypeHandler$AbstractEmitterSubscriber.run(ReactiveTypeHandler.java:359) ~[spring-webmvc-6.2.6.jar:6.2.6]
	at io.micrometer.context.ContextSnapshot.lambda$wrap$0(ContextSnapshot.java:91) ~[context-propagation-1.1.3.jar:1.1.3]
	at java.base/java.lang.Thread.run(Thread.java:1583) [?:?]
